Channel_SYTO,ExecutionTime_01Images,ExecutionTime_02Metadata,ExecutionTime_03NamesAndTypes,ExecutionTime_04Groups,ExecutionTime_05MeasureImageQuality,FileName_SYTO,Frame_SYTO,Group_Index,Group_Number,Height_SYTO,ImageNumber,ImageQuality_Correlation_SYTO_1024,ImageQuality_FocusScore_SYTO,ImageQuality_LocalFocusScore_SYTO_1024,ImageQuality_PowerLogLogSlope_SYTO,ImageSet_ImageSet,MD5Digest_SYTO,Metadata_FileLocation,Metadata_Frame,Metadata_Seq,Metadata_Series,Metadata_Well,Metadata_ZPlane,Metadata_Zplane,ModuleError_01Images,ModuleError_02Metadata,ModuleError_03NamesAndTypes,ModuleError_04Groups,ModuleError_05MeasureImageQuality,PathName_SYTO,ProcessingStatus,Scaling_SYTO,Series_SYTO,URL_SYTO,Width_SYTO
-2,0.0,0.0,2.9300000000000015,0.0,0.7099999999999991,PointA03_0000_ChannelSYTO_Spheroid_Bounds_Seq0008.ome0000.tif,0,1,1,1024,1,0.0,0.0002532089051306629,0.0,-0.8891103826890263,b'eLuEO5CAG02JtC/mDIzBBR3hdGZgoZefmwpSq1eSmQYuwmAeAgYZyKGYJSSIAfaRnQ2iiAlKTaNSEQdyA9hmEA2OEiADHJ04CzeaFLUKoOgoLkhMTiXXNGAAIRfVULNt9JEFbSAFuK6RjT60KNdH9Q1QAIevQSneDgBc/BYd',5bfe9788cd36375cc6a07c469b605bf4,file:/share/data/cellprofiler/christa/20230905_190025_768/mod/PointA03_0000_ChannelSYTO_Spheroid_Bounds_Seq0008.ome0000.tif,0,0008,0,A03,nan,0000,0,0,0,0,0,/share/data/cellprofiler/christa/20230905_190025_768/mod,Done,65535,0,file:/share/data/cellprofiler/christa/20230905_190025_768/mod/PointA03_0000_ChannelSYTO_Spheroid_Bounds_Seq0008.ome0000.tif,1024
-2,0.0,0.0,0.9200000000000017,0.0,1.5400000000000027,PointA03_0000_ChannelSYTO_Spheroid_Bounds_Seq0008.ome0001.tif,0,2,1,1024,2,0.0,0.000318656061196107,0.0,-0.8843917509612007,b'eLuEO5CAG02JtC/mDIzBBR3hdGZgoZefmwqkDfVKMtPARRjMQ8AgAzkUs4QEMcA+srNBFDFBqWlUKuJAbgDbDKLBUQJkgKMTZ+FGk6JWARQdxQWJyankmgYMIOSiGmq2jT6yoA2kANc1stGHFuX6qL4BCuDwNSjF2wEAXrQWHg==',37b9eb938f7af2a7871ec7db532e219b,file:/share/data/cellprofiler/christa/20230905_190025_768/mod/PointA03_0000_ChannelSYTO_Spheroid_Bounds_Seq0008.ome0001.tif,0,0008,0,A03,nan,0001,0,0,0,0,0,/share/data/cellprofiler/christa/20230905_190025_768/mod,Done,65535,0,file:/share/data/cellprofiler/christa/20230905_190025_768/mod/PointA03_0000_ChannelSYTO_Spheroid_Bounds_Seq0008.ome0001.tif,1024
-2,0.0,0.0,0.5100000000000016,0.0,1.3500000000000014,PointA03_0000_ChannelSYTO_Spheroid_Bounds_Seq0008.ome0002.tif,0,3,1,1024,3,0.0,0.0003955836412878218,0.0,-0.8949368301796137,b'eLuEO5CAG02JtC/mDIzBBR3hdGZgoZefmwqkjfRKMtPARRjMQ8AgAzkUs4QEMcA+srNBFDFBqWlUKuJAbgDbDKLBUQJkgKMTZ+FGk6JWARQdxQWJyankmgYMIOSiGmq2jT6yoA2kANc1stGHFuX6qL4BCuDwNSjF2wEAYGwWHw==',109ce39fadc40706fc58a79c4fe6b60f,file:/share/data/cellprofiler/christa/20230905_190025_768/mod/PointA03_0000_ChannelSYTO_Spheroid_Bounds_Seq0008.ome0002.tif,0,0008,0,A03,nan,0002,0,0,0,0,0,/share/data/cellprofiler/christa/20230905_190025_768/mod,Done,65535,0,file:/share/data/cellprofiler/christa/20230905_190025_768/mod/PointA03_0000_ChannelSYTO_Spheroid_Bounds_Seq0008.ome0002.tif,1024
-2,0.0,0.0,0.620000000000001,0.0,2.0599999999999987,PointA03_0000_ChannelSYTO_Spheroid_Bounds_Seq0008.ome0003.tif,0,4,1,1024,4,0.0,0.0005098263384741802,0.0,-0.8983467211759373,b'eLuEO5CAG02JtC/mDIzBBR3hdGZgoZefmwqkjfVKMtPARRjMQ8AgAzkUs4QEMcA+srNBFDFBqWlUKuJAbgDbDKLBUQJkgKMTZ+FGk6JWARQdxQWJyankmgYMIOSiGmq2jT6yoA2kANc1stGHFuX6qL4BCuDwNSjF2wEAYiQWIA==',f191a4ed062ef16fc22a229ab5fd06d5,file:/share/data/cellprofiler/christa/20230905_190025_768/mod/PointA03_0000_ChannelSYTO_Spheroid_Bounds_Seq0008.ome0003.tif,0,0008,0,A03,nan,0003,0,0,0,0,0,/share/data/cellprofiler/christa/20230905_190025_768/mod,Done,65535,0,file:/share/data/cellprofiler/christa/20230905_190025_768/mod/PointA03_0000_ChannelSYTO_Spheroid_Bounds_Seq0008.ome0003.tif,1024
-2,0.0,0.0,0.7899999999999991,0.0,1.8200000000000038,PointA03_0000_ChannelSYTO_Spheroid_Bounds_Seq0008.ome0004.tif,0,5,1,1024,5,0.0,0.000659024372555962,0.0,-0.9181235185687371,b'eLuEO5CAG02JtC/mDIzBBR3hdGZgoZefmwqkTfRKMtPARRjMQ8AgAzkUs4QEMcA+srNBFDFBqWlUKuJAbgDbDKLBUQJkgKMTZ+FGk6JWARQdxQWJyankmgYMIOSiGmq2jT6yoA2kANc1stGHFuX6qL4BCuDwNSjF2wEAY9wWIQ==',af27ac2bdf14b3c9445f39a33efc9cc2,file:/share/data/cellprofiler/christa/20230905_190025_768/mod/PointA03_0000_ChannelSYTO_Spheroid_Bounds_Seq0008.ome0004.tif,0,0008,0,A03,nan,0004,0,0,0,0,0,/share/data/cellprofiler/christa/20230905_190025_768/mod,Done,65535,0,file:/share/data/cellprofiler/christa/20230905_190025_768/mod/PointA03_0000_ChannelSYTO_Spheroid_Bounds_Seq0008.ome0004.tif,1024
-2,0.0,0.0,0.730000000000004,0.0,0.9399999999999977,PointA03_0000_ChannelSYTO_Spheroid_Bounds_Seq0008.ome0005.tif,0,6,1,1024,6,0.0,0.0008441688181131219,0.0,-0.9242060387276477,b'eLuEO5CAG02JtC/mDIzBBR3hdGZgoZefmwqkTfVKMtPARRjMQ8AgAzkUs4QEMcA+srNBFDFBqWlUKuJAbgDbDKLBUQJkgKMTZ+FGk6JWARQdxQWJyankmgYMIOSiGmq2jT6yoA2kANc1stGHFuX6qL4BCuDwNSjF2wEAZZQWIg==',00276dafb1312e0da27c9937843bb0f1,file:/share/data/cellprofiler/christa/20230905_190025_768/mod/PointA03_0000_ChannelSYTO_Spheroid_Bounds_Seq0008.ome0005.tif,0,0008,0,A03,nan,0005,0,0,0,0,0,/share/data/cellprofiler/christa/20230905_190025_768/mod,Done,65535,0,file:/share/data/cellprofiler/christa/20230905_190025_768/mod/PointA03_0000_ChannelSYTO_Spheroid_Bounds_Seq0008.ome0005.tif,1024
-2,0.0,0.0,0.379999999999999,0.0,0.8100000000000023,PointA03_0000_ChannelSYTO_Spheroid_Bounds_Seq0008.ome0006.tif,0,7,1,1024,7,0.0,0.0010859931634410016,0.0,-0.9941863949828686,b'eLuEO5CAG02JtC/mDIzBBR3hdGZgoZefmwqkzfRKMtPARRjMQ8AgAzkUs4QEMcA+srNBFDFBqWlUKuJAbgDbDKLBUQJkgKMTZ+FGk6JWARQdxQWJyankmgYMIOSiGmq2jT6yoA2kANc1stGHFuX6qL4BCuDwNSjF2wEAZ0wWIw==',5c5c7fa07a8e17a4a0e9e1e7765fef3b,file:/share/data/cellprofiler/christa/20230905_190025_768/mod/PointA03_0000_ChannelSYTO_Spheroid_Bounds_Seq0008.ome0006.tif,0,0008,0,A03,nan,0006,0,0,0,0,0,/share/data/cellprofiler/christa/20230905_190025_768/mod,Done,65535,0,file:/share/data/cellprofiler/christa/20230905_190025_768/mod/PointA03_0000_ChannelSYTO_Spheroid_Bounds_Seq0008.ome0006.tif,1024
-2,0.0,0.0,0.4800000000000004,0.0,0.6600000000000001,PointA03_0000_ChannelSYTO_Spheroid_Bounds_Seq0008.ome0007.tif,0,8,1,1024,8,0.0,0.0014443339672382588,0.0,-1.1039073875445728,b'eLuEO5CAG02JtC/mDIzBBR3hdGZgoZefmwqkzfVKMtPARRjMQ8AgAzkUs4QEMcA+srNBFDFBqWlUKuJAbgDbDKLBUQJkgKMTZ+FGk6JWARQdxQWJyankmgYMIOSiGmq2jT6yoA2kANc1stGHFuX6qL4BCuDwNSjF2wEAaQQWJA==',25264d419342400ade2a3856ba6bdfd9,file:/share/data/cellprofiler/christa/20230905_190025_768/mod/PointA03_0000_ChannelSYTO_Spheroid_Bounds_Seq0008.ome0007.tif,0,0008,0,A03,nan,0007,0,0,0,0,0,/share/data/cellprofiler/christa/20230905_190025_768/mod,Done,65535,0,file:/share/data/cellprofiler/christa/20230905_190025_768/mod/PointA03_0000_ChannelSYTO_Spheroid_Bounds_Seq0008.ome0007.tif,1024
-2,0.0,0.0,0.33999999999999986,0.0,0.6499999999999986,PointA03_0000_ChannelSYTO_Spheroid_Bounds_Seq0008.ome0008.tif,0,9,1,1024,9,0.0,0.0018782794608605325,0.0,-1.3148379555729814,b'eLuEO5CAG02JtC/mDIzBBR3hdGZgoZefmwqmSzLTwEUYzEPAIAM5FLOEBDHAPrKzQRQxQalpVCriQG4A2wyiwVECZICjE2fhRpOiVgEUHcUFicmp5JoGDCDkohpqto0+sqANpADXNbLRhxbl+qi+AQrg8DUoxdsBAGq8FiU=',d1fc7724a54d3003022043fb59fc3b2e,file:/share/data/cellprofiler/christa/20230905_190025_768/mod/PointA03_0000_ChannelSYTO_Spheroid_Bounds_Seq0008.ome0008.tif,0,0008,0,A03,nan,0008,0,0,0,0,0,/share/data/cellprofiler/christa/20230905_190025_768/mod,Done,65535,0,file:/share/data/cellprofiler/christa/20230905_190025_768/mod/PointA03_0000_ChannelSYTO_Spheroid_Bounds_Seq0008.ome0008.tif,1024
-2,0.0,0.0,0.25,0.0,0.7000000000000028,PointA03_0000_ChannelSYTO_Spheroid_Bounds_Seq0008.ome0009.tif,0,10,1,1024,10,0.0,0.002518287515246619,0.0,-1.8118574701222274,b'eLuEO5CAG02JtC/mDIzBBR3hdGZgoZefmwqkLfVKMtPARRjMQ8AgAzkUs4QEMcA+srNBFDFBqWlUKuJAbgDbDKLBUQJkgKMTZ+FGk6JWARQdxQWJyankmgYMIOSiGmq2jT6yoA2kANc1stGHFuX6qL4BCuDwNSjF2wEAbHQWJg==',25239f18726add06b6d9e2575eb5d994,file:/share/data/cellprofiler/christa/20230905_190025_768/mod/PointA03_0000_ChannelSYTO_Spheroid_Bounds_Seq0008.ome0009.tif,0,0008,0,A03,nan,0009,0,0,0,0,0,/share/data/cellprofiler/christa/20230905_190025_768/mod,Done,65535,0,file:/share/data/cellprofiler/christa/20230905_190025_768/mod/PointA03_0000_ChannelSYTO_Spheroid_Bounds_Seq0008.ome0009.tif,1024
-2,0.0,0.0,0.38000000000000256,0.0,0.7700000000000031,PointA03_0000_ChannelSYTO_Spheroid_Bounds_Seq0008.ome0010.tif,0,11,1,1024,11,0.0,0.0033697259790090024,0.0,-1.1626985511997578,b'eLuEO5CAG02JtC/mDIzBBR3hdGZgoZefmwpMlAZ6JZlp4CIM5iFgkIEcillCghhgH9nZIIqYoNQ0KhVxIDeAbQbR4CgBMsDRibNwo0lRqwCKjuKCxORUck0DBhByUQ0120YfWdAGUoDrGtnoQ4tyfVTfAAVw+BqU4u0AXrUWHg==',c6257409ddbb76b414be91b7760a1b2f,file:/share/data/cellprofiler/christa/20230905_190025_768/mod/PointA03_0000_ChannelSYTO_Spheroid_Bounds_Seq0008.ome0010.tif,0,0008,0,A03,nan,0010,0,0,0,0,0,/share/data/cellprofiler/christa/20230905_190025_768/mod,Done,65535,0,file:/share/data/cellprofiler/christa/20230905_190025_768/mod/PointA03_0000_ChannelSYTO_Spheroid_Bounds_Seq0008.ome0010.tif,1024
-2,0.0,0.0,0.3200000000000003,0.0,0.7899999999999991,PointA03_0000_ChannelSYTO_Spheroid_Bounds_Seq0008.ome0011.tif,0,12,1,1024,12,0.0,0.004290274719843764,0.0,-2.0294901512708785,b'eLuEO5CAG02JtC/mDIzBBR3hdGZgoZefmwpMlIZ6JZlp4CIM5iFgkIEcillCghhgH9nZIIqYoNQ0KhVxIDeAbQbR4CgBMsDRibNwo0lRqwCKjuKCxORUck0DBhByUQ0120YfWdAGUoDrGtnoQ4tyfVTfAAVw+BqU4u0AYG0WHw==',ab37fa29caf15d137a2da207778854b5,file:/share/data/cellprofiler/christa/20230905_190025_768/mod/PointA03_0000_ChannelSYTO_Spheroid_Bounds_Seq0008.ome0011.tif,0,0008,0,A03,nan,0011,0,0,0,0,0,/share/data/cellprofiler/christa/20230905_190025_768/mod,Done,65535,0,file:/share/data/cellprofiler/christa/20230905_190025_768/mod/PointA03_0000_ChannelSYTO_Spheroid_Bounds_Seq0008.ome0011.tif,1024
-2,0.0,0.0,0.2500000000000071,0.0,0.6499999999999986,PointA03_0000_ChannelSYTO_Spheroid_Bounds_Seq0008.ome0012.tif,0,13,1,1024,13,0.0,0.00549136880228773,0.0,-1.828868755270464,b'eLuEO5CAG02JtC/mDIzBBR3hdGZgoZefmwpMlEZ6JZlp4CIM5iFgkIEcillCghhgH9nZIIqYoNQ0KhVxIDeAbQbR4CgBMsDRibNwo0lRqwCKjuKCxORUck0DBhByUQ0120YfWdAGUoDrGtnoQ4tyfVTfAAVw+BqU4u0AYiUWIA==',c3aac752a770730f27af71d356d774da,file:/share/data/cellprofiler/christa/20230905_190025_768/mod/PointA03_0000_ChannelSYTO_Spheroid_Bounds_Seq0008.ome0012.tif,0,0008,0,A03,nan,0012,0,0,0,0,0,/share/data/cellprofiler/christa/20230905_190025_768/mod,Done,65535,0,file:/share/data/cellprofiler/christa/20230905_190025_768/mod/PointA03_0000_ChannelSYTO_Spheroid_Bounds_Seq0008.ome0012.tif,1024
-2,0.0,0.0,0.25,0.0,0.6799999999999997,PointA03_0000_ChannelSYTO_Spheroid_Bounds_Seq0008.ome0013.tif,0,14,1,1024,14,0.0,0.006854460049985666,0.0,-1.6698815023802327,b'eLuEO5CAG02JtC/mDIzBBR3hdGZgoZefmwpMlMZ6JZlp4CIM5iFgkIEcillCghhgH9nZIIqYoNQ0KhVxIDeAbQbR4CgBMsDRibNwo0lRqwCKjuKCxORUck0DBhByUQ0120YfWdAGUoDrGtnoQ4tyfVTfAAVw+BqU4u0AY90WIQ==',41cc0d5376de42c502f37139b9152cae,file:/share/data/cellprofiler/christa/20230905_190025_768/mod/PointA03_0000_ChannelSYTO_Spheroid_Bounds_Seq0008.ome0013.tif,0,0008,0,A03,nan,0013,0,0,0,0,0,/share/data/cellprofiler/christa/20230905_190025_768/mod,Done,65535,0,file:/share/data/cellprofiler/christa/20230905_190025_768/mod/PointA03_0000_ChannelSYTO_Spheroid_Bounds_Seq0008.ome0013.tif,1024
-2,0.0,0.0,0.30000000000000426,0.0,0.6600000000000037,PointA03_0000_ChannelSYTO_Spheroid_Bounds_Seq0008.ome0014.tif,0,15,1,1024,15,0.0,0.008557329379347786,0.0,-2.0817746280624143,b'eLuEO5CAG02JtC/mDIzBBR3hdGZgoZefmwpKlHolmWngIgzmIWCQgRyKWUKCGGAf2dkgipig1DQqFXEgN4BtBtHgKAEywNGJs3CjSVGrAIqO4oLE5FRyTQMGEHJRDTXbRh9Z0AZSgOsa2ehDi3J9VN8ABXD4GpTi7QBllRYi',5226e2ab02345d0379a14f6ae2c179b6,file:/share/data/cellprofiler/christa/20230905_190025_768/mod/PointA03_0000_ChannelSYTO_Spheroid_Bounds_Seq0008.ome0014.tif,0,0008,0,A03,nan,0014,0,0,0,0,0,/share/data/cellprofiler/christa/20230905_190025_768/mod,Done,65535,0,file:/share/data/cellprofiler/christa/20230905_190025_768/mod/PointA03_0000_ChannelSYTO_Spheroid_Bounds_Seq0008.ome0014.tif,1024
-2,0.0,0.0,0.30000000000000426,0.0,0.8299999999999983,PointA03_0000_ChannelSYTO_Spheroid_Bounds_Seq0008.ome0015.tif,0,16,1,1024,16,0.0,0.01032554045107278,0.0,-2.3531984311385417,b'eLuEO5CAG02JtC/mDIzBBR3hdGZgoZefmwpMlKZ6JZlp4CIM5iFgkIEcillCghhgH9nZIIqYoNQ0KhVxIDeAbQbR4CgBMsDRibNwo0lRqwCKjuKCxORUck0DBhByUQ0120YfWdAGUoDrGtnoQ4tyfVTfAAVw+BqU4u0AZ00WIw==',7a25f4d9a04cd1d0fe1a3f432be352c8,file:/share/data/cellprofiler/christa/20230905_190025_768/mod/PointA03_0000_ChannelSYTO_Spheroid_Bounds_Seq0008.ome0015.tif,0,0008,0,A03,nan,0015,0,0,0,0,0,/share/data/cellprofiler/christa/20230905_190025_768/mod,Done,65535,0,file:/share/data/cellprofiler/christa/20230905_190025_768/mod/PointA03_0000_ChannelSYTO_Spheroid_Bounds_Seq0008.ome0015.tif,1024
-2,0.0,0.0,0.27999999999999403,0.0,0.8900000000000006,PointA03_0000_ChannelSYTO_Spheroid_Bounds_Seq0008.ome0016.tif,0,17,1,1024,17,0.0,0.011680187812268946,0.0,-2.439585021692375,b'eLuEO5CAG02JtC/mDIzBBR3hdGZgoZefmwpMlGZ6JZlp4CIM5iFgkIEcillCghhgH9nZIIqYoNQ0KhVxIDeAbQbR4CgBMsDRibNwo0lRqwCKjuKCxORUck0DBhByUQ0120YfWdAGUoDrGtnoQ4tyfVTfAAVw+BqU4u0AaQUWJA==',7c4f8bf8c3199c1711c6710a53713af7,file:/share/data/cellprofiler/christa/20230905_190025_768/mod/PointA03_0000_ChannelSYTO_Spheroid_Bounds_Seq0008.ome0016.tif,0,0008,0,A03,nan,0016,0,0,0,0,0,/share/data/cellprofiler/christa/20230905_190025_768/mod,Done,65535,0,file:/share/data/cellprofiler/christa/20230905_190025_768/mod/PointA03_0000_ChannelSYTO_Spheroid_Bounds_Seq0008.ome0016.tif,1024
-2,0.0,0.0,0.28999999999999204,0.0,0.7800000000000011,PointA03_0000_ChannelSYTO_Spheroid_Bounds_Seq0008.ome0017.tif,0,18,1,1024,18,0.0,0.012558507960047028,0.0,-2.4320428645493797,b'eLuEO5CAG02JtC/mDIzBBR3hdGZgoZefmwpMlOZ6JZlp4CIM5iFgkIEcillCghhgH9nZIIqYoNQ0KhVxIDeAbQbR4CgBMsDRibNwo0lRqwCKjuKCxORUck0DBhByUQ0120YfWdAGUoDrGtnoQ4tyfVTfAAVw+BqU4u0Aar0WJQ==',f7a31cf9bebbbde73db8ae2c9008bd65,file:/share/data/cellprofiler/christa/20230905_190025_768/mod/PointA03_0000_ChannelSYTO_Spheroid_Bounds_Seq0008.ome0017.tif,0,0008,0,A03,nan,0017,0,0,0,0,0,/share/data/cellprofiler/christa/20230905_190025_768/mod,Done,65535,0,file:/share/data/cellprofiler/christa/20230905_190025_768/mod/PointA03_0000_ChannelSYTO_Spheroid_Bounds_Seq0008.ome0017.tif,1024
-2,0.0,0.0,0.39000000000000057,0.0,0.990000000000002,PointA03_0000_ChannelSYTO_Spheroid_Bounds_Seq0008.ome0018.tif,0,19,1,1024,19,0.0,0.012769515474281519,0.0,-2.2778324494860516,b'eLuEO5CAG02JtC/mDIzBBR3hdGZgoZefmwpMlBZ6JZlp4CIM5iFgkIEcillCghhgH9nZIIqYoNQ0KhVxIDeAbQbR4CgBMsDRibNwo0lRqwCKjuKCxORUck0DBhByUQ0120YfWdAGUoDrGtnoQ4tyfVTfAAVw+BqU4u0AbHUWJg==',9f45372b2499d84c8a87431a85fcd9b1,file:/share/data/cellprofiler/christa/20230905_190025_768/mod/PointA03_0000_ChannelSYTO_Spheroid_Bounds_Seq0008.ome0018.tif,0,0008,0,A03,nan,0018,0,0,0,0,0,/share/data/cellprofiler/christa/20230905_190025_768/mod,Done,65535,0,file:/share/data/cellprofiler/christa/20230905_190025_768/mod/PointA03_0000_ChannelSYTO_Spheroid_Bounds_Seq0008.ome0018.tif,1024
-2,0.0,0.0,0.30000000000000426,0.0,1.0300000000000011,PointA03_0000_ChannelSYTO_Spheroid_Bounds_Seq0008.ome0019.tif,0,20,1,1024,20,0.0,0.012578478007018985,0.0,-1.840932458401141,b'eLuEO5CAG02JtC/mDIzBBR3hdGZgoZefmwpMlJZ6JZlp4CIM5iFgkIEcillCghhgH9nZIIqYoNQ0KhVxIDeAbQbR4CgBMsDRibNwo0lRqwCKjuKCxORUck0DBhByUQ0120YfWdAGUoDrGtnoQ4tyfVTfAAVw+BqU4u0Abi0WJw==',f41f86cf1365091d2d40686c55e3906f,file:/share/data/cellprofiler/christa/20230905_190025_768/mod/PointA03_0000_ChannelSYTO_Spheroid_Bounds_Seq0008.ome0019.tif,0,0008,0,A03,nan,0019,0,0,0,0,0,/share/data/cellprofiler/christa/20230905_190025_768/mod,Done,65535,0,file:/share/data/cellprofiler/christa/20230905_190025_768/mod/PointA03_0000_ChannelSYTO_Spheroid_Bounds_Seq0008.ome0019.tif,1024
-2,0.0,0.0,0.3199999999999932,0.0,0.75,PointA03_0000_ChannelSYTO_Spheroid_Bounds_Seq0008.ome0020.tif,0,21,1,1024,21,0.0,0.011926466682290447,0.0,-1.417272146158856,b'eLuEO5CAG02JtC/mDIzBBR3hdGZgoZefmwo0wUCvJDMNXITBPAQMMpBDMUtIEAPsIzsbRBETlJpGpSIO5AawzSAaHCVABjg6cRZuNClqFUDRUVyQmJxKrmnAAEIuqqFm2+gjC9pACnBdIxt9aFGuj+oboAAOX4NSvB0AYG4WHw==',456c2dcff890c6b60ea2be2866566bb9,file:/share/data/cellprofiler/christa/20230905_190025_768/mod/PointA03_0000_ChannelSYTO_Spheroid_Bounds_Seq0008.ome0020.tif,0,0008,0,A03,nan,0020,0,0,0,0,0,/share/data/cellprofiler/christa/20230905_190025_768/mod,Done,65535,0,file:/share/data/cellprofiler/christa/20230905_190025_768/mod/PointA03_0000_ChannelSYTO_Spheroid_Bounds_Seq0008.ome0020.tif,1024
-2,0.0,0.0,0.23999999999999488,0.0,0.8799999999999955,PointA03_0000_ChannelSYTO_Spheroid_Bounds_Seq0008.ome0021.tif,0,22,1,1024,22,0.0,0.01115478348016542,0.0,-1.1055816424333686,b'eLuEO5CAG02JtC/mDIzBBR3hdGZgoZefmwo0wVCvJDMNXITBPAQMMpBDMUtIEAPsIzsbRBETlJpGpSIO5AawzSAaHCVABjg6cRZuNClqFUDRUVyQmJxKrmnAAEIuqqFm2+gjC9pACnBdIxt9aFGuj+oboAAOX4NSvB0AYiYWIA==',77c24850bd9f6cc2eea872ce68934b56,file:/share/data/cellprofiler/christa/20230905_190025_768/mod/PointA03_0000_ChannelSYTO_Spheroid_Bounds_Seq0008.ome0021.tif,0,0008,0,A03,nan,0021,0,0,0,0,0,/share/data/cellprofiler/christa/20230905_190025_768/mod,Done,65535,0,file:/share/data/cellprofiler/christa/20230905_190025_768/mod/PointA03_0000_ChannelSYTO_Spheroid_Bounds_Seq0008.ome0021.tif,1024
-2,0.0,0.0,0.4299999999999926,0.0,0.769999999999996,PointA03_0000_ChannelSYTO_Spheroid_Bounds_Seq0008.ome0022.tif,0,23,1,1024,23,0.0,0.009881229887677319,0.0,-0.8568976143604504,b'eLuEO5CAG02JtC/mDIzBBR3hdGZgoZefmwo0wUivJDMNXITBPAQMMpBDMUtIEAPsIzsbRBETlJpGpSIO5AawzSAaHCVABjg6cRZuNClqFUDRUVyQmJxKrmnAAEIuqqFm2+gjC9pACnBdIxt9aFGuj+oboAAOX4NSvB0AY94WIQ==',fb23fc72a9aef6b297e39392d18de5fa,file:/share/data/cellprofiler/christa/20230905_190025_768/mod/PointA03_0000_ChannelSYTO_Spheroid_Bounds_Seq0008.ome0022.tif,0,0008,0,A03,nan,0022,0,0,0,0,0,/share/data/cellprofiler/christa/20230905_190025_768/mod,Done,65535,0,file:/share/data/cellprofiler/christa/20230905_190025_768/mod/PointA03_0000_ChannelSYTO_Spheroid_Bounds_Seq0008.ome0022.tif,1024
-2,0.0,0.0,0.39000000000000057,0.0,0.7800000000000011,PointA03_0000_ChannelSYTO_Spheroid_Bounds_Seq0008.ome0023.tif,0,24,1,1024,24,0.0,0.008769588251693525,0.0,-0.780666713959061,b'eLuEO5CAG02JtC/mDIzBBR3hdGZgoZefmwo0wVivJDMNXITBPAQMMpBDMUtIEAPsIzsbRBETlJpGpSIO5AawzSAaHCVABjg6cRZuNClqFUDRUVyQmJxKrmnAAEIuqqFm2+gjC9pACnBdIxt9aFGuj+oboAAOX4NSvB0AZZYWIg==',18cae3250d7125521aafee2e6708a99a,file:/share/data/cellprofiler/christa/20230905_190025_768/mod/PointA03_0000_ChannelSYTO_Spheroid_Bounds_Seq0008.ome0023.tif,0,0008,0,A03,nan,0023,0,0,0,0,0,/share/data/cellprofiler/christa/20230905_190025_768/mod,Done,65535,0,file:/share/data/cellprofiler/christa/20230905_190025_768/mod/PointA03_0000_ChannelSYTO_Spheroid_Bounds_Seq0008.ome0023.tif,1024
-2,0.0,0.0,0.28000000000000824,0.0,0.769999999999996,PointA03_0000_ChannelSYTO_Spheroid_Bounds_Seq0008.ome0024.tif,0,25,1,1024,25,0.0,0.007387125953714778,0.0,-0.8212130511469238,b'eLuEO5CAG02JtC/mDIzBBR3hdGZgoZefmwo0wUSvJDMNXITBPAQMMpBDMUtIEAPsIzsbRBETlJpGpSIO5AawzSAaHCVABjg6cRZuNClqFUDRUVyQmJxKrmnAAEIuqqFm2+gjC9pACnBdIxt9aFGuj+oboAAOX4NSvB0AZ04WIw==',465bdea9ba51d26da12a01913fd71262,file:/share/data/cellprofiler/christa/20230905_190025_768/mod/PointA03_0000_ChannelSYTO_Spheroid_Bounds_Seq0008.ome0024.tif,0,0008,0,A03,nan,0024,0,0,0,0,0,/share/data/cellprofiler/christa/20230905_190025_768/mod,Done,65535,0,file:/share/data/cellprofiler/christa/20230905_190025_768/mod/PointA03_0000_ChannelSYTO_Spheroid_Bounds_Seq0008.ome0024.tif,1024
-2,0.0,0.0,0.3200000000000003,0.0,0.6899999999999977,PointA03_0000_ChannelSYTO_Spheroid_Bounds_Seq0008.ome0025.tif,0,26,1,1024,26,0.0,0.006167729993033075,0.0,-0.8705550361091159,b'eLuEO5CAG02JtC/mDIzBBR3hdGZgoZefmwoyQa8kMw1chME8BAwykEMxS0gQA+wjOxtEEROUmkalIg7kBrDNIBocJUAGODpxFm40KWoVQNFRXJCYnEquacAAQi6qoWbb6CML2kAKcF0jG31oUa6P6hugAA5fg1K8HQBpBhYk',05caaf65530b7be62057aa3a1550e3d4,file:/share/data/cellprofiler/christa/20230905_190025_768/mod/PointA03_0000_ChannelSYTO_Spheroid_Bounds_Seq0008.ome0025.tif,0,0008,0,A03,nan,0025,0,0,0,0,0,/share/data/cellprofiler/christa/20230905_190025_768/mod,Done,65535,0,file:/share/data/cellprofiler/christa/20230905_190025_768/mod/PointA03_0000_ChannelSYTO_Spheroid_Bounds_Seq0008.ome0025.tif,1024
-2,0.0,0.0,0.3999999999999915,0.0,1.2800000000000011,PointA03_0000_ChannelSYTO_Spheroid_Bounds_Seq0008.ome0026.tif,0,27,1,1024,27,0.0,0.0049927087607026955,0.0,-0.9175048441857714,b'eLuEO5CAG02JtC/mDIzBBR3hdGZgoZefmwo0wUyvJDMNXITBPAQMMpBDMUtIEAPsIzsbRBETlJpGpSIO5AawzSAaHCVABjg6cRZuNClqFUDRUVyQmJxKrmnAAEIuqqFm2+gjC9pACnBdIxt9aFGuj+oboAAOX4NSvB0Aar4WJQ==',5e9371424528df4e24c8a68e0119a973,file:/share/data/cellprofiler/christa/20230905_190025_768/mod/PointA03_0000_ChannelSYTO_Spheroid_Bounds_Seq0008.ome0026.tif,0,0008,0,A03,nan,0026,0,0,0,0,0,/share/data/cellprofiler/christa/20230905_190025_768/mod,Done,65535,0,file:/share/data/cellprofiler/christa/20230905_190025_768/mod/PointA03_0000_ChannelSYTO_Spheroid_Bounds_Seq0008.ome0026.tif,1024
-2,0.0,0.0,0.39000000000000057,0.0,0.6499999999999986,PointA03_0000_ChannelSYTO_Spheroid_Bounds_Seq0008.ome0027.tif,0,28,1,1024,28,0.0,0.003985991983165714,0.0,-0.9382624561786377,b'eLuEO5CAG02JtC/mDIzBBR3hdGZgoZefmwo0wVyvJDMNXITBPAQMMpBDMUtIEAPsIzsbRBETlJpGpSIO5AawzSAaHCVABjg6cRZuNClqFUDRUVyQmJxKrmnAAEIuqqFm2+gjC9pACnBdIxt9aFGuj+oboAAOX4NSvB0AbHYWJg==',5ade4292dfad2be5bff62dd15374f416,file:/share/data/cellprofiler/christa/20230905_190025_768/mod/PointA03_0000_ChannelSYTO_Spheroid_Bounds_Seq0008.ome0027.tif,0,0008,0,A03,nan,0027,0,0,0,0,0,/share/data/cellprofiler/christa/20230905_190025_768/mod,Done,65535,0,file:/share/data/cellprofiler/christa/20230905_190025_768/mod/PointA03_0000_ChannelSYTO_Spheroid_Bounds_Seq0008.ome0027.tif,1024
-2,0.0,0.0,0.20999999999999375,0.0,0.6799999999999997,PointA03_0000_ChannelSYTO_Spheroid_Bounds_Seq0008.ome0028.tif,0,29,1,1024,29,0.0,0.003083773692810285,0.0,-0.9203293744971549,b'eLuEO5CAG02JtC/mDIzBBR3hdGZgoZefmwo0wUKvJDMNXITBPAQMMpBDMUtIEAPsIzsbRBETlJpGpSIO5AawzSAaHCVABjg6cRZuNClqFUDRUVyQmJxKrmnAAEIuqqFm2+gjC9pACnBdIxt9aFGuj+oboAAOX4NSvB0Abi4WJw==',d5a34b8caa4cebf1f8adb50f1e563d48,file:/share/data/cellprofiler/christa/20230905_190025_768/mod/PointA03_0000_ChannelSYTO_Spheroid_Bounds_Seq0008.ome0028.tif,0,0008,0,A03,nan,0028,0,0,0,0,0,/share/data/cellprofiler/christa/20230905_190025_768/mod,Done,65535,0,file:/share/data/cellprofiler/christa/20230905_190025_768/mod/PointA03_0000_ChannelSYTO_Spheroid_Bounds_Seq0008.ome0028.tif,1024
-2,0.0,0.0,2.8499999999999996,0.0,0.8200000000000003,PointA03_0000_ChannelSYTO_Spheroid_Bounds_Seq0009.ome0000.tif,0,1,2,1024,30,0.0,0.0002532089051306629,0.0,-0.8891103826890263,b'eLuEO5CAG02JtC/mDIzBBR3hdGZgqZefmwpSq1eSmQYuwmAeAgYZyKGYJSSIAfaRnQ2iiAlKTaNSEQdyA9hmEA2OEiADHJ04CzeaFLUKoOgoLkhMTiXXNGAAIRfVULNt9JEFbSAFuK6RjT60KNdH9Q1QAIevQSneDgBevBYe',5bfe9788cd36375cc6a07c469b605bf4,file:/share/data/cellprofiler/christa/20230905_190025_768/mod/PointA03_0000_ChannelSYTO_Spheroid_Bounds_Seq0009.ome0000.tif,0,0009,0,A03,nan,0000,0,0,0,0,0,/share/data/cellprofiler/christa/20230905_190025_768/mod,Done,65535,0,file:/share/data/cellprofiler/christa/20230905_190025_768/mod/PointA03_0000_ChannelSYTO_Spheroid_Bounds_Seq0009.ome0000.tif,1024
-2,0.0,0.0,0.9999999999999982,0.0,1.910000000000002,PointA03_0000_ChannelSYTO_Spheroid_Bounds_Seq0009.ome0001.tif,0,2,2,1024,31,0.0,0.000318656061196107,0.0,-0.8843917509612007,b'eLuEO5CAG02JtC/mDIzBBR3hdGZgqZefmwqkDfVKMtPARRjMQ8AgAzkUs4QEMcA+srNBFDFBqWlUKuJAbgDbDKLBUQJkgKMTZ+FGk6JWARQdxQWJyankmgYMIOSiGmq2jT6yoA2kANc1stGHFuX6qL4BCuDwNSjF2wEAYHQWHw==',37b9eb938f7af2a7871ec7db532e219b,file:/share/data/cellprofiler/christa/20230905_190025_768/mod/PointA03_0000_ChannelSYTO_Spheroid_Bounds_Seq0009.ome0001.tif,0,0009,0,A03,nan,0001,0,0,0,0,0,/share/data/cellprofiler/christa/20230905_190025_768/mod,Done,65535,0,file:/share/data/cellprofiler/christa/20230905_190025_768/mod/PointA03_0000_ChannelSYTO_Spheroid_Bounds_Seq0009.ome0001.tif,1024
-2,0.0,0.0,0.5899999999999999,0.0,1.1999999999999993,PointA03_0000_ChannelSYTO_Spheroid_Bounds_Seq0009.ome0002.tif,0,3,2,1024,32,0.0,0.0003955836412878218,0.0,-0.8949368301796137,b'eLuEO5CAG02JtC/mDIzBBR3hdGZgqZefmwqkjfRKMtPARRjMQ8AgAzkUs4QEMcA+srNBFDFBqWlUKuJAbgDbDKLBUQJkgKMTZ+FGk6JWARQdxQWJyankmgYMIOSiGmq2jT6yoA2kANc1stGHFuX6qL4BCuDwNSjF2wEAYiwWIA==',109ce39fadc40706fc58a79c4fe6b60f,file:/share/data/cellprofiler/christa/20230905_190025_768/mod/PointA03_0000_ChannelSYTO_Spheroid_Bounds_Seq0009.ome0002.tif,0,0009,0,A03,nan,0002,0,0,0,0,0,/share/data/cellprofiler/christa/20230905_190025_768/mod,Done,65535,0,file:/share/data/cellprofiler/christa/20230905_190025_768/mod/PointA03_0000_ChannelSYTO_Spheroid_Bounds_Seq0009.ome0002.tif,1024
-2,0.0,0.0,0.8800000000000026,0.0,1.7699999999999996,PointA03_0000_ChannelSYTO_Spheroid_Bounds_Seq0009.ome0003.tif,0,4,2,1024,33,0.0,0.0005098263384741802,0.0,-0.8983467211759373,b'eLuEO5CAG02JtC/mDIzBBR3hdGZgqZefmwqkjfVKMtPARRjMQ8AgAzkUs4QEMcA+srNBFDFBqWlUKuJAbgDbDKLBUQJkgKMTZ+FGk6JWARQdxQWJyankmgYMIOSiGmq2jT6yoA2kANc1stGHFuX6qL4BCuDwNSjF2wEAY+QWIQ==',f191a4ed062ef16fc22a229ab5fd06d5,file:/share/data/cellprofiler/christa/20230905_190025_768/mod/PointA03_0000_ChannelSYTO_Spheroid_Bounds_Seq0009.ome0003.tif,0,0009,0,A03,nan,0003,0,0,0,0,0,/share/data/cellprofiler/christa/20230905_190025_768/mod,Done,65535,0,file:/share/data/cellprofiler/christa/20230905_190025_768/mod/PointA03_0000_ChannelSYTO_Spheroid_Bounds_Seq0009.ome0003.tif,1024
-2,0.0,0.0,0.8300000000000018,0.0,1.8599999999999994,PointA03_0000_ChannelSYTO_Spheroid_Bounds_Seq0009.ome0004.tif,0,5,2,1024,34,0.0,0.000659024372555962,0.0,-0.9181235185687371,b'eLuEO5CAG02JtC/mDIzBBR3hdGZgqZefmwqkTfRKMtPARRjMQ8AgAzkUs4QEMcA+srNBFDFBqWlUKuJAbgDbDKLBUQJkgKMTZ+FGk6JWARQdxQWJyankmgYMIOSiGmq2jT6yoA2kANc1stGHFuX6qL4BCuDwNSjF2wEAZZwWIg==',af27ac2bdf14b3c9445f39a33efc9cc2,file:/share/data/cellprofiler/christa/20230905_190025_768/mod/PointA03_0000_ChannelSYTO_Spheroid_Bounds_Seq0009.ome0004.tif,0,0009,0,A03,nan,0004,0,0,0,0,0,/share/data/cellprofiler/christa/20230905_190025_768/mod,Done,65535,0,file:/share/data/cellprofiler/christa/20230905_190025_768/mod/PointA03_0000_ChannelSYTO_Spheroid_Bounds_Seq0009.ome0004.tif,1024
-2,0.0,0.0,0.5,0.0,0.9600000000000009,PointA03_0000_ChannelSYTO_Spheroid_Bounds_Seq0009.ome0005.tif,0,6,2,1024,35,0.0,0.0008441688181131219,0.0,-0.9242060387276477,b'eLuEO5CAG02JtC/mDIzBBR3hdGZgqZefmwqkTfVKMtPARRjMQ8AgAzkUs4QEMcA+srNBFDFBqWlUKuJAbgDbDKLBUQJkgKMTZ+FGk6JWARQdxQWJyankmgYMIOSiGmq2jT6yoA2kANc1stGHFuX6qL4BCuDwNSjF2wEAZ1QWIw==',00276dafb1312e0da27c9937843bb0f1,file:/share/data/cellprofiler/christa/20230905_190025_768/mod/PointA03_0000_ChannelSYTO_Spheroid_Bounds_Seq0009.ome0005.tif,0,0009,0,A03,nan,0005,0,0,0,0,0,/share/data/cellprofiler/christa/20230905_190025_768/mod,Done,65535,0,file:/share/data/cellprofiler/christa/20230905_190025_768/mod/PointA03_0000_ChannelSYTO_Spheroid_Bounds_Seq0009.ome0005.tif,1024
-2,0.0,0.0,0.3000000000000007,0.0,0.6799999999999997,PointA03_0000_ChannelSYTO_Spheroid_Bounds_Seq0009.ome0006.tif,0,7,2,1024,36,0.0,0.0010859931634410016,0.0,-0.9941863949828686,b'eLuEO5CAG02JtC/mDIzBBR3hdGZgqZefmwqkzfRKMtPARRjMQ8AgAzkUs4QEMcA+srNBFDFBqWlUKuJAbgDbDKLBUQJkgKMTZ+FGk6JWARQdxQWJyankmgYMIOSiGmq2jT6yoA2kANc1stGHFuX6qL4BCuDwNSjF2wEAaQwWJA==',5c5c7fa07a8e17a4a0e9e1e7765fef3b,file:/share/data/cellprofiler/christa/20230905_190025_768/mod/PointA03_0000_ChannelSYTO_Spheroid_Bounds_Seq0009.ome0006.tif,0,0009,0,A03,nan,0006,0,0,0,0,0,/share/data/cellprofiler/christa/20230905_190025_768/mod,Done,65535,0,file:/share/data/cellprofiler/christa/20230905_190025_768/mod/PointA03_0000_ChannelSYTO_Spheroid_Bounds_Seq0009.ome0006.tif,1024
-2,0.0,0.0,0.5799999999999983,0.0,0.7299999999999969,PointA03_0000_ChannelSYTO_Spheroid_Bounds_Seq0009.ome0007.tif,0,8,2,1024,37,0.0,0.0014443339672382588,0.0,-1.1039073875445728,b'eLuEO5CAG02JtC/mDIzBBR3hdGZgqZefmwqkzfVKMtPARRjMQ8AgAzkUs4QEMcA+srNBFDFBqWlUKuJAbgDbDKLBUQJkgKMTZ+FGk6JWARQdxQWJyankmgYMIOSiGmq2jT6yoA2kANc1stGHFuX6qL4BCuDwNSjF2wEAasQWJQ==',25264d419342400ade2a3856ba6bdfd9,file:/share/data/cellprofiler/christa/20230905_190025_768/mod/PointA03_0000_ChannelSYTO_Spheroid_Bounds_Seq0009.ome0007.tif,0,0009,0,A03,nan,0007,0,0,0,0,0,/share/data/cellprofiler/christa/20230905_190025_768/mod,Done,65535,0,file:/share/data/cellprofiler/christa/20230905_190025_768/mod/PointA03_0000_ChannelSYTO_Spheroid_Bounds_Seq0009.ome0007.tif,1024
-2,0.0,0.0,0.26000000000000156,0.0,0.6800000000000033,PointA03_0000_ChannelSYTO_Spheroid_Bounds_Seq0009.ome0008.tif,0,9,2,1024,38,0.0,0.0018782794608605325,0.0,-1.3148379555729814,b'eLuEO5CAG02JtC/mDIzBBR3hdGZgqZefmwoqE/VKMtPARRjMQ8AgAzkUs4QEMcA+srNBFDFBqWlUKuJAbgDbDKLBUQJkgKMTZ+FGk6JWARQdxQWJyankmgYMIOSiGmq2jT6yoA2kANc1stGHFuX6qL4BCuDwNSjF2wEAbHwWJg==',d1fc7724a54d3003022043fb59fc3b2e,file:/share/data/cellprofiler/christa/20230905_190025_768/mod/PointA03_0000_ChannelSYTO_Spheroid_Bounds_Seq0009.ome0008.tif,0,0009,0,A03,nan,0008,0,0,0,0,0,/share/data/cellprofiler/christa/20230905_190025_768/mod,Done,65535,0,file:/share/data/cellprofiler/christa/20230905_190025_768/mod/PointA03_0000_ChannelSYTO_Spheroid_Bounds_Seq0009.ome0008.tif,1024
-2,0.0,0.0,0.25,0.0,0.6400000000000006,PointA03_0000_ChannelSYTO_Spheroid_Bounds_Seq0009.ome0009.tif,0,10,2,1024,39,0.0,0.002518287515246619,0.0,-1.8118574701222274,b'eLuEO5CAG02JtC/mDIzBBR3hdGZgqZefmwqmSzLTwEUYzEPAIAM5FLOEBDHAPrKzQRQxQalpVCriQG4A2wyiwVECZICjE2fhRpOiVgEUHcUFicmp5JoGDCDkohpqto0+sqANpADXNbLRhxbl+qi+AQrg8DUoxdsBAG40Fic=',25239f18726add06b6d9e2575eb5d994,file:/share/data/cellprofiler/christa/20230905_190025_768/mod/PointA03_0000_ChannelSYTO_Spheroid_Bounds_Seq0009.ome0009.tif,0,0009,0,A03,nan,0009,0,0,0,0,0,/share/data/cellprofiler/christa/20230905_190025_768/mod,Done,65535,0,file:/share/data/cellprofiler/christa/20230905_190025_768/mod/PointA03_0000_ChannelSYTO_Spheroid_Bounds_Seq0009.ome0009.tif,1024
-2,0.0,0.0,0.46999999999999886,0.0,0.7199999999999989,PointA03_0000_ChannelSYTO_Spheroid_Bounds_Seq0009.ome0010.tif,0,11,2,1024,40,0.0,0.0033697259790090024,0.0,-1.1626985511997578,b'eLuEO5CAG02JtC/mDIzBBR3hdGZgqZefmwpMlAZ6JZlp4CIM5iFgkIEcillCghhgH9nZIIqYoNQ0KhVxIDeAbQbR4CgBMsDRibNwo0lRqwCKjuKCxORUck0DBhByUQ0120YfWdAGUoDrGtnoQ4tyfVTfAAVw+BqU4u0AYHUWHw==',c6257409ddbb76b414be91b7760a1b2f,file:/share/data/cellprofiler/christa/20230905_190025_768/mod/PointA03_0000_ChannelSYTO_Spheroid_Bounds_Seq0009.ome0010.tif,0,0009,0,A03,nan,0010,0,0,0,0,0,/share/data/cellprofiler/christa/20230905_190025_768/mod,Done,65535,0,file:/share/data/cellprofiler/christa/20230905_190025_768/mod/PointA03_0000_ChannelSYTO_Spheroid_Bounds_Seq0009.ome0010.tif,1024
-2,0.0,0.0,0.3099999999999987,0.0,0.8900000000000006,PointA03_0000_ChannelSYTO_Spheroid_Bounds_Seq0009.ome0011.tif,0,12,2,1024,41,0.0,0.004290274719843764,0.0,-2.0294901512708785,b'eLuEO5CAG02JtC/mDIzBBR3hdGZgqZefmwpMlIZ6JZlp4CIM5iFgkIEcillCghhgH9nZIIqYoNQ0KhVxIDeAbQbR4CgBMsDRibNwo0lRqwCKjuKCxORUck0DBhByUQ0120YfWdAGUoDrGtnoQ4tyfVTfAAVw+BqU4u0AYi0WIA==',ab37fa29caf15d137a2da207778854b5,file:/share/data/cellprofiler/christa/20230905_190025_768/mod/PointA03_0000_ChannelSYTO_Spheroid_Bounds_Seq0009.ome0011.tif,0,0009,0,A03,nan,0011,0,0,0,0,0,/share/data/cellprofiler/christa/20230905_190025_768/mod,Done,65535,0,file:/share/data/cellprofiler/christa/20230905_190025_768/mod/PointA03_0000_ChannelSYTO_Spheroid_Bounds_Seq0009.ome0011.tif,1024
-2,0.0,0.0,0.22000000000000597,0.0,0.8099999999999952,PointA03_0000_ChannelSYTO_Spheroid_Bounds_Seq0009.ome0012.tif,0,13,2,1024,42,0.0,0.00549136880228773,0.0,-1.828868755270464,b'eLuEO5CAG02JtC/mDIzBBR3hdGZgqZefmwpMlEZ6JZlp4CIM5iFgkIEcillCghhgH9nZIIqYoNQ0KhVxIDeAbQbR4CgBMsDRibNwo0lRqwCKjuKCxORUck0DBhByUQ0120YfWdAGUoDrGtnoQ4tyfVTfAAVw+BqU4u0AY+UWIQ==',c3aac752a770730f27af71d356d774da,file:/share/data/cellprofiler/christa/20230905_190025_768/mod/PointA03_0000_ChannelSYTO_Spheroid_Bounds_Seq0009.ome0012.tif,0,0009,0,A03,nan,0012,0,0,0,0,0,/share/data/cellprofiler/christa/20230905_190025_768/mod,Done,65535,0,file:/share/data/cellprofiler/christa/20230905_190025_768/mod/PointA03_0000_ChannelSYTO_Spheroid_Bounds_Seq0009.ome0012.tif,1024
-2,0.0,0.0,0.2499999999999929,0.0,0.740000000000002,PointA03_0000_ChannelSYTO_Spheroid_Bounds_Seq0009.ome0013.tif,0,14,2,1024,43,0.0,0.006854460049985666,0.0,-1.6698815023802327,b'eLuEO5CAG02JtC/mDIzBBR3hdGZgqZefmwpMlMZ6JZlp4CIM5iFgkIEcillCghhgH9nZIIqYoNQ0KhVxIDeAbQbR4CgBMsDRibNwo0lRqwCKjuKCxORUck0DBhByUQ0120YfWdAGUoDrGtnoQ4tyfVTfAAVw+BqU4u0AZZ0WIg==',41cc0d5376de42c502f37139b9152cae,file:/share/data/cellprofiler/christa/20230905_190025_768/mod/PointA03_0000_ChannelSYTO_Spheroid_Bounds_Seq0009.ome0013.tif,0,0009,0,A03,nan,0013,0,0,0,0,0,/share/data/cellprofiler/christa/20230905_190025_768/mod,Done,65535,0,file:/share/data/cellprofiler/christa/20230905_190025_768/mod/PointA03_0000_ChannelSYTO_Spheroid_Bounds_Seq0009.ome0013.tif,1024
-2,0.0,0.0,0.4100000000000037,0.0,0.6999999999999886,PointA03_0000_ChannelSYTO_Spheroid_Bounds_Seq0009.ome0014.tif,0,15,2,1024,44,0.0,0.008557329379347786,0.0,-2.0817746280624143,b'eLuEO5CAG02JtC/mDIzBBR3hdGZgqZefmwpKlHolmWngIgzmIWCQgRyKWUKCGGAf2dkgipig1DQqFXEgN4BtBtHgKAEywNGJs3CjSVGrAIqO4oLE5FRyTQMGEHJRDTXbRh9Z0AZSgOsa2ehDi3J9VN8ABXD4GpTi7QBnVRYj',5226e2ab02345d0379a14f6ae2c179b6,file:/share/data/cellprofiler/christa/20230905_190025_768/mod/PointA03_0000_ChannelSYTO_Spheroid_Bounds_Seq0009.ome0014.tif,0,0009,0,A03,nan,0014,0,0,0,0,0,/share/data/cellprofiler/christa/20230905_190025_768/mod,Done,65535,0,file:/share/data/cellprofiler/christa/20230905_190025_768/mod/PointA03_0000_ChannelSYTO_Spheroid_Bounds_Seq0009.ome0014.tif,1024
-2,0.0,0.0,0.259999999999998,0.0,0.6199999999999974,PointA03_0000_ChannelSYTO_Spheroid_Bounds_Seq0009.ome0015.tif,0,16,2,1024,45,0.0,0.01032554045107278,0.0,-2.3531984311385417,b'eLuEO5CAG02JtC/mDIzBBR3hdGZgqZefmwpMlKZ6JZlp4CIM5iFgkIEcillCghhgH9nZIIqYoNQ0KhVxIDeAbQbR4CgBMsDRibNwo0lRqwCKjuKCxORUck0DBhByUQ0120YfWdAGUoDrGtnoQ4tyfVTfAAVw+BqU4u0AaQ0WJA==',7a25f4d9a04cd1d0fe1a3f432be352c8,file:/share/data/cellprofiler/christa/20230905_190025_768/mod/PointA03_0000_ChannelSYTO_Spheroid_Bounds_Seq0009.ome0015.tif,0,0009,0,A03,nan,0015,0,0,0,0,0,/share/data/cellprofiler/christa/20230905_190025_768/mod,Done,65535,0,file:/share/data/cellprofiler/christa/20230905_190025_768/mod/PointA03_0000_ChannelSYTO_Spheroid_Bounds_Seq0009.ome0015.tif,1024
-2,0.0,0.0,0.25,0.0,0.9100000000000037,PointA03_0000_ChannelSYTO_Spheroid_Bounds_Seq0009.ome0016.tif,0,17,2,1024,46,0.0,0.011680187812268946,0.0,-2.439585021692375,b'eLuEO5CAG02JtC/mDIzBBR3hdGZgqZefmwpMlGZ6JZlp4CIM5iFgkIEcillCghhgH9nZIIqYoNQ0KhVxIDeAbQbR4CgBMsDRibNwo0lRqwCKjuKCxORUck0DBhByUQ0120YfWdAGUoDrGtnoQ4tyfVTfAAVw+BqU4u0AasUWJQ==',7c4f8bf8c3199c1711c6710a53713af7,file:/share/data/cellprofiler/christa/20230905_190025_768/mod/PointA03_0000_ChannelSYTO_Spheroid_Bounds_Seq0009.ome0016.tif,0,0009,0,A03,nan,0016,0,0,0,0,0,/share/data/cellprofiler/christa/20230905_190025_768/mod,Done,65535,0,file:/share/data/cellprofiler/christa/20230905_190025_768/mod/PointA03_0000_ChannelSYTO_Spheroid_Bounds_Seq0009.ome0016.tif,1024
-2,0.0,0.0,0.28000000000000114,0.0,0.7899999999999991,PointA03_0000_ChannelSYTO_Spheroid_Bounds_Seq0009.ome0017.tif,0,18,2,1024,47,0.0,0.012558507960047028,0.0,-2.4320428645493797,b'eLuEO5CAG02JtC/mDIzBBR3hdGZgqZefmwpMlOZ6JZlp4CIM5iFgkIEcillCghhgH9nZIIqYoNQ0KhVxIDeAbQbR4CgBMsDRibNwo0lRqwCKjuKCxORUck0DBhByUQ0120YfWdAGUoDrGtnoQ4tyfVTfAAVw+BqU4u0AbH0WJg==',f7a31cf9bebbbde73db8ae2c9008bd65,file:/share/data/cellprofiler/christa/20230905_190025_768/mod/PointA03_0000_ChannelSYTO_Spheroid_Bounds_Seq0009.ome0017.tif,0,0009,0,A03,nan,0017,0,0,0,0,0,/share/data/cellprofiler/christa/20230905_190025_768/mod,Done,65535,0,file:/share/data/cellprofiler/christa/20230905_190025_768/mod/PointA03_0000_ChannelSYTO_Spheroid_Bounds_Seq0009.ome0017.tif,1024
-2,0.0,0.0,0.3299999999999983,0.0,0.8200000000000003,PointA03_0000_ChannelSYTO_Spheroid_Bounds_Seq0009.ome0018.tif,0,19,2,1024,48,0.0,0.012769515474281519,0.0,-2.2778324494860516,b'eLuEO5CAG02JtC/mDIzBBR3hdGZgqZefmwpMlBZ6JZlp4CIM5iFgkIEcillCghhgH9nZIIqYoNQ0KhVxIDeAbQbR4CgBMsDRibNwo0lRqwCKjuKCxORUck0DBhByUQ0120YfWdAGUoDrGtnoQ4tyfVTfAAVw+BqU4u0AbjUWJw==',9f45372b2499d84c8a87431a85fcd9b1,file:/share/data/cellprofiler/christa/20230905_190025_768/mod/PointA03_0000_ChannelSYTO_Spheroid_Bounds_Seq0009.ome0018.tif,0,0009,0,A03,nan,0018,0,0,0,0,0,/share/data/cellprofiler/christa/20230905_190025_768/mod,Done,65535,0,file:/share/data/cellprofiler/christa/20230905_190025_768/mod/PointA03_0000_ChannelSYTO_Spheroid_Bounds_Seq0009.ome0018.tif,1024
-2,0.0,0.0,0.4300000000000068,0.0,0.75,PointA03_0000_ChannelSYTO_Spheroid_Bounds_Seq0009.ome0019.tif,0,20,2,1024,49,0.0,0.012578478007018985,0.0,-1.840932458401141,b'eLuEO5CAG02JtC/mDIzBBR3hdGZgqZefmwpMlJZ6JZlp4CIM5iFgkIEcillCghhgH9nZIIqYoNQ0KhVxIDeAbQbR4CgBMsDRibNwo0lRqwCKjuKCxORUck0DBhByUQ0120YfWdAGUoDrGtnoQ4tyfVTfAAVw+BqU4u0Ab+0WKA==',f41f86cf1365091d2d40686c55e3906f,file:/share/data/cellprofiler/christa/20230905_190025_768/mod/PointA03_0000_ChannelSYTO_Spheroid_Bounds_Seq0009.ome0019.tif,0,0009,0,A03,nan,0019,0,0,0,0,0,/share/data/cellprofiler/christa/20230905_190025_768/mod,Done,65535,0,file:/share/data/cellprofiler/christa/20230905_190025_768/mod/PointA03_0000_ChannelSYTO_Spheroid_Bounds_Seq0009.ome0019.tif,1024
-2,0.0,0.0,0.240000000000002,0.0,0.6099999999999923,PointA03_0000_ChannelSYTO_Spheroid_Bounds_Seq0009.ome0020.tif,0,21,2,1024,50,0.0,0.011926466682290447,0.0,-1.417272146158856,b'eLuEO5CAG02JtC/mDIzBBR3hdGZgqZefmwo0wUCvJDMNXITBPAQMMpBDMUtIEAPsIzsbRBETlJpGpSIO5AawzSAaHCVABjg6cRZuNClqFUDRUVyQmJxKrmnAAEIuqqFm2+gjC9pACnBdIxt9aFGuj+oboAAOX4NSvB0AYi4WIA==',456c2dcff890c6b60ea2be2866566bb9,file:/share/data/cellprofiler/christa/20230905_190025_768/mod/PointA03_0000_ChannelSYTO_Spheroid_Bounds_Seq0009.ome0020.tif,0,0009,0,A03,nan,0020,0,0,0,0,0,/share/data/cellprofiler/christa/20230905_190025_768/mod,Done,65535,0,file:/share/data/cellprofiler/christa/20230905_190025_768/mod/PointA03_0000_ChannelSYTO_Spheroid_Bounds_Seq0009.ome0020.tif,1024
-2,0.0,0.0,0.3999999999999986,0.0,0.6000000000000014,PointA03_0000_ChannelSYTO_Spheroid_Bounds_Seq0009.ome0021.tif,0,22,2,1024,51,0.0,0.01115478348016542,0.0,-1.1055816424333686,b'eLuEO5CAG02JtC/mDIzBBR3hdGZgqZefmwo0wVCvJDMNXITBPAQMMpBDMUtIEAPsIzsbRBETlJpGpSIO5AawzSAaHCVABjg6cRZuNClqFUDRUVyQmJxKrmnAAEIuqqFm2+gjC9pACnBdIxt9aFGuj+oboAAOX4NSvB0AY+YWIQ==',77c24850bd9f6cc2eea872ce68934b56,file:/share/data/cellprofiler/christa/20230905_190025_768/mod/PointA03_0000_ChannelSYTO_Spheroid_Bounds_Seq0009.ome0021.tif,0,0009,0,A03,nan,0021,0,0,0,0,0,/share/data/cellprofiler/christa/20230905_190025_768/mod,Done,65535,0,file:/share/data/cellprofiler/christa/20230905_190025_768/mod/PointA03_0000_ChannelSYTO_Spheroid_Bounds_Seq0009.ome0021.tif,1024
-2,0.0,0.0,0.28999999999999915,0.0,0.6899999999999977,PointA03_0000_ChannelSYTO_Spheroid_Bounds_Seq0009.ome0022.tif,0,23,2,1024,52,0.0,0.009881229887677319,0.0,-0.8568976143604504,b'eLuEO5CAG02JtC/mDIzBBR3hdGZgqZefmwo0wUivJDMNXITBPAQMMpBDMUtIEAPsIzsbRBETlJpGpSIO5AawzSAaHCVABjg6cRZuNClqFUDRUVyQmJxKrmnAAEIuqqFm2+gjC9pACnBdIxt9aFGuj+oboAAOX4NSvB0AZZ4WIg==',fb23fc72a9aef6b297e39392d18de5fa,file:/share/data/cellprofiler/christa/20230905_190025_768/mod/PointA03_0000_ChannelSYTO_Spheroid_Bounds_Seq0009.ome0022.tif,0,0009,0,A03,nan,0022,0,0,0,0,0,/share/data/cellprofiler/christa/20230905_190025_768/mod,Done,65535,0,file:/share/data/cellprofiler/christa/20230905_190025_768/mod/PointA03_0000_ChannelSYTO_Spheroid_Bounds_Seq0009.ome0022.tif,1024
-2,0.0,0.0,0.28999999999999915,0.0,0.7399999999999949,PointA03_0000_ChannelSYTO_Spheroid_Bounds_Seq0009.ome0023.tif,0,24,2,1024,53,0.0,0.008769588251693525,0.0,-0.780666713959061,b'eLuEO5CAG02JtC/mDIzBBR3hdGZgqZefmwo0wVivJDMNXITBPAQMMpBDMUtIEAPsIzsbRBETlJpGpSIO5AawzSAaHCVABjg6cRZuNClqFUDRUVyQmJxKrmnAAEIuqqFm2+gjC9pACnBdIxt9aFGuj+oboAAOX4NSvB0AZ1YWIw==',18cae3250d7125521aafee2e6708a99a,file:/share/data/cellprofiler/christa/20230905_190025_768/mod/PointA03_0000_ChannelSYTO_Spheroid_Bounds_Seq0009.ome0023.tif,0,0009,0,A03,nan,0023,0,0,0,0,0,/share/data/cellprofiler/christa/20230905_190025_768/mod,Done,65535,0,file:/share/data/cellprofiler/christa/20230905_190025_768/mod/PointA03_0000_ChannelSYTO_Spheroid_Bounds_Seq0009.ome0023.tif,1024
-2,0.0,0.0,0.3400000000000034,0.0,0.7399999999999949,PointA03_0000_ChannelSYTO_Spheroid_Bounds_Seq0009.ome0024.tif,0,25,2,1024,54,0.0,0.007387125953714778,0.0,-0.8212130511469238,b'eLuEO5CAG02JtC/mDIzBBR3hdGZgqZefmwo0wUSvJDMNXITBPAQMMpBDMUtIEAPsIzsbRBETlJpGpSIO5AawzSAaHCVABjg6cRZuNClqFUDRUVyQmJxKrmnAAEIuqqFm2+gjC9pACnBdIxt9aFGuj+oboAAOX4NSvB0AaQ4WJA==',465bdea9ba51d26da12a01913fd71262,file:/share/data/cellprofiler/christa/20230905_190025_768/mod/PointA03_0000_ChannelSYTO_Spheroid_Bounds_Seq0009.ome0024.tif,0,0009,0,A03,nan,0024,0,0,0,0,0,/share/data/cellprofiler/christa/20230905_190025_768/mod,Done,65535,0,file:/share/data/cellprofiler/christa/20230905_190025_768/mod/PointA03_0000_ChannelSYTO_Spheroid_Bounds_Seq0009.ome0024.tif,1024
-2,0.0,0.0,0.3299999999999983,0.0,0.7700000000000031,PointA03_0000_ChannelSYTO_Spheroid_Bounds_Seq0009.ome0025.tif,0,26,2,1024,55,0.0,0.006167729993033075,0.0,-0.8705550361091159,b'eLuEO5CAG02JtC/mDIzBBR3hdGZgqZefmwoyQa8kMw1chME8BAwykEMxS0gQA+wjOxtEEROUmkalIg7kBrDNIBocJUAGODpxFm40KWoVQNFRXJCYnEquacAAQi6qoWbb6CML2kAKcF0jG31oUa6P6hugAA5fg1K8HQBqxhYl',05caaf65530b7be62057aa3a1550e3d4,file:/share/data/cellprofiler/christa/20230905_190025_768/mod/PointA03_0000_ChannelSYTO_Spheroid_Bounds_Seq0009.ome0025.tif,0,0009,0,A03,nan,0025,0,0,0,0,0,/share/data/cellprofiler/christa/20230905_190025_768/mod,Done,65535,0,file:/share/data/cellprofiler/christa/20230905_190025_768/mod/PointA03_0000_ChannelSYTO_Spheroid_Bounds_Seq0009.ome0025.tif,1024
-2,0.0,0.0,0.3199999999999932,0.0,1.5799999999999983,PointA03_0000_ChannelSYTO_Spheroid_Bounds_Seq0009.ome0026.tif,0,27,2,1024,56,0.0,0.0049927087607026955,0.0,-0.9175048441857714,b'eLuEO5CAG02JtC/mDIzBBR3hdGZgqZefmwo0wUyvJDMNXITBPAQMMpBDMUtIEAPsIzsbRBETlJpGpSIO5AawzSAaHCVABjg6cRZuNClqFUDRUVyQmJxKrmnAAEIuqqFm2+gjC9pACnBdIxt9aFGuj+oboAAOX4NSvB0AbH4WJg==',5e9371424528df4e24c8a68e0119a973,file:/share/data/cellprofiler/christa/20230905_190025_768/mod/PointA03_0000_ChannelSYTO_Spheroid_Bounds_Seq0009.ome0026.tif,0,0009,0,A03,nan,0026,0,0,0,0,0,/share/data/cellprofiler/christa/20230905_190025_768/mod,Done,65535,0,file:/share/data/cellprofiler/christa/20230905_190025_768/mod/PointA03_0000_ChannelSYTO_Spheroid_Bounds_Seq0009.ome0026.tif,1024
-2,0.0,0.0,0.28999999999999915,0.0,1.0100000000000051,PointA03_0000_ChannelSYTO_Spheroid_Bounds_Seq0009.ome0027.tif,0,28,2,1024,57,0.0,0.003985991983165714,0.0,-0.9382624561786377,b'eLuEO5CAG02JtC/mDIzBBR3hdGZgqZefmwo0wVyvJDMNXITBPAQMMpBDMUtIEAPsIzsbRBETlJpGpSIO5AawzSAaHCVABjg6cRZuNClqFUDRUVyQmJxKrmnAAEIuqqFm2+gjC9pACnBdIxt9aFGuj+oboAAOX4NSvB0AbjYWJw==',5ade4292dfad2be5bff62dd15374f416,file:/share/data/cellprofiler/christa/20230905_190025_768/mod/PointA03_0000_ChannelSYTO_Spheroid_Bounds_Seq0009.ome0027.tif,0,0009,0,A03,nan,0027,0,0,0,0,0,/share/data/cellprofiler/christa/20230905_190025_768/mod,Done,65535,0,file:/share/data/cellprofiler/christa/20230905_190025_768/mod/PointA03_0000_ChannelSYTO_Spheroid_Bounds_Seq0009.ome0027.tif,1024
-2,0.0,0.0,0.21000000000000085,0.0,0.6300000000000026,PointA03_0000_ChannelSYTO_Spheroid_Bounds_Seq0009.ome0028.tif,0,29,2,1024,58,0.0,0.003083773692810285,0.0,-0.9203293744971549,b'eLuEO5CAG02JtC/mDIzBBR3hdGZgqZefmwo0wUKvJDMNXITBPAQMMpBDMUtIEAPsIzsbRBETlJpGpSIO5AawzSAaHCVABjg6cRZuNClqFUDRUVyQmJxKrmnAAEIuqqFm2+gjC9pACnBdIxt9aFGuj+oboAAOX4NSvB0Ab+4WKA==',d5a34b8caa4cebf1f8adb50f1e563d48,file:/share/data/cellprofiler/christa/20230905_190025_768/mod/PointA03_0000_ChannelSYTO_Spheroid_Bounds_Seq0009.ome0028.tif,0,0009,0,A03,nan,0028,0,0,0,0,0,/share/data/cellprofiler/christa/20230905_190025_768/mod,Done,65535,0,file:/share/data/cellprofiler/christa/20230905_190025_768/mod/PointA03_0000_ChannelSYTO_Spheroid_Bounds_Seq0009.ome0028.tif,1024
-2,0.0,0.0,2.780000000000001,0.0,0.9800000000000004,PointA10_0001_ChannelSYTO_Spheroid_Bounds_Seq0010.ome0000.tif,0,1,3,1024,59,0.0,0.00042824467925029657,0.0,-0.8642350256566003,b'eLuEO5CAG02JtC/mDA1AadGQiMRooJefmwoqD/VKMtPARRjMQ8AgAzkUs4QEMcA+srNBFDFBqWlUKuJAbgDbDKLBUQJkgKMTZ+FGk6JWARQdxQWJyankmgYMIOSiGmq2jT6yoA2kANc1stGHFuX6qL4BCuDwNSjF2wEATtAWFQ==',f8eb9cd5bd85fac3dc29c16083ca0b6a,file:/share/data/cellprofiler/christa/20230905_190025_768/mod/PointA10_0001_ChannelSYTO_Spheroid_Bounds_Seq0010.ome0000.tif,0,0010,0,A10,nan,0000,0,0,0,0,0,/share/data/cellprofiler/christa/20230905_190025_768/mod,Done,65535,0,file:/share/data/cellprofiler/christa/20230905_190025_768/mod/PointA10_0001_ChannelSYTO_Spheroid_Bounds_Seq0010.ome0000.tif,1024
-2,0.0,0.0,1.040000000000001,0.0,2.169999999999998,PointA10_0001_ChannelSYTO_Spheroid_Bounds_Seq0010.ome0001.tif,0,2,3,1024,60,0.0,0.0005445896642837043,0.0,-0.8599267917439237,b'eLuEO5CAG02JtC/mDA1AadGQiMRooJefmwpSq1eSmQYuwmAeAgYZyKGYJSSIAfaRnQ2iiAlKTaNSEQdyA9hmEA2OEiADHJ04CzeaFLUKoOgoLkhMTiXXNGAAIRfVULNt9JEFbSAFuK6RjT60KNdH9Q1QAIevQSneDgBQiBYW',7affe3ea40e075e6791d718cc5322f69,file:/share/data/cellprofiler/christa/20230905_190025_768/mod/PointA10_0001_ChannelSYTO_Spheroid_Bounds_Seq0010.ome0001.tif,0,0010,0,A10,nan,0001,0,0,0,0,0,/share/data/cellprofiler/christa/20230905_190025_768/mod,Done,65535,0,file:/share/data/cellprofiler/christa/20230905_190025_768/mod/PointA10_0001_ChannelSYTO_Spheroid_Bounds_Seq0010.ome0001.tif,1024
-2,0.0,0.0,0.6800000000000033,0.0,1.4499999999999957,PointA10_0001_ChannelSYTO_Spheroid_Bounds_Seq0010.ome0002.tif,0,3,3,1024,61,0.0,0.0006794043114777237,0.0,-0.8414642412840322,b'eLuEO5CAG02JtC/mDA1AadGQiMRooJefmwpUa6RXkpkGLsJgHgIGGcihmCUkiAH2kZ0NoogJSk2jUhEHcgPYZhANjhIgAxydOAs3mhS1CqDoKC5ITE4l1zRgACEX1VCzbfSRBW0gBbiukY0+tCjXR/UNUACHr0Ep3g4AUkAWFw==',409ebe2674912831638811daf5818fa1,file:/share/data/cellprofiler/christa/20230905_190025_768/mod/PointA10_0001_ChannelSYTO_Spheroid_Bounds_Seq0010.ome0002.tif,0,0010,0,A10,nan,0002,0,0,0,0,0,/share/data/cellprofiler/christa/20230905_190025_768/mod,Done,65535,0,file:/share/data/cellprofiler/christa/20230905_190025_768/mod/PointA10_0001_ChannelSYTO_Spheroid_Bounds_Seq0010.ome0002.tif,1024
-2,0.0,0.0,0.8900000000000006,0.0,1.8399999999999963,PointA10_0001_ChannelSYTO_Spheroid_Bounds_Seq0010.ome0003.tif,0,4,3,1024,62,0.0,0.0008740005391838319,0.0,-0.8529921251493608,b'eLuEO5CAG02JtC/mDA1AadGQiMRooJefmwpUa6xXkpkGLsJgHgIGGcihmCUkiAH2kZ0NoogJSk2jUhEHcgPYZhANjhIgAxydOAs3mhS1CqDoKC5ITE4l1zRgACEX1VCzbfSRBW0gBbiukY0+tCjXR/UNUACHr0Ep3g4AU/gWGA==',1ac500a361a36e352fdb3ccd74a041bd,file:/share/data/cellprofiler/christa/20230905_190025_768/mod/PointA10_0001_ChannelSYTO_Spheroid_Bounds_Seq0010.ome0003.tif,0,0010,0,A10,nan,0003,0,0,0,0,0,/share/data/cellprofiler/christa/20230905_190025_768/mod,Done,65535,0,file:/share/data/cellprofiler/christa/20230905_190025_768/mod/PointA10_0001_ChannelSYTO_Spheroid_Bounds_Seq0010.ome0003.tif,1024
-2,0.0,0.0,0.7800000000000011,0.0,1.6600000000000001,PointA10_0001_ChannelSYTO_Spheroid_Bounds_Seq0010.ome0004.tif,0,5,3,1024,63,0.0,0.001122325981247957,0.0,-0.8382036621883672,b'eLuEO5CAG02JtC/mDA1AadGQiMRooJefmwpUa6JXkpkGLsJgHgIGGcihmCUkiAH2kZ0NoogJSk2jUhEHcgPYZhANjhIgAxydOAs3mhS1CqDoKC5ITE4l1zRgACEX1VCzbfSRBW0gBbiukY0+tCjXR/UNUACHr0Ep3g4AVbAWGQ==',d5b88298c78acf8813efcacf7c420fd1,file:/share/data/cellprofiler/christa/20230905_190025_768/mod/PointA10_0001_ChannelSYTO_Spheroid_Bounds_Seq0010.ome0004.tif,0,0010,0,A10,nan,0004,0,0,0,0,0,/share/data/cellprofiler/christa/20230905_190025_768/mod,Done,65535,0,file:/share/data/cellprofiler/christa/20230905_190025_768/mod/PointA10_0001_ChannelSYTO_Spheroid_Bounds_Seq0010.ome0004.tif,1024
-2,0.0,0.0,0.5800000000000018,0.0,0.75,PointA10_0001_ChannelSYTO_Spheroid_Bounds_Seq0010.ome0005.tif,0,6,3,1024,64,0.0,0.0014696962578274507,0.0,-0.8568649074179518,b'eLuEO5CAG02JtC/mDA1AadGQiMRooJefmwpUa6pXkpkGLsJgHgIGGcihmCUkiAH2kZ0NoogJSk2jUhEHcgPYZhANjhIgAxydOAs3mhS1CqDoKC5ITE4l1zRgACEX1VCzbfSRBW0gBbiukY0+tCjXR/UNUACHr0Ep3g4AV2gWGg==',705b47518c0ead6a995e021a4114f608,file:/share/data/cellprofiler/christa/20230905_190025_768/mod/PointA10_0001_ChannelSYTO_Spheroid_Bounds_Seq0010.ome0005.tif,0,0010,0,A10,nan,0005,0,0,0,0,0,/share/data/cellprofiler/christa/20230905_190025_768/mod,Done,65535,0,file:/share/data/cellprofiler/christa/20230905_190025_768/mod/PointA10_0001_ChannelSYTO_Spheroid_Bounds_Seq0010.ome0005.tif,1024
-2,0.0,0.0,0.3500000000000014,0.0,0.8099999999999952,PointA10_0001_ChannelSYTO_Spheroid_Bounds_Seq0010.ome0006.tif,0,7,3,1024,65,0.0,0.0019198502055370304,0.0,-0.8800143321445728,b'eLuEO5CAG02JtC/mDA1AadGQiMRooJefmwpUa6ZXkpkGLsJgHgIGGcihmCUkiAH2kZ0NoogJSk2jUhEHcgPYZhANjhIgAxydOAs3mhS1CqDoKC5ITE4l1zRgACEX1VCzbfSRBW0gBbiukY0+tCjXR/UNUACHr0Ep3g4AWSAWGw==',9fd6540f3c54ad6d60b5e376a442e368,file:/share/data/cellprofiler/christa/20230905_190025_768/mod/PointA10_0001_ChannelSYTO_Spheroid_Bounds_Seq0010.ome0006.tif,0,0010,0,A10,nan,0006,0,0,0,0,0,/share/data/cellprofiler/christa/20230905_190025_768/mod,Done,65535,0,file:/share/data/cellprofiler/christa/20230905_190025_768/mod/PointA10_0001_ChannelSYTO_Spheroid_Bounds_Seq0010.ome0006.tif,1024
-2,0.0,0.0,0.509999999999998,0.0,0.6799999999999997,PointA10_0001_ChannelSYTO_Spheroid_Bounds_Seq0010.ome0007.tif,0,8,3,1024,66,0.0,0.0025215597222433637,0.0,-0.9267193019025779,b'eLuEO5CAG02JtC/mDA1AadGQiMRooJefmwpUa65XkpkGLsJgHgIGGcihmCUkiAH2kZ0NoogJSk2jUhEHcgPYZhANjhIgAxydOAs3mhS1CqDoKC5ITE4l1zRgACEX1VCzbfSRBW0gBbiukY0+tCjXR/UNUACHr0Ep3g4AWtgWHA==',5e497e89fe88fa6ea923e80a257e9416,file:/share/data/cellprofiler/christa/20230905_190025_768/mod/PointA10_0001_ChannelSYTO_Spheroid_Bounds_Seq0010.ome0007.tif,0,0010,0,A10,nan,0007,0,0,0,0,0,/share/data/cellprofiler/christa/20230905_190025_768/mod,Done,65535,0,file:/share/data/cellprofiler/christa/20230905_190025_768/mod/PointA10_0001_ChannelSYTO_Spheroid_Bounds_Seq0010.ome0007.tif,1024
-2,0.0,0.0,0.4200000000000017,0.0,0.6700000000000017,PointA10_0001_ChannelSYTO_Spheroid_Bounds_Seq0010.ome0008.tif,0,9,3,1024,67,0.0,0.003333315435366272,0.0,-0.9661011837438909,b'eLuEO5CAG02JtC/mDA1AadGQiMRooJefmwoqE/VKMtPARRjMQ8AgAzkUs4QEMcA+srNBFDFBqWlUKuJAbgDbDKLBUQJkgKMTZ+FGk6JWARQdxQWJyankmgYMIOSiGmq2jT6yoA2kANc1stGHFuX6qL4BCuDwNSjF2wEAXJAWHQ==',491f94d990afec03a5fb78e92e0a6f55,file:/share/data/cellprofiler/christa/20230905_190025_768/mod/PointA10_0001_ChannelSYTO_Spheroid_Bounds_Seq0010.ome0008.tif,0,0010,0,A10,nan,0008,0,0,0,0,0,/share/data/cellprofiler/christa/20230905_190025_768/mod,Done,65535,0,file:/share/data/cellprofiler/christa/20230905_190025_768/mod/PointA10_0001_ChannelSYTO_Spheroid_Bounds_Seq0010.ome0008.tif,1024
-2,0.0,0.0,0.3100000000000023,0.0,0.7199999999999989,PointA10_0001_ChannelSYTO_Spheroid_Bounds_Seq0010.ome0009.tif,0,10,3,1024,68,0.0,0.004356724336206695,0.0,-1.0394315958562586,b'eLuEO5CAG02JtC/mDA1AadGQiMRooJefmwpUa6lXkpkGLsJgHgIGGcihmCUkiAH2kZ0NoogJSk2jUhEHcgPYZhANjhIgAxydOAs3mhS1CqDoKC5ITE4l1zRgACEX1VCzbfSRBW0gBbiukY0+tCjXR/UNUACHr0Ep3g4AXkgWHg==',6be413bca838e6078276dabbf443b58d,file:/share/data/cellprofiler/christa/20230905_190025_768/mod/PointA10_0001_ChannelSYTO_Spheroid_Bounds_Seq0010.ome0009.tif,0,0010,0,A10,nan,0009,0,0,0,0,0,/share/data/cellprofiler/christa/20230905_190025_768/mod,Done,65535,0,file:/share/data/cellprofiler/christa/20230905_190025_768/mod/PointA10_0001_ChannelSYTO_Spheroid_Bounds_Seq0010.ome0009.tif,1024
-2,0.0,0.0,0.30999999999999517,0.0,0.7100000000000009,PointA10_0001_ChannelSYTO_Spheroid_Bounds_Seq0010.ome0010.tif,0,11,3,1024,69,0.0,0.00566866354549476,0.0,-1.1787257049462525,b'eLuEO5CAG02JtC/mDA1AadGQiMRooJefmwqmSzLTwEUYzEPAIAM5FLOEBDHAPrKzQRQxQalpVCriQG4A2wyiwVECZICjE2fhRpOiVgEUHcUFicmp5JoGDCDkohpqto0+sqANpADXNbLRhxbl+qi+AQrg8DUoxdsBAFCJFhY=',69f97d41e6e3c413dd1ebb8897f6c871,file:/share/data/cellprofiler/christa/20230905_190025_768/mod/PointA10_0001_ChannelSYTO_Spheroid_Bounds_Seq0010.ome0010.tif,0,0010,0,A10,nan,0010,0,0,0,0,0,/share/data/cellprofiler/christa/20230905_190025_768/mod,Done,65535,0,file:/share/data/cellprofiler/christa/20230905_190025_768/mod/PointA10_0001_ChannelSYTO_Spheroid_Bounds_Seq0010.ome0010.tif,1024
-2,0.010000000000005116,0.0,0.4099999999999966,0.0,0.6699999999999946,PointA10_0001_ChannelSYTO_Spheroid_Bounds_Seq0010.ome0011.tif,0,12,3,1024,70,0.0,0.007391352025873713,0.0,-1.3366235174122738,b'eLuEO5CAG02JtC/mDA1AadGQiMRooJefmwqkDfVKMtPARRjMQ8AgAzkUs4QEMcA+srNBFDFBqWlUKuJAbgDbDKLBUQJkgKMTZ+FGk6JWARQdxQWJyankmgYMIOSiGmq2jT6yoA2kANc1stGHFuX6qL4BCuDwNSjF2wEAUkEWFw==',3be90017626777e2612fd34feff75ff7,file:/share/data/cellprofiler/christa/20230905_190025_768/mod/PointA10_0001_ChannelSYTO_Spheroid_Bounds_Seq0010.ome0011.tif,0,0010,0,A10,nan,0011,0,0,0,0,0,/share/data/cellprofiler/christa/20230905_190025_768/mod,Done,65535,0,file:/share/data/cellprofiler/christa/20230905_190025_768/mod/PointA10_0001_ChannelSYTO_Spheroid_Bounds_Seq0010.ome0011.tif,1024
-2,0.0,0.0,0.27999999999999403,0.0,0.6600000000000037,PointA10_0001_ChannelSYTO_Spheroid_Bounds_Seq0010.ome0012.tif,0,13,3,1024,71,0.0,0.009375989535328602,0.0,-1.571140683142179,b'eLuEO5CAG02JtC/mDA1AadGQiMRooJefmwqkjfRKMtPARRjMQ8AgAzkUs4QEMcA+srNBFDFBqWlUKuJAbgDbDKLBUQJkgKMTZ+FGk6JWARQdxQWJyankmgYMIOSiGmq2jT6yoA2kANc1stGHFuX6qL4BCuDwNSjF2wEAU/kWGA==',6b42eb94d3c35b5e04255d6da0ee60a4,file:/share/data/cellprofiler/christa/20230905_190025_768/mod/PointA10_0001_ChannelSYTO_Spheroid_Bounds_Seq0010.ome0012.tif,0,0010,0,A10,nan,0012,0,0,0,0,0,/share/data/cellprofiler/christa/20230905_190025_768/mod,Done,65535,0,file:/share/data/cellprofiler/christa/20230905_190025_768/mod/PointA10_0001_ChannelSYTO_Spheroid_Bounds_Seq0010.ome0012.tif,1024
-2,0.0,0.0,0.3500000000000014,0.0,0.7000000000000028,PointA10_0001_ChannelSYTO_Spheroid_Bounds_Seq0010.ome0013.tif,0,14,3,1024,72,0.0,0.014817647380728412,0.0,-2.5268732127460733,b'eLuEO5CAG02JtC/mDA1AadGQiMRooJefmwqkjfVKMtPARRjMQ8AgAzkUs4QEMcA+srNBFDFBqWlUKuJAbgDbDKLBUQJkgKMTZ+FGk6JWARQdxQWJyankmgYMIOSiGmq2jT6yoA2kANc1stGHFuX6qL4BCuDwNSjF2wEAVbEWGQ==',de3042a8e14087b855da0da0701a7ad9,file:/share/data/cellprofiler/christa/20230905_190025_768/mod/PointA10_0001_ChannelSYTO_Spheroid_Bounds_Seq0010.ome0013.tif,0,0010,0,A10,nan,0013,0,0,0,0,0,/share/data/cellprofiler/christa/20230905_190025_768/mod,Done,65535,0,file:/share/data/cellprofiler/christa/20230905_190025_768/mod/PointA10_0001_ChannelSYTO_Spheroid_Bounds_Seq0010.ome0013.tif,1024
-2,0.0,0.0,0.4200000000000017,0.0,0.7900000000000063,PointA10_0001_ChannelSYTO_Spheroid_Bounds_Seq0010.ome0014.tif,0,15,3,1024,73,0.0,0.03134771220114066,0.0,-2.4153397778709134,b'eLuEO5CAG02JtC/mDA1AadGQiMRooJefmwpKlHolmWngIgzmIWCQgRyKWUKCGGAf2dkgipig1DQqFXEgN4BtBtHgKAEywNGJs3CjSVGrAIqO4oLE5FRyTQMGEHJRDTXbRh9Z0AZSgOsa2ehDi3J9VN8ABXD4GpTi7QBXaRYa',50dc03eba6f47df3769e7fe58aec66d8,file:/share/data/cellprofiler/christa/20230905_190025_768/mod/PointA10_0001_ChannelSYTO_Spheroid_Bounds_Seq0010.ome0014.tif,0,0010,0,A10,nan,0014,0,0,0,0,0,/share/data/cellprofiler/christa/20230905_190025_768/mod,Done,65535,0,file:/share/data/cellprofiler/christa/20230905_190025_768/mod/PointA10_0001_ChannelSYTO_Spheroid_Bounds_Seq0010.ome0014.tif,1024
-2,0.0,0.0,0.30999999999999517,0.0,0.6000000000000014,PointA10_0001_ChannelSYTO_Spheroid_Bounds_Seq0010.ome0015.tif,0,16,3,1024,74,0.0,0.03007168989290838,0.0,-2.472724119564225,b'eLuEO5CAG02JtC/mDA1AadGQiMRooJefmwqkTfVKMtPARRjMQ8AgAzkUs4QEMcA+srNBFDFBqWlUKuJAbgDbDKLBUQJkgKMTZ+FGk6JWARQdxQWJyankmgYMIOSiGmq2jT6yoA2kANc1stGHFuX6qL4BCuDwNSjF2wEAWSEWGw==',a70fe43d27cadc70f90d3190ae8e8cdd,file:/share/data/cellprofiler/christa/20230905_190025_768/mod/PointA10_0001_ChannelSYTO_Spheroid_Bounds_Seq0010.ome0015.tif,0,0010,0,A10,nan,0015,0,0,0,0,0,/share/data/cellprofiler/christa/20230905_190025_768/mod,Done,65535,0,file:/share/data/cellprofiler/christa/20230905_190025_768/mod/PointA10_0001_ChannelSYTO_Spheroid_Bounds_Seq0010.ome0015.tif,1024
-2,0.0,0.0,0.240000000000002,0.0,0.6299999999999955,PointA10_0001_ChannelSYTO_Spheroid_Bounds_Seq0010.ome0016.tif,0,17,3,1024,75,0.0,0.024798745506955808,0.0,-2.653745209267166,b'eLuEO5CAG02JtC/mDA1AadGQiMRooJefmwqkzfRKMtPARRjMQ8AgAzkUs4QEMcA+srNBFDFBqWlUKuJAbgDbDKLBUQJkgKMTZ+FGk6JWARQdxQWJyankmgYMIOSiGmq2jT6yoA2kANc1stGHFuX6qL4BCuDwNSjF2wEAWtkWHA==',65df920caa80e203e3a68c93b271c5d0,file:/share/data/cellprofiler/christa/20230905_190025_768/mod/PointA10_0001_ChannelSYTO_Spheroid_Bounds_Seq0010.ome0016.tif,0,0010,0,A10,nan,0016,0,0,0,0,0,/share/data/cellprofiler/christa/20230905_190025_768/mod,Done,65535,0,file:/share/data/cellprofiler/christa/20230905_190025_768/mod/PointA10_0001_ChannelSYTO_Spheroid_Bounds_Seq0010.ome0016.tif,1024
-2,0.0,0.0,0.23000000000000398,0.0,0.6199999999999974,PointA10_0001_ChannelSYTO_Spheroid_Bounds_Seq0010.ome0017.tif,0,18,3,1024,76,0.0,0.021722370414445673,0.0,-2.709735184833488,b'eLuEO5CAG02JtC/mDA1AadGQiMRooJefmwqkzfVKMtPARRjMQ8AgAzkUs4QEMcA+srNBFDFBqWlUKuJAbgDbDKLBUQJkgKMTZ+FGk6JWARQdxQWJyankmgYMIOSiGmq2jT6yoA2kANc1stGHFuX6qL4BCuDwNSjF2wEAXJEWHQ==',b9c1ade2b86da31b6b9bb14d992f0ff8,file:/share/data/cellprofiler/christa/20230905_190025_768/mod/PointA10_0001_ChannelSYTO_Spheroid_Bounds_Seq0010.ome0017.tif,0,0010,0,A10,nan,0017,0,0,0,0,0,/share/data/cellprofiler/christa/20230905_190025_768/mod,Done,65535,0,file:/share/data/cellprofiler/christa/20230905_190025_768/mod/PointA10_0001_ChannelSYTO_Spheroid_Bounds_Seq0010.ome0017.tif,1024
-2,0.0,0.0,0.4099999999999966,0.0,0.7600000000000051,PointA10_0001_ChannelSYTO_Spheroid_Bounds_Seq0010.ome0018.tif,0,19,3,1024,77,0.0,0.019505154641657394,0.0,-2.377666642531593,b'eLuEO5CAG02JtC/mDA1AadGQiMRooJefmwqkLfRKMtPARRjMQ8AgAzkUs4QEMcA+srNBFDFBqWlUKuJAbgDbDKLBUQJkgKMTZ+FGk6JWARQdxQWJyankmgYMIOSiGmq2jT6yoA2kANc1stGHFuX6qL4BCuDwNSjF2wEAXkkWHg==',3774863ae828f8d7d01f3ef56a9778e2,file:/share/data/cellprofiler/christa/20230905_190025_768/mod/PointA10_0001_ChannelSYTO_Spheroid_Bounds_Seq0010.ome0018.tif,0,0010,0,A10,nan,0018,0,0,0,0,0,/share/data/cellprofiler/christa/20230905_190025_768/mod,Done,65535,0,file:/share/data/cellprofiler/christa/20230905_190025_768/mod/PointA10_0001_ChannelSYTO_Spheroid_Bounds_Seq0010.ome0018.tif,1024
-2,0.0,0.0,0.3599999999999923,0.0,0.759999999999998,PointA10_0001_ChannelSYTO_Spheroid_Bounds_Seq0010.ome0019.tif,0,20,3,1024,78,0.0,0.017563782670887724,0.0,-1.8617133425555596,b'eLuEO5CAG02JtC/mDA1AadGQiMRooJefmwqkLfVKMtPARRjMQ8AgAzkUs4QEMcA+srNBFDFBqWlUKuJAbgDbDKLBUQJkgKMTZ+FGk6JWARQdxQWJyankmgYMIOSiGmq2jT6yoA2kANc1stGHFuX6qL4BCuDwNSjF2wEAYAEWHw==',650bd56496fc3e0f2b3b736cf979bab6,file:/share/data/cellprofiler/christa/20230905_190025_768/mod/PointA10_0001_ChannelSYTO_Spheroid_Bounds_Seq0010.ome0019.tif,0,0010,0,A10,nan,0019,0,0,0,0,0,/share/data/cellprofiler/christa/20230905_190025_768/mod,Done,65535,0,file:/share/data/cellprofiler/christa/20230905_190025_768/mod/PointA10_0001_ChannelSYTO_Spheroid_Bounds_Seq0010.ome0019.tif,1024
-2,0.0,0.0,0.2700000000000031,0.0,0.7099999999999937,PointA10_0001_ChannelSYTO_Spheroid_Bounds_Seq0010.ome0020.tif,0,21,3,1024,79,0.0,0.015761376528471947,0.0,-1.316872606239807,b'eLuEO5CAG02JtC/mDA1AadGQiMRooJefmwo0wUCvJDMNXITBPAQMMpBDMUtIEAPsIzsbRBETlJpGpSIO5AawzSAaHCVABjg6cRZuNClqFUDRUVyQmJxKrmnAAEIuqqFm2+gjC9pACnBdIxt9aFGuj+oboAAOX4NSvB0AUkIWFw==',a4eaeadad4e88ae215f477cd5ce73cab,file:/share/data/cellprofiler/christa/20230905_190025_768/mod/PointA10_0001_ChannelSYTO_Spheroid_Bounds_Seq0010.ome0020.tif,0,0010,0,A10,nan,0020,0,0,0,0,0,/share/data/cellprofiler/christa/20230905_190025_768/mod,Done,65535,0,file:/share/data/cellprofiler/christa/20230905_190025_768/mod/PointA10_0001_ChannelSYTO_Spheroid_Bounds_Seq0010.ome0020.tif,1024
-2,0.0,0.0,0.4399999999999977,0.0,0.8500000000000014,PointA10_0001_ChannelSYTO_Spheroid_Bounds_Seq0010.ome0021.tif,0,22,3,1024,80,0.0,0.014061186711926969,0.0,-0.9158523564287019,b'eLuEO5CAG02JtC/mDA1AadGQiMRooJefmwo0wVCvJDMNXITBPAQMMpBDMUtIEAPsIzsbRBETlJpGpSIO5AawzSAaHCVABjg6cRZuNClqFUDRUVyQmJxKrmnAAEIuqqFm2+gjC9pACnBdIxt9aFGuj+oboAAOX4NSvB0AU/oWGA==',87ea107452ef3b456f7503411be36606,file:/share/data/cellprofiler/christa/20230905_190025_768/mod/PointA10_0001_ChannelSYTO_Spheroid_Bounds_Seq0010.ome0021.tif,0,0010,0,A10,nan,0021,0,0,0,0,0,/share/data/cellprofiler/christa/20230905_190025_768/mod,Done,65535,0,file:/share/data/cellprofiler/christa/20230905_190025_768/mod/PointA10_0001_ChannelSYTO_Spheroid_Bounds_Seq0010.ome0021.tif,1024
-2,0.0,0.0,0.3999999999999986,0.0,0.759999999999998,PointA10_0001_ChannelSYTO_Spheroid_Bounds_Seq0010.ome0022.tif,0,23,3,1024,81,0.0,0.01224473582274433,0.0,-0.7796379584662042,b'eLuEO5CAG02JtC/mDA1AadGQiMRooJefmwo0wUivJDMNXITBPAQMMpBDMUtIEAPsIzsbRBETlJpGpSIO5AawzSAaHCVABjg6cRZuNClqFUDRUVyQmJxKrmnAAEIuqqFm2+gjC9pACnBdIxt9aFGuj+oboAAOX4NSvB0AVbIWGQ==',3a64274752d821f95325d8493f77598b,file:/share/data/cellprofiler/christa/20230905_190025_768/mod/PointA10_0001_ChannelSYTO_Spheroid_Bounds_Seq0010.ome0022.tif,0,0010,0,A10,nan,0022,0,0,0,0,0,/share/data/cellprofiler/christa/20230905_190025_768/mod,Done,65535,0,file:/share/data/cellprofiler/christa/20230905_190025_768/mod/PointA10_0001_ChannelSYTO_Spheroid_Bounds_Seq0010.ome0022.tif,1024
-2,0.0,0.0,0.4200000000000017,0.0,0.6799999999999997,PointA10_0001_ChannelSYTO_Spheroid_Bounds_Seq0010.ome0023.tif,0,24,3,1024,82,0.0,0.010506130575568694,0.0,-0.8697883560204727,b'eLuEO5CAG02JtC/mDA1AadGQiMRooJefmwo0wVivJDMNXITBPAQMMpBDMUtIEAPsIzsbRBETlJpGpSIO5AawzSAaHCVABjg6cRZuNClqFUDRUVyQmJxKrmnAAEIuqqFm2+gjC9pACnBdIxt9aFGuj+oboAAOX4NSvB0AV2oWGg==',667b457f24c2d0e817704c5f3030804c,file:/share/data/cellprofiler/christa/20230905_190025_768/mod/PointA10_0001_ChannelSYTO_Spheroid_Bounds_Seq0010.ome0023.tif,0,0010,0,A10,nan,0023,0,0,0,0,0,/share/data/cellprofiler/christa/20230905_190025_768/mod,Done,65535,0,file:/share/data/cellprofiler/christa/20230905_190025_768/mod/PointA10_0001_ChannelSYTO_Spheroid_Bounds_Seq0010.ome0023.tif,1024
-2,0.0,0.0,0.28999999999999915,0.0,0.6200000000000045,PointA10_0001_ChannelSYTO_Spheroid_Bounds_Seq0010.ome0024.tif,0,25,3,1024,83,0.0,0.008664521347313731,0.0,-0.9408143790811225,b'eLuEO5CAG02JtC/mDA1AadGQiMRooJefmwo0wUSvJDMNXITBPAQMMpBDMUtIEAPsIzsbRBETlJpGpSIO5AawzSAaHCVABjg6cRZuNClqFUDRUVyQmJxKrmnAAEIuqqFm2+gjC9pACnBdIxt9aFGuj+oboAAOX4NSvB0AWSIWGw==',b0492590acacdc5fd82b03f9ad3b6083,file:/share/data/cellprofiler/christa/20230905_190025_768/mod/PointA10_0001_ChannelSYTO_Spheroid_Bounds_Seq0010.ome0024.tif,0,0010,0,A10,nan,0024,0,0,0,0,0,/share/data/cellprofiler/christa/20230905_190025_768/mod,Done,65535,0,file:/share/data/cellprofiler/christa/20230905_190025_768/mod/PointA10_0001_ChannelSYTO_Spheroid_Bounds_Seq0010.ome0024.tif,1024
-2,0.0,0.0,0.36000000000000654,0.0,0.6499999999999986,PointA10_0001_ChannelSYTO_Spheroid_Bounds_Seq0010.ome0025.tif,0,26,3,1024,84,0.0,0.007130363069681249,0.0,-1.0305236662641388,b'eLuEO5CAG02JtC/mDA1AadGQiMRooJefmwoyQa8kMw1chME8BAwykEMxS0gQA+wjOxtEEROUmkalIg7kBrDNIBocJUAGODpxFm40KWoVQNFRXJCYnEquacAAQi6qoWbb6CML2kAKcF0jG31oUa6P6hugAA5fg1K8HQBa2hYc',0ddf684ec1ffb879e329c4643d52bcf6,file:/share/data/cellprofiler/christa/20230905_190025_768/mod/PointA10_0001_ChannelSYTO_Spheroid_Bounds_Seq0010.ome0025.tif,0,0010,0,A10,nan,0025,0,0,0,0,0,/share/data/cellprofiler/christa/20230905_190025_768/mod,Done,65535,0,file:/share/data/cellprofiler/christa/20230905_190025_768/mod/PointA10_0001_ChannelSYTO_Spheroid_Bounds_Seq0010.ome0025.tif,1024
-2,0.0,0.0,0.3299999999999983,0.0,1.2899999999999991,PointA10_0001_ChannelSYTO_Spheroid_Bounds_Seq0010.ome0026.tif,0,27,3,1024,85,0.0,0.005707996205708102,0.0,-1.0804331894996022,b'eLuEO5CAG02JtC/mDA1AadGQiMRooJefmwo0wUyvJDMNXITBPAQMMpBDMUtIEAPsIzsbRBETlJpGpSIO5AawzSAaHCVABjg6cRZuNClqFUDRUVyQmJxKrmnAAEIuqqFm2+gjC9pACnBdIxt9aFGuj+oboAAOX4NSvB0AXJIWHQ==',5e339704020504bec6815f422095c310,file:/share/data/cellprofiler/christa/20230905_190025_768/mod/PointA10_0001_ChannelSYTO_Spheroid_Bounds_Seq0010.ome0026.tif,0,0010,0,A10,nan,0026,0,0,0,0,0,/share/data/cellprofiler/christa/20230905_190025_768/mod,Done,65535,0,file:/share/data/cellprofiler/christa/20230905_190025_768/mod/PointA10_0001_ChannelSYTO_Spheroid_Bounds_Seq0010.ome0026.tif,1024
-2,0.0,0.0,0.3500000000000014,0.0,0.6899999999999977,PointA10_0001_ChannelSYTO_Spheroid_Bounds_Seq0010.ome0027.tif,0,28,3,1024,86,0.0,0.004459737734133534,0.0,-1.092555387223541,b'eLuEO5CAG02JtC/mDA1AadGQiMRooJefmwo0wVyvJDMNXITBPAQMMpBDMUtIEAPsIzsbRBETlJpGpSIO5AawzSAaHCVABjg6cRZuNClqFUDRUVyQmJxKrmnAAEIuqqFm2+gjC9pACnBdIxt9aFGuj+oboAAOX4NSvB0AXkoWHg==',ebebc336a4ab6aa980b8b4f461d289ae,file:/share/data/cellprofiler/christa/20230905_190025_768/mod/PointA10_0001_ChannelSYTO_Spheroid_Bounds_Seq0010.ome0027.tif,0,0010,0,A10,nan,0027,0,0,0,0,0,/share/data/cellprofiler/christa/20230905_190025_768/mod,Done,65535,0,file:/share/data/cellprofiler/christa/20230905_190025_768/mod/PointA10_0001_ChannelSYTO_Spheroid_Bounds_Seq0010.ome0027.tif,1024
-2,0.0,0.0,0.25,0.0,0.769999999999996,PointA10_0001_ChannelSYTO_Spheroid_Bounds_Seq0010.ome0028.tif,0,29,3,1024,87,0.0,0.003505183035131351,0.0,-1.0731708141240164,b'eLuEO5CAG02JtC/mDA1AadGQiMRooJefmwo0wUKvJDMNXITBPAQMMpBDMUtIEAPsIzsbRBETlJpGpSIO5AawzSAaHCVABjg6cRZuNClqFUDRUVyQmJxKrmnAAEIuqqFm2+gjC9pACnBdIxt9aFGuj+oboAAOX4NSvB0AYAIWHw==',46a44fb861a94a6e50872f18092ef57e,file:/share/data/cellprofiler/christa/20230905_190025_768/mod/PointA10_0001_ChannelSYTO_Spheroid_Bounds_Seq0010.ome0028.tif,0,0010,0,A10,nan,0028,0,0,0,0,0,/share/data/cellprofiler/christa/20230905_190025_768/mod,Done,65535,0,file:/share/data/cellprofiler/christa/20230905_190025_768/mod/PointA10_0001_ChannelSYTO_Spheroid_Bounds_Seq0010.ome0028.tif,1024
-2,0.0,0.0,2.889999999999999,0.0,0.9800000000000004,PointA10_0001_ChannelSYTO_Spheroid_Bounds_Seq0011.ome0000.tif,0,1,4,1024,88,0.0,0.00042824467925029657,0.0,-0.8642350256566003,b'eLuEO5CAG02JtC/mDA1AadGQiMRoqJefmwoqD/VKMtPARRjMQ8AgAzkUs4QEMcA+srNBFDFBqWlUKuJAbgDbDKLBUQJkgKMTZ+FGk6JWARQdxQWJyankmgYMIOSiGmq2jT6yoA2kANc1stGHFuX6qL4BCuDwNSjF2wEAUJAWFg==',f8eb9cd5bd85fac3dc29c16083ca0b6a,file:/share/data/cellprofiler/christa/20230905_190025_768/mod/PointA10_0001_ChannelSYTO_Spheroid_Bounds_Seq0011.ome0000.tif,0,0011,0,A10,nan,0000,0,0,0,0,0,/share/data/cellprofiler/christa/20230905_190025_768/mod,Done,65535,0,file:/share/data/cellprofiler/christa/20230905_190025_768/mod/PointA10_0001_ChannelSYTO_Spheroid_Bounds_Seq0011.ome0000.tif,1024
-2,0.0,0.0,0.9800000000000004,0.0,1.9199999999999982,PointA10_0001_ChannelSYTO_Spheroid_Bounds_Seq0011.ome0001.tif,0,2,4,1024,89,0.0,0.0005445896642837043,0.0,-0.8599267917439237,b'eLuEO5CAG02JtC/mDA1AadGQiMRoqJefmwpSq1eSmQYuwmAeAgYZyKGYJSSIAfaRnQ2iiAlKTaNSEQdyA9hmEA2OEiADHJ04CzeaFLUKoOgoLkhMTiXXNGAAIRfVULNt9JEFbSAFuK6RjT60KNdH9Q1QAIevQSneDgBSSBYX',7affe3ea40e075e6791d718cc5322f69,file:/share/data/cellprofiler/christa/20230905_190025_768/mod/PointA10_0001_ChannelSYTO_Spheroid_Bounds_Seq0011.ome0001.tif,0,0011,0,A10,nan,0001,0,0,0,0,0,/share/data/cellprofiler/christa/20230905_190025_768/mod,Done,65535,0,file:/share/data/cellprofiler/christa/20230905_190025_768/mod/PointA10_0001_ChannelSYTO_Spheroid_Bounds_Seq0011.ome0001.tif,1024
-2,0.0,0.0,0.6800000000000033,0.0,1.490000000000002,PointA10_0001_ChannelSYTO_Spheroid_Bounds_Seq0011.ome0002.tif,0,3,4,1024,90,0.0,0.0006794043114777237,0.0,-0.8414642412840322,b'eLuEO5CAG02JtC/mDA1AadGQiMRoqJefmwpUa6RXkpkGLsJgHgIGGcihmCUkiAH2kZ0NoogJSk2jUhEHcgPYZhANjhIgAxydOAs3mhS1CqDoKC5ITE4l1zRgACEX1VCzbfSRBW0gBbiukY0+tCjXR/UNUACHr0Ep3g4AVAAWGA==',409ebe2674912831638811daf5818fa1,file:/share/data/cellprofiler/christa/20230905_190025_768/mod/PointA10_0001_ChannelSYTO_Spheroid_Bounds_Seq0011.ome0002.tif,0,0011,0,A10,nan,0002,0,0,0,0,0,/share/data/cellprofiler/christa/20230905_190025_768/mod,Done,65535,0,file:/share/data/cellprofiler/christa/20230905_190025_768/mod/PointA10_0001_ChannelSYTO_Spheroid_Bounds_Seq0011.ome0002.tif,1024
-2,0.0,0.0,0.7899999999999991,0.0,1.6699999999999982,PointA10_0001_ChannelSYTO_Spheroid_Bounds_Seq0011.ome0003.tif,0,4,4,1024,91,0.0,0.0008740005391838319,0.0,-0.8529921251493608,b'eLuEO5CAG02JtC/mDA1AadGQiMRoqJefmwpUa6xXkpkGLsJgHgIGGcihmCUkiAH2kZ0NoogJSk2jUhEHcgPYZhANjhIgAxydOAs3mhS1CqDoKC5ITE4l1zRgACEX1VCzbfSRBW0gBbiukY0+tCjXR/UNUACHr0Ep3g4AVbgWGQ==',1ac500a361a36e352fdb3ccd74a041bd,file:/share/data/cellprofiler/christa/20230905_190025_768/mod/PointA10_0001_ChannelSYTO_Spheroid_Bounds_Seq0011.ome0003.tif,0,0011,0,A10,nan,0003,0,0,0,0,0,/share/data/cellprofiler/christa/20230905_190025_768/mod,Done,65535,0,file:/share/data/cellprofiler/christa/20230905_190025_768/mod/PointA10_0001_ChannelSYTO_Spheroid_Bounds_Seq0011.ome0003.tif,1024
-2,0.0,0.0,0.620000000000001,0.0,1.6899999999999977,PointA10_0001_ChannelSYTO_Spheroid_Bounds_Seq0011.ome0004.tif,0,5,4,1024,92,0.0,0.001122325981247957,0.0,-0.8382036621883672,b'eLuEO5CAG02JtC/mDA1AadGQiMRoqJefmwpUa6JXkpkGLsJgHgIGGcihmCUkiAH2kZ0NoogJSk2jUhEHcgPYZhANjhIgAxydOAs3mhS1CqDoKC5ITE4l1zRgACEX1VCzbfSRBW0gBbiukY0+tCjXR/UNUACHr0Ep3g4AV3AWGg==',d5b88298c78acf8813efcacf7c420fd1,file:/share/data/cellprofiler/christa/20230905_190025_768/mod/PointA10_0001_ChannelSYTO_Spheroid_Bounds_Seq0011.ome0004.tif,0,0011,0,A10,nan,0004,0,0,0,0,0,/share/data/cellprofiler/christa/20230905_190025_768/mod,Done,65535,0,file:/share/data/cellprofiler/christa/20230905_190025_768/mod/PointA10_0001_ChannelSYTO_Spheroid_Bounds_Seq0011.ome0004.tif,1024
-2,0.0,0.0,0.6199999999999974,0.0,0.8599999999999959,PointA10_0001_ChannelSYTO_Spheroid_Bounds_Seq0011.ome0005.tif,0,6,4,1024,93,0.0,0.0014696962578274507,0.0,-0.8568649074179518,b'eLuEO5CAG02JtC/mDA1AadGQiMRoqJefmwpUa6pXkpkGLsJgHgIGGcihmCUkiAH2kZ0NoogJSk2jUhEHcgPYZhANjhIgAxydOAs3mhS1CqDoKC5ITE4l1zRgACEX1VCzbfSRBW0gBbiukY0+tCjXR/UNUACHr0Ep3g4AWSgWGw==',705b47518c0ead6a995e021a4114f608,file:/share/data/cellprofiler/christa/20230905_190025_768/mod/PointA10_0001_ChannelSYTO_Spheroid_Bounds_Seq0011.ome0005.tif,0,0011,0,A10,nan,0005,0,0,0,0,0,/share/data/cellprofiler/christa/20230905_190025_768/mod,Done,65535,0,file:/share/data/cellprofiler/christa/20230905_190025_768/mod/PointA10_0001_ChannelSYTO_Spheroid_Bounds_Seq0011.ome0005.tif,1024
-2,0.0,0.0,0.3099999999999987,0.0,0.8000000000000007,PointA10_0001_ChannelSYTO_Spheroid_Bounds_Seq0011.ome0006.tif,0,7,4,1024,94,0.0,0.0019198502055370304,0.0,-0.8800143321445728,b'eLuEO5CAG02JtC/mDA1AadGQiMRoqJefmwpUa6ZXkpkGLsJgHgIGGcihmCUkiAH2kZ0NoogJSk2jUhEHcgPYZhANjhIgAxydOAs3mhS1CqDoKC5ITE4l1zRgACEX1VCzbfSRBW0gBbiukY0+tCjXR/UNUACHr0Ep3g4AWuAWHA==',9fd6540f3c54ad6d60b5e376a442e368,file:/share/data/cellprofiler/christa/20230905_190025_768/mod/PointA10_0001_ChannelSYTO_Spheroid_Bounds_Seq0011.ome0006.tif,0,0011,0,A10,nan,0006,0,0,0,0,0,/share/data/cellprofiler/christa/20230905_190025_768/mod,Done,65535,0,file:/share/data/cellprofiler/christa/20230905_190025_768/mod/PointA10_0001_ChannelSYTO_Spheroid_Bounds_Seq0011.ome0006.tif,1024
-2,0.0,0.0,0.5799999999999983,0.0,0.6400000000000006,PointA10_0001_ChannelSYTO_Spheroid_Bounds_Seq0011.ome0007.tif,0,8,4,1024,95,0.0,0.0025215597222433637,0.0,-0.9267193019025779,b'eLuEO5CAG02JtC/mDA1AadGQiMRoqJefmwpUa65XkpkGLsJgHgIGGcihmCUkiAH2kZ0NoogJSk2jUhEHcgPYZhANjhIgAxydOAs3mhS1CqDoKC5ITE4l1zRgACEX1VCzbfSRBW0gBbiukY0+tCjXR/UNUACHr0Ep3g4AXJgWHQ==',5e497e89fe88fa6ea923e80a257e9416,file:/share/data/cellprofiler/christa/20230905_190025_768/mod/PointA10_0001_ChannelSYTO_Spheroid_Bounds_Seq0011.ome0007.tif,0,0011,0,A10,nan,0007,0,0,0,0,0,/share/data/cellprofiler/christa/20230905_190025_768/mod,Done,65535,0,file:/share/data/cellprofiler/christa/20230905_190025_768/mod/PointA10_0001_ChannelSYTO_Spheroid_Bounds_Seq0011.ome0007.tif,1024
-2,0.0,0.0,0.360000000000003,0.0,0.6799999999999962,PointA10_0001_ChannelSYTO_Spheroid_Bounds_Seq0011.ome0008.tif,0,9,4,1024,96,0.0,0.003333315435366272,0.0,-0.9661011837438909,b'eLuEO5CAG02JtC/mDA1AadGQiMRoqJefmwoqE/VKMtPARRjMQ8AgAzkUs4QEMcA+srNBFDFBqWlUKuJAbgDbDKLBUQJkgKMTZ+FGk6JWARQdxQWJyankmgYMIOSiGmq2jT6yoA2kANc1stGHFuX6qL4BCuDwNSjF2wEAXlAWHg==',491f94d990afec03a5fb78e92e0a6f55,file:/share/data/cellprofiler/christa/20230905_190025_768/mod/PointA10_0001_ChannelSYTO_Spheroid_Bounds_Seq0011.ome0008.tif,0,0011,0,A10,nan,0008,0,0,0,0,0,/share/data/cellprofiler/christa/20230905_190025_768/mod,Done,65535,0,file:/share/data/cellprofiler/christa/20230905_190025_768/mod/PointA10_0001_ChannelSYTO_Spheroid_Bounds_Seq0011.ome0008.tif,1024
-2,0.0,0.0,0.3500000000000014,0.0,0.6600000000000001,PointA10_0001_ChannelSYTO_Spheroid_Bounds_Seq0011.ome0009.tif,0,10,4,1024,97,0.0,0.004356724336206695,0.0,-1.0394315958562586,b'eLuEO5CAG02JtC/mDA1AadGQiMRoqJefmwpUa6lXkpkGLsJgHgIGGcihmCUkiAH2kZ0NoogJSk2jUhEHcgPYZhANjhIgAxydOAs3mhS1CqDoKC5ITE4l1zRgACEX1VCzbfSRBW0gBbiukY0+tCjXR/UNUACHr0Ep3g4AYAgWHw==',6be413bca838e6078276dabbf443b58d,file:/share/data/cellprofiler/christa/20230905_190025_768/mod/PointA10_0001_ChannelSYTO_Spheroid_Bounds_Seq0011.ome0009.tif,0,0011,0,A10,nan,0009,0,0,0,0,0,/share/data/cellprofiler/christa/20230905_190025_768/mod,Done,65535,0,file:/share/data/cellprofiler/christa/20230905_190025_768/mod/PointA10_0001_ChannelSYTO_Spheroid_Bounds_Seq0011.ome0009.tif,1024
-2,0.0,0.0,0.379999999999999,0.0,0.6800000000000033,PointA10_0001_ChannelSYTO_Spheroid_Bounds_Seq0011.ome0010.tif,0,11,4,1024,98,0.0,0.00566866354549476,0.0,-1.1787257049462525,b'eLuEO5CAG02JtC/mDA1AadGQiMRoqJefmwqkDfRKMtPARRjMQ8AgAzkUs4QEMcA+srNBFDFBqWlUKuJAbgDbDKLBUQJkgKMTZ+FGk6JWARQdxQWJyankmgYMIOSiGmq2jT6yoA2kANc1stGHFuX6qL4BCuDwNSjF2wEAUkkWFw==',69f97d41e6e3c413dd1ebb8897f6c871,file:/share/data/cellprofiler/christa/20230905_190025_768/mod/PointA10_0001_ChannelSYTO_Spheroid_Bounds_Seq0011.ome0010.tif,0,0011,0,A10,nan,0010,0,0,0,0,0,/share/data/cellprofiler/christa/20230905_190025_768/mod,Done,65535,0,file:/share/data/cellprofiler/christa/20230905_190025_768/mod/PointA10_0001_ChannelSYTO_Spheroid_Bounds_Seq0011.ome0010.tif,1024
-2,0.0,0.0,0.38999999999999346,0.0,0.7999999999999972,PointA10_0001_ChannelSYTO_Spheroid_Bounds_Seq0011.ome0011.tif,0,12,4,1024,99,0.0,0.007391352025873713,0.0,-1.3366235174122738,b'eLuEO5CAG02JtC/mDA1AadGQiMRoqJefmwqmSzLTwEUYzEPAIAM5FLOEBDHAPrKzQRQxQalpVCriQG4A2wyiwVECZICjE2fhRpOiVgEUHcUFicmp5JoGDCDkohpqto0+sqANpADXNbLRhxbl+qi+AQrg8DUoxdsBAFQBFhg=',3be90017626777e2612fd34feff75ff7,file:/share/data/cellprofiler/christa/20230905_190025_768/mod/PointA10_0001_ChannelSYTO_Spheroid_Bounds_Seq0011.ome0011.tif,0,0011,0,A10,nan,0011,0,0,0,0,0,/share/data/cellprofiler/christa/20230905_190025_768/mod,Done,65535,0,file:/share/data/cellprofiler/christa/20230905_190025_768/mod/PointA10_0001_ChannelSYTO_Spheroid_Bounds_Seq0011.ome0011.tif,1024
-2,0.0,0.0,0.2600000000000051,0.0,0.6299999999999955,PointA10_0001_ChannelSYTO_Spheroid_Bounds_Seq0011.ome0012.tif,0,13,4,1024,100,0.0,0.009375989535328602,0.0,-1.571140683142179,b'eLuEO5CAG02JtC/mDA1AadGQiMRoqJefmwqkjfRKMtPARRjMQ8AgAzkUs4QEMcA+srNBFDFBqWlUKuJAbgDbDKLBUQJkgKMTZ+FGk6JWARQdxQWJyankmgYMIOSiGmq2jT6yoA2kANc1stGHFuX6qL4BCuDwNSjF2wEAVbkWGQ==',6b42eb94d3c35b5e04255d6da0ee60a4,file:/share/data/cellprofiler/christa/20230905_190025_768/mod/PointA10_0001_ChannelSYTO_Spheroid_Bounds_Seq0011.ome0012.tif,0,0011,0,A10,nan,0012,0,0,0,0,0,/share/data/cellprofiler/christa/20230905_190025_768/mod,Done,65535,0,file:/share/data/cellprofiler/christa/20230905_190025_768/mod/PointA10_0001_ChannelSYTO_Spheroid_Bounds_Seq0011.ome0012.tif,1024
-2,0.0,0.0,0.259999999999998,0.0,0.8000000000000043,PointA10_0001_ChannelSYTO_Spheroid_Bounds_Seq0011.ome0013.tif,0,14,4,1024,101,0.0,0.014817647380728412,0.0,-2.5268732127460733,b'eLuEO5CAG02JtC/mDA1AadGQiMRoqJefmwqkjfVKMtPARRjMQ8AgAzkUs4QEMcA+srNBFDFBqWlUKuJAbgDbDKLBUQJkgKMTZ+FGk6JWARQdxQWJyankmgYMIOSiGmq2jT6yoA2kANc1stGHFuX6qL4BCuDwNSjF2wEAV3EWGg==',de3042a8e14087b855da0da0701a7ad9,file:/share/data/cellprofiler/christa/20230905_190025_768/mod/PointA10_0001_ChannelSYTO_Spheroid_Bounds_Seq0011.ome0013.tif,0,0011,0,A10,nan,0013,0,0,0,0,0,/share/data/cellprofiler/christa/20230905_190025_768/mod,Done,65535,0,file:/share/data/cellprofiler/christa/20230905_190025_768/mod/PointA10_0001_ChannelSYTO_Spheroid_Bounds_Seq0011.ome0013.tif,1024
-2,0.0,0.0,0.3200000000000003,0.0,0.7800000000000082,PointA10_0001_ChannelSYTO_Spheroid_Bounds_Seq0011.ome0014.tif,0,15,4,1024,102,0.0,0.03134771220114066,0.0,-2.4153397778709134,b'eLuEO5CAG02JtC/mDA1AadGQiMRoqJefmwpKlHolmWngIgzmIWCQgRyKWUKCGGAf2dkgipig1DQqFXEgN4BtBtHgKAEywNGJs3CjSVGrAIqO4oLE5FRyTQMGEHJRDTXbRh9Z0AZSgOsa2ehDi3J9VN8ABXD4GpTi7QBZKRYb',50dc03eba6f47df3769e7fe58aec66d8,file:/share/data/cellprofiler/christa/20230905_190025_768/mod/PointA10_0001_ChannelSYTO_Spheroid_Bounds_Seq0011.ome0014.tif,0,0011,0,A10,nan,0014,0,0,0,0,0,/share/data/cellprofiler/christa/20230905_190025_768/mod,Done,65535,0,file:/share/data/cellprofiler/christa/20230905_190025_768/mod/PointA10_0001_ChannelSYTO_Spheroid_Bounds_Seq0011.ome0014.tif,1024
-2,0.0,0.0,0.29999999999999716,0.0,0.8200000000000003,PointA10_0001_ChannelSYTO_Spheroid_Bounds_Seq0011.ome0015.tif,0,16,4,1024,103,0.0,0.03007168989290838,0.0,-2.472724119564225,b'eLuEO5CAG02JtC/mDA1AadGQiMRoqJefmwqkTfVKMtPARRjMQ8AgAzkUs4QEMcA+srNBFDFBqWlUKuJAbgDbDKLBUQJkgKMTZ+FGk6JWARQdxQWJyankmgYMIOSiGmq2jT6yoA2kANc1stGHFuX6qL4BCuDwNSjF2wEAWuEWHA==',a70fe43d27cadc70f90d3190ae8e8cdd,file:/share/data/cellprofiler/christa/20230905_190025_768/mod/PointA10_0001_ChannelSYTO_Spheroid_Bounds_Seq0011.ome0015.tif,0,0011,0,A10,nan,0015,0,0,0,0,0,/share/data/cellprofiler/christa/20230905_190025_768/mod,Done,65535,0,file:/share/data/cellprofiler/christa/20230905_190025_768/mod/PointA10_0001_ChannelSYTO_Spheroid_Bounds_Seq0011.ome0015.tif,1024
-2,0.0,0.0,0.29999999999999716,0.0,0.7299999999999969,PointA10_0001_ChannelSYTO_Spheroid_Bounds_Seq0011.ome0016.tif,0,17,4,1024,104,0.0,0.024798745506955808,0.0,-2.653745209267166,b'eLuEO5CAG02JtC/mDA1AadGQiMRoqJefmwqkzfRKMtPARRjMQ8AgAzkUs4QEMcA+srNBFDFBqWlUKuJAbgDbDKLBUQJkgKMTZ+FGk6JWARQdxQWJyankmgYMIOSiGmq2jT6yoA2kANc1stGHFuX6qL4BCuDwNSjF2wEAXJkWHQ==',65df920caa80e203e3a68c93b271c5d0,file:/share/data/cellprofiler/christa/20230905_190025_768/mod/PointA10_0001_ChannelSYTO_Spheroid_Bounds_Seq0011.ome0016.tif,0,0011,0,A10,nan,0016,0,0,0,0,0,/share/data/cellprofiler/christa/20230905_190025_768/mod,Done,65535,0,file:/share/data/cellprofiler/christa/20230905_190025_768/mod/PointA10_0001_ChannelSYTO_Spheroid_Bounds_Seq0011.ome0016.tif,1024
-2,0.0,0.0,0.29000000000000625,0.0,0.8200000000000003,PointA10_0001_ChannelSYTO_Spheroid_Bounds_Seq0011.ome0017.tif,0,18,4,1024,105,0.0,0.021722370414445673,0.0,-2.709735184833488,b'eLuEO5CAG02JtC/mDA1AadGQiMRoqJefmwqkzfVKMtPARRjMQ8AgAzkUs4QEMcA+srNBFDFBqWlUKuJAbgDbDKLBUQJkgKMTZ+FGk6JWARQdxQWJyankmgYMIOSiGmq2jT6yoA2kANc1stGHFuX6qL4BCuDwNSjF2wEAXlEWHg==',b9c1ade2b86da31b6b9bb14d992f0ff8,file:/share/data/cellprofiler/christa/20230905_190025_768/mod/PointA10_0001_ChannelSYTO_Spheroid_Bounds_Seq0011.ome0017.tif,0,0011,0,A10,nan,0017,0,0,0,0,0,/share/data/cellprofiler/christa/20230905_190025_768/mod,Done,65535,0,file:/share/data/cellprofiler/christa/20230905_190025_768/mod/PointA10_0001_ChannelSYTO_Spheroid_Bounds_Seq0011.ome0017.tif,1024
-2,0.0,0.0,0.4100000000000037,0.0,0.7199999999999918,PointA10_0001_ChannelSYTO_Spheroid_Bounds_Seq0011.ome0018.tif,0,19,4,1024,106,0.0,0.019505154641657394,0.0,-2.377666642531593,b'eLuEO5CAG02JtC/mDA1AadGQiMRoqJefmwqkLfRKMtPARRjMQ8AgAzkUs4QEMcA+srNBFDFBqWlUKuJAbgDbDKLBUQJkgKMTZ+FGk6JWARQdxQWJyankmgYMIOSiGmq2jT6yoA2kANc1stGHFuX6qL4BCuDwNSjF2wEAYAkWHw==',3774863ae828f8d7d01f3ef56a9778e2,file:/share/data/cellprofiler/christa/20230905_190025_768/mod/PointA10_0001_ChannelSYTO_Spheroid_Bounds_Seq0011.ome0018.tif,0,0011,0,A10,nan,0018,0,0,0,0,0,/share/data/cellprofiler/christa/20230905_190025_768/mod,Done,65535,0,file:/share/data/cellprofiler/christa/20230905_190025_768/mod/PointA10_0001_ChannelSYTO_Spheroid_Bounds_Seq0011.ome0018.tif,1024
-2,0.0,0.0,0.29000000000000625,0.0,0.75,PointA10_0001_ChannelSYTO_Spheroid_Bounds_Seq0011.ome0019.tif,0,20,4,1024,107,0.0,0.017563782670887724,0.0,-1.8617133425555596,b'eLuEO5CAG02JtC/mDA1AadGQiMRoqJefmwqkLfVKMtPARRjMQ8AgAzkUs4QEMcA+srNBFDFBqWlUKuJAbgDbDKLBUQJkgKMTZ+FGk6JWARQdxQWJyankmgYMIOSiGmq2jT6yoA2kANc1stGHFuX6qL4BCuDwNSjF2wEAYcEWIA==',650bd56496fc3e0f2b3b736cf979bab6,file:/share/data/cellprofiler/christa/20230905_190025_768/mod/PointA10_0001_ChannelSYTO_Spheroid_Bounds_Seq0011.ome0019.tif,0,0011,0,A10,nan,0019,0,0,0,0,0,/share/data/cellprofiler/christa/20230905_190025_768/mod,Done,65535,0,file:/share/data/cellprofiler/christa/20230905_190025_768/mod/PointA10_0001_ChannelSYTO_Spheroid_Bounds_Seq0011.ome0019.tif,1024
-2,0.0,0.0,0.45000000000000284,0.0,0.769999999999996,PointA10_0001_ChannelSYTO_Spheroid_Bounds_Seq0011.ome0020.tif,0,21,4,1024,108,0.0,0.015761376528471947,0.0,-1.316872606239807,b'eLuEO5CAG02JtC/mDA1AadGQiMRoqJefmwo0wUCvJDMNXITBPAQMMpBDMUtIEAPsIzsbRBETlJpGpSIO5AawzSAaHCVABjg6cRZuNClqFUDRUVyQmJxKrmnAAEIuqqFm2+gjC9pACnBdIxt9aFGuj+oboAAOX4NSvB0AVAIWGA==',a4eaeadad4e88ae215f477cd5ce73cab,file:/share/data/cellprofiler/christa/20230905_190025_768/mod/PointA10_0001_ChannelSYTO_Spheroid_Bounds_Seq0011.ome0020.tif,0,0011,0,A10,nan,0020,0,0,0,0,0,/share/data/cellprofiler/christa/20230905_190025_768/mod,Done,65535,0,file:/share/data/cellprofiler/christa/20230905_190025_768/mod/PointA10_0001_ChannelSYTO_Spheroid_Bounds_Seq0011.ome0020.tif,1024
-2,0.0,0.0,0.5200000000000031,0.0,0.7800000000000011,PointA10_0001_ChannelSYTO_Spheroid_Bounds_Seq0011.ome0021.tif,0,22,4,1024,109,0.0,0.014061186711926969,0.0,-0.9158523564287019,b'eLuEO5CAG02JtC/mDA1AadGQiMRoqJefmwo0wVCvJDMNXITBPAQMMpBDMUtIEAPsIzsbRBETlJpGpSIO5AawzSAaHCVABjg6cRZuNClqFUDRUVyQmJxKrmnAAEIuqqFm2+gjC9pACnBdIxt9aFGuj+oboAAOX4NSvB0AVboWGQ==',87ea107452ef3b456f7503411be36606,file:/share/data/cellprofiler/christa/20230905_190025_768/mod/PointA10_0001_ChannelSYTO_Spheroid_Bounds_Seq0011.ome0021.tif,0,0011,0,A10,nan,0021,0,0,0,0,0,/share/data/cellprofiler/christa/20230905_190025_768/mod,Done,65535,0,file:/share/data/cellprofiler/christa/20230905_190025_768/mod/PointA10_0001_ChannelSYTO_Spheroid_Bounds_Seq0011.ome0021.tif,1024
-2,0.0,0.0,0.35999999999999943,0.0,0.8100000000000023,PointA10_0001_ChannelSYTO_Spheroid_Bounds_Seq0011.ome0022.tif,0,23,4,1024,110,0.0,0.01224473582274433,0.0,-0.7796379584662042,b'eLuEO5CAG02JtC/mDA1AadGQiMRoqJefmwo0wUivJDMNXITBPAQMMpBDMUtIEAPsIzsbRBETlJpGpSIO5AawzSAaHCVABjg6cRZuNClqFUDRUVyQmJxKrmnAAEIuqqFm2+gjC9pACnBdIxt9aFGuj+oboAAOX4NSvB0AV3IWGg==',3a64274752d821f95325d8493f77598b,file:/share/data/cellprofiler/christa/20230905_190025_768/mod/PointA10_0001_ChannelSYTO_Spheroid_Bounds_Seq0011.ome0022.tif,0,0011,0,A10,nan,0022,0,0,0,0,0,/share/data/cellprofiler/christa/20230905_190025_768/mod,Done,65535,0,file:/share/data/cellprofiler/christa/20230905_190025_768/mod/PointA10_0001_ChannelSYTO_Spheroid_Bounds_Seq0011.ome0022.tif,1024
-2,0.0,0.0,0.39000000000000057,0.0,0.7199999999999989,PointA10_0001_ChannelSYTO_Spheroid_Bounds_Seq0011.ome0023.tif,0,24,4,1024,111,0.0,0.010506130575568694,0.0,-0.8697883560204727,b'eLuEO5CAG02JtC/mDA1AadGQiMRoqJefmwo0wVivJDMNXITBPAQMMpBDMUtIEAPsIzsbRBETlJpGpSIO5AawzSAaHCVABjg6cRZuNClqFUDRUVyQmJxKrmnAAEIuqqFm2+gjC9pACnBdIxt9aFGuj+oboAAOX4NSvB0AWSoWGw==',667b457f24c2d0e817704c5f3030804c,file:/share/data/cellprofiler/christa/20230905_190025_768/mod/PointA10_0001_ChannelSYTO_Spheroid_Bounds_Seq0011.ome0023.tif,0,0011,0,A10,nan,0023,0,0,0,0,0,/share/data/cellprofiler/christa/20230905_190025_768/mod,Done,65535,0,file:/share/data/cellprofiler/christa/20230905_190025_768/mod/PointA10_0001_ChannelSYTO_Spheroid_Bounds_Seq0011.ome0023.tif,1024
-2,0.0,0.0,0.2700000000000031,0.0,0.6600000000000037,PointA10_0001_ChannelSYTO_Spheroid_Bounds_Seq0011.ome0024.tif,0,25,4,1024,112,0.0,0.008664521347313731,0.0,-0.9408143790811225,b'eLuEO5CAG02JtC/mDA1AadGQiMRoqJefmwo0wUSvJDMNXITBPAQMMpBDMUtIEAPsIzsbRBETlJpGpSIO5AawzSAaHCVABjg6cRZuNClqFUDRUVyQmJxKrmnAAEIuqqFm2+gjC9pACnBdIxt9aFGuj+oboAAOX4NSvB0AWuIWHA==',b0492590acacdc5fd82b03f9ad3b6083,file:/share/data/cellprofiler/christa/20230905_190025_768/mod/PointA10_0001_ChannelSYTO_Spheroid_Bounds_Seq0011.ome0024.tif,0,0011,0,A10,nan,0024,0,0,0,0,0,/share/data/cellprofiler/christa/20230905_190025_768/mod,Done,65535,0,file:/share/data/cellprofiler/christa/20230905_190025_768/mod/PointA10_0001_ChannelSYTO_Spheroid_Bounds_Seq0011.ome0024.tif,1024
-2,0.0,0.0,0.30999999999999517,0.0,0.75,PointA10_0001_ChannelSYTO_Spheroid_Bounds_Seq0011.ome0025.tif,0,26,4,1024,113,0.0,0.007130363069681249,0.0,-1.0305236662641388,b'eLuEO5CAG02JtC/mDA1AadGQiMRoqJefmwoyQa8kMw1chME8BAwykEMxS0gQA+wjOxtEEROUmkalIg7kBrDNIBocJUAGODpxFm40KWoVQNFRXJCYnEquacAAQi6qoWbb6CML2kAKcF0jG31oUa6P6hugAA5fg1K8HQBcmhYd',0ddf684ec1ffb879e329c4643d52bcf6,file:/share/data/cellprofiler/christa/20230905_190025_768/mod/PointA10_0001_ChannelSYTO_Spheroid_Bounds_Seq0011.ome0025.tif,0,0011,0,A10,nan,0025,0,0,0,0,0,/share/data/cellprofiler/christa/20230905_190025_768/mod,Done,65535,0,file:/share/data/cellprofiler/christa/20230905_190025_768/mod/PointA10_0001_ChannelSYTO_Spheroid_Bounds_Seq0011.ome0025.tif,1024
-2,0.0,0.0,0.3399999999999963,0.0,1.8299999999999983,PointA10_0001_ChannelSYTO_Spheroid_Bounds_Seq0011.ome0026.tif,0,27,4,1024,114,0.0,0.005707996205708102,0.0,-1.0804331894996022,b'eLuEO5CAG02JtC/mDA1AadGQiMRoqJefmwo0wUyvJDMNXITBPAQMMpBDMUtIEAPsIzsbRBETlJpGpSIO5AawzSAaHCVABjg6cRZuNClqFUDRUVyQmJxKrmnAAEIuqqFm2+gjC9pACnBdIxt9aFGuj+oboAAOX4NSvB0AXlIWHg==',5e339704020504bec6815f422095c310,file:/share/data/cellprofiler/christa/20230905_190025_768/mod/PointA10_0001_ChannelSYTO_Spheroid_Bounds_Seq0011.ome0026.tif,0,0011,0,A10,nan,0026,0,0,0,0,0,/share/data/cellprofiler/christa/20230905_190025_768/mod,Done,65535,0,file:/share/data/cellprofiler/christa/20230905_190025_768/mod/PointA10_0001_ChannelSYTO_Spheroid_Bounds_Seq0011.ome0026.tif,1024
-2,0.0,0.0,0.5,0.0,0.6899999999999977,PointA10_0001_ChannelSYTO_Spheroid_Bounds_Seq0011.ome0027.tif,0,28,4,1024,115,0.0,0.004459737734133534,0.0,-1.092555387223541,b'eLuEO5CAG02JtC/mDA1AadGQiMRoqJefmwo0wVyvJDMNXITBPAQMMpBDMUtIEAPsIzsbRBETlJpGpSIO5AawzSAaHCVABjg6cRZuNClqFUDRUVyQmJxKrmnAAEIuqqFm2+gjC9pACnBdIxt9aFGuj+oboAAOX4NSvB0AYAoWHw==',ebebc336a4ab6aa980b8b4f461d289ae,file:/share/data/cellprofiler/christa/20230905_190025_768/mod/PointA10_0001_ChannelSYTO_Spheroid_Bounds_Seq0011.ome0027.tif,0,0011,0,A10,nan,0027,0,0,0,0,0,/share/data/cellprofiler/christa/20230905_190025_768/mod,Done,65535,0,file:/share/data/cellprofiler/christa/20230905_190025_768/mod/PointA10_0001_ChannelSYTO_Spheroid_Bounds_Seq0011.ome0027.tif,1024
-2,0.0,0.0,0.23000000000000398,0.0,0.6900000000000048,PointA10_0001_ChannelSYTO_Spheroid_Bounds_Seq0011.ome0028.tif,0,29,4,1024,116,0.0,0.003505183035131351,0.0,-1.0731708141240164,b'eLuEO5CAG02JtC/mDA1AadGQiMRoqJefmwo0wUKvJDMNXITBPAQMMpBDMUtIEAPsIzsbRBETlJpGpSIO5AawzSAaHCVABjg6cRZuNClqFUDRUVyQmJxKrmnAAEIuqqFm2+gjC9pACnBdIxt9aFGuj+oboAAOX4NSvB0AYcIWIA==',46a44fb861a94a6e50872f18092ef57e,file:/share/data/cellprofiler/christa/20230905_190025_768/mod/PointA10_0001_ChannelSYTO_Spheroid_Bounds_Seq0011.ome0028.tif,0,0011,0,A10,nan,0028,0,0,0,0,0,/share/data/cellprofiler/christa/20230905_190025_768/mod,Done,65535,0,file:/share/data/cellprofiler/christa/20230905_190025_768/mod/PointA10_0001_ChannelSYTO_Spheroid_Bounds_Seq0011.ome0028.tif,1024
-2,0.0,0.0,3.0500000000000007,0.0,0.629999999999999,PointA18_0002_ChannelSYTO_Spheroid_Bounds_Seq0012.ome0000.tif,0,1,5,1024,117,0.0,0.0003964091403430161,0.0,-0.8530852912366523,b'eLuEO5CAG02JtC/mDMFp0YiIxGikl5+bCioP9Uoy08BFGMxDwCADORSzhAQxwD6ys0EUMUGpaVQq4kBuANsMosFRAmSAoxNn4UaTolYBFB3FBYnJqeSaBgwg5KIaaraNPrKgDaQA1zWy0YcW5fqovgEK4PA1KMXbAQBjfBYg',a2d478b3d921fd2cca1d115d5ff4f7fe,file:/share/data/cellprofiler/christa/20230905_190025_768/mod/PointA18_0002_ChannelSYTO_Spheroid_Bounds_Seq0012.ome0000.tif,0,0012,0,A18,nan,0000,0,0,0,0,0,/share/data/cellprofiler/christa/20230905_190025_768/mod,Done,65535,0,file:/share/data/cellprofiler/christa/20230905_190025_768/mod/PointA18_0002_ChannelSYTO_Spheroid_Bounds_Seq0012.ome0000.tif,1024
-2,0.0,0.0,0.9500000000000011,0.0,1.5300000000000011,PointA18_0002_ChannelSYTO_Spheroid_Bounds_Seq0012.ome0001.tif,0,2,5,1024,118,0.0,0.0004961453537621537,0.0,-0.8600232649236967,b'eLuEO5CAG02JtC/mDMFp0YiIxGikl5+bClRrqFeSmQYuwmAeAgYZyKGYJSSIAfaRnQ2iiAlKTaNSEQdyA9hmEA2OEiADHJ04CzeaFLUKoOgoLkhMTiXXNGAAIRfVULNt9JEFbSAFuK6RjT60KNdH9Q1QAIevQSneDgBlNBYh',1294c1e89d257e4f0bc4375e18348278,file:/share/data/cellprofiler/christa/20230905_190025_768/mod/PointA18_0002_ChannelSYTO_Spheroid_Bounds_Seq0012.ome0001.tif,0,0012,0,A18,nan,0001,0,0,0,0,0,/share/data/cellprofiler/christa/20230905_190025_768/mod,Done,65535,0,file:/share/data/cellprofiler/christa/20230905_190025_768/mod/PointA18_0002_ChannelSYTO_Spheroid_Bounds_Seq0012.ome0001.tif,1024
-2,0.0,0.0,0.5500000000000007,0.0,1.1700000000000017,PointA18_0002_ChannelSYTO_Spheroid_Bounds_Seq0012.ome0002.tif,0,3,5,1024,119,0.0,0.0006222624075940466,0.0,-0.863523180039621,b'eLuEO5CAG02JtC/mDMFp0YiIxGikl5+bClKrV5KZBi7CYB4CBhnIoZglJIgB9pGdDaKICUpNo1IRB3ID2GYQDY4SIAMcnTgLN5oUtQqg6CguSExOJdc0YAAhF9VQs230kQVtIAW4rpGNPrQo10f1DVAAh69BKd4OAGbsFiI=',c69bd2c1c0ac7e84958c7a178a123c09,file:/share/data/cellprofiler/christa/20230905_190025_768/mod/PointA18_0002_ChannelSYTO_Spheroid_Bounds_Seq0012.ome0002.tif,0,0012,0,A18,nan,0002,0,0,0,0,0,/share/data/cellprofiler/christa/20230905_190025_768/mod,Done,65535,0,file:/share/data/cellprofiler/christa/20230905_190025_768/mod/PointA18_0002_ChannelSYTO_Spheroid_Bounds_Seq0012.ome0002.tif,1024
-2,0.0,0.0,0.8200000000000003,0.0,1.8900000000000006,PointA18_0002_ChannelSYTO_Spheroid_Bounds_Seq0012.ome0003.tif,0,4,5,1024,120,0.0,0.0007972783427811693,0.0,-0.8452771604129173,b'eLuEO5CAG02JtC/mDMFp0YiIxGikl5+bClRrrFeSmQYuwmAeAgYZyKGYJSSIAfaRnQ2iiAlKTaNSEQdyA9hmEA2OEiADHJ04CzeaFLUKoOgoLkhMTiXXNGAAIRfVULNt9JEFbSAFuK6RjT60KNdH9Q1QAIevQSneDgBopBYj',59c2e747a0d849b6a6834b938ae1c2f4,file:/share/data/cellprofiler/christa/20230905_190025_768/mod/PointA18_0002_ChannelSYTO_Spheroid_Bounds_Seq0012.ome0003.tif,0,0012,0,A18,nan,0003,0,0,0,0,0,/share/data/cellprofiler/christa/20230905_190025_768/mod,Done,65535,0,file:/share/data/cellprofiler/christa/20230905_190025_768/mod/PointA18_0002_ChannelSYTO_Spheroid_Bounds_Seq0012.ome0003.tif,1024
-2,0.0,0.0,0.7500000000000036,0.0,0.8699999999999974,PointA18_0002_ChannelSYTO_Spheroid_Bounds_Seq0012.ome0004.tif,0,5,5,1024,121,0.0,0.001025313724486858,0.0,-0.8379798840306296,b'eLuEO5CAG02JtC/mDMFp0YiIxGikl5+bClRroleSmQYuwmAeAgYZyKGYJSSIAfaRnQ2iiAlKTaNSEQdyA9hmEA2OEiADHJ04CzeaFLUKoOgoLkhMTiXXNGAAIRfVULNt9JEFbSAFuK6RjT60KNdH9Q1QAIevQSneDgBqXBYk',e3319d01b2b92ba6701605fe7d42f44b,file:/share/data/cellprofiler/christa/20230905_190025_768/mod/PointA18_0002_ChannelSYTO_Spheroid_Bounds_Seq0012.ome0004.tif,0,0012,0,A18,nan,0004,0,0,0,0,0,/share/data/cellprofiler/christa/20230905_190025_768/mod,Done,65535,0,file:/share/data/cellprofiler/christa/20230905_190025_768/mod/PointA18_0002_ChannelSYTO_Spheroid_Bounds_Seq0012.ome0004.tif,1024
-2,0.0,0.0,0.4600000000000044,0.010000000000001563,1.009999999999998,PointA18_0002_ChannelSYTO_Spheroid_Bounds_Seq0012.ome0005.tif,0,6,5,1024,122,0.0,0.0013216215198358669,0.0,-0.8234691854919933,b'eLuEO5CAG02JtC/mDMFp0YiIxGikl5+bClRrqleSmQYuwmAeAgYZyKGYJSSIAfaRnQ2iiAlKTaNSEQdyA9hmEA2OEiADHJ04CzeaFLUKoOgoLkhMTiXXNGAAIRfVULNt9JEFbSAFuK6RjT60KNdH9Q1QAIevQSneDgBsFBYl',28f75f1f62e7c050c6462de1696c5ee6,file:/share/data/cellprofiler/christa/20230905_190025_768/mod/PointA18_0002_ChannelSYTO_Spheroid_Bounds_Seq0012.ome0005.tif,0,0012,0,A18,nan,0005,0,0,0,0,0,/share/data/cellprofiler/christa/20230905_190025_768/mod,Done,65535,0,file:/share/data/cellprofiler/christa/20230905_190025_768/mod/PointA18_0002_ChannelSYTO_Spheroid_Bounds_Seq0012.ome0005.tif,1024
-2,0.0,0.0,0.3000000000000007,0.0,0.8300000000000018,PointA18_0002_ChannelSYTO_Spheroid_Bounds_Seq0012.ome0006.tif,0,7,5,1024,123,0.0,0.0017109449855733758,0.0,-0.8539970472972647,b'eLuEO5CAG02JtC/mDMFp0YiIxGikl5+bClRrpleSmQYuwmAeAgYZyKGYJSSIAfaRnQ2iiAlKTaNSEQdyA9hmEA2OEiADHJ04CzeaFLUKoOgoLkhMTiXXNGAAIRfVULNt9JEFbSAFuK6RjT60KNdH9Q1QAIevQSneDgBtzBYm',c5cf9067b9422d0484d8356e02461b11,file:/share/data/cellprofiler/christa/20230905_190025_768/mod/PointA18_0002_ChannelSYTO_Spheroid_Bounds_Seq0012.ome0006.tif,0,0012,0,A18,nan,0006,0,0,0,0,0,/share/data/cellprofiler/christa/20230905_190025_768/mod,Done,65535,0,file:/share/data/cellprofiler/christa/20230905_190025_768/mod/PointA18_0002_ChannelSYTO_Spheroid_Bounds_Seq0012.ome0006.tif,1024
-2,0.0,0.0,0.6000000000000014,0.0,0.6799999999999997,PointA18_0002_ChannelSYTO_Spheroid_Bounds_Seq0012.ome0007.tif,0,8,5,1024,124,0.0,0.0022392579039744315,0.0,-0.8890616130038487,b'eLuEO5CAG02JtC/mDMFp0YiIxGikl5+bClRrrleSmQYuwmAeAgYZyKGYJSSIAfaRnQ2iiAlKTaNSEQdyA9hmEA2OEiADHJ04CzeaFLUKoOgoLkhMTiXXNGAAIRfVULNt9JEFbSAFuK6RjT60KNdH9Q1QAIevQSneDgBvhBYn',acfb8c7550ac3bf7f9b3526f6f481ef7,file:/share/data/cellprofiler/christa/20230905_190025_768/mod/PointA18_0002_ChannelSYTO_Spheroid_Bounds_Seq0012.ome0007.tif,0,0012,0,A18,nan,0007,0,0,0,0,0,/share/data/cellprofiler/christa/20230905_190025_768/mod,Done,65535,0,file:/share/data/cellprofiler/christa/20230905_190025_768/mod/PointA18_0002_ChannelSYTO_Spheroid_Bounds_Seq0012.ome0007.tif,1024
-2,0.0,0.0,0.29999999999999716,0.0,0.6699999999999982,PointA18_0002_ChannelSYTO_Spheroid_Bounds_Seq0012.ome0008.tif,0,9,5,1024,125,0.0,0.002903665808585739,0.0,-0.9172927252717014,b'eLuEO5CAG02JtC/mDMFp0YiIxGikl5+bCioT9Uoy08BFGMxDwCADORSzhAQxwD6ys0EUMUGpaVQq4kBuANsMosFRAmSAoxNn4UaTolYBFB3FBYnJqeSaBgwg5KIaaraNPrKgDaQA1zWy0YcW5fqovgEK4PA1KMXbAQBxPBYo',5e3fe7b544ecdab5ffe4dd3764f40e59,file:/share/data/cellprofiler/christa/20230905_190025_768/mod/PointA18_0002_ChannelSYTO_Spheroid_Bounds_Seq0012.ome0008.tif,0,0012,0,A18,nan,0008,0,0,0,0,0,/share/data/cellprofiler/christa/20230905_190025_768/mod,Done,65535,0,file:/share/data/cellprofiler/christa/20230905_190025_768/mod/PointA18_0002_ChannelSYTO_Spheroid_Bounds_Seq0012.ome0008.tif,1024
-2,0.0,0.0,0.34999999999999787,0.0,0.730000000000004,PointA18_0002_ChannelSYTO_Spheroid_Bounds_Seq0012.ome0009.tif,0,10,5,1024,126,0.0,0.0037704601733457924,0.0,-0.9887330804280486,b'eLuEO5CAG02JtC/mDMFp0YiIxGikl5+bClRrqVeSmQYuwmAeAgYZyKGYJSSIAfaRnQ2iiAlKTaNSEQdyA9hmEA2OEiADHJ04CzeaFLUKoOgoLkhMTiXXNGAAIRfVULNt9JEFbSAFuK6RjT60KNdH9Q1QAIevQSneDgBy9BYp',8a56c1e8821798ce24a44029ce4bde19,file:/share/data/cellprofiler/christa/20230905_190025_768/mod/PointA18_0002_ChannelSYTO_Spheroid_Bounds_Seq0012.ome0009.tif,0,0012,0,A18,nan,0009,0,0,0,0,0,/share/data/cellprofiler/christa/20230905_190025_768/mod,Done,65535,0,file:/share/data/cellprofiler/christa/20230905_190025_768/mod/PointA18_0002_ChannelSYTO_Spheroid_Bounds_Seq0012.ome0009.tif,1024
-2,0.0,0.0,0.34999999999999787,0.0,0.5899999999999999,PointA18_0002_ChannelSYTO_Spheroid_Bounds_Seq0012.ome0010.tif,0,11,5,1024,127,0.0,0.00497142787903356,0.0,-1.0664877023353463,b'eLuEO5CAG02JtC/mDMFp0YiIxGikl5+bCqQN9Eoy08BFGMxDwCADORSzhAQxwD6ys0EUMUGpaVQq4kBuANsMosFRAmSAoxNn4UaTolYBFB3FBYnJqeSaBgwg5KIaaraNPrKgDaQA1zWy0YcW5fqovgEK4PA1KMXbAQBlNRYh',9b9f44c3b8e6d83e23ce29c6c38cda86,file:/share/data/cellprofiler/christa/20230905_190025_768/mod/PointA18_0002_ChannelSYTO_Spheroid_Bounds_Seq0012.ome0010.tif,0,0012,0,A18,nan,0010,0,0,0,0,0,/share/data/cellprofiler/christa/20230905_190025_768/mod,Done,65535,0,file:/share/data/cellprofiler/christa/20230905_190025_768/mod/PointA18_0002_ChannelSYTO_Spheroid_Bounds_Seq0012.ome0010.tif,1024
-2,0.0,0.0,0.33000000000000185,0.0,0.620000000000001,PointA18_0002_ChannelSYTO_Spheroid_Bounds_Seq0012.ome0011.tif,0,12,5,1024,128,0.0,0.006367277643429036,0.0,-1.1543885490160204,b'eLuEO5CAG02JtC/mDMFp0YiIxGikl5+bCqQN9Uoy08BFGMxDwCADORSzhAQxwD6ys0EUMUGpaVQq4kBuANsMosFRAmSAoxNn4UaTolYBFB3FBYnJqeSaBgwg5KIaaraNPrKgDaQA1zWy0YcW5fqovgEK4PA1KMXbAQBm7RYi',f7eb68f6e2ca9e85a38dedc5cc4e2b1b,file:/share/data/cellprofiler/christa/20230905_190025_768/mod/PointA18_0002_ChannelSYTO_Spheroid_Bounds_Seq0012.ome0011.tif,0,0012,0,A18,nan,0011,0,0,0,0,0,/share/data/cellprofiler/christa/20230905_190025_768/mod,Done,65535,0,file:/share/data/cellprofiler/christa/20230905_190025_768/mod/PointA18_0002_ChannelSYTO_Spheroid_Bounds_Seq0012.ome0011.tif,1024
-2,0.0,0.0,0.259999999999998,0.0,0.6400000000000006,PointA18_0002_ChannelSYTO_Spheroid_Bounds_Seq0012.ome0012.tif,0,13,5,1024,129,0.0,0.00803686660596081,0.0,-1.2836172802987373,b'eLuEO5CAG02JtC/mDMFp0YiIxGikl5+bCqZLMtPARRjMQ8AgAzkUs4QEMcA+srNBFDFBqWlUKuJAbgDbDKLBUQJkgKMTZ+FGk6JWARQdxQWJyankmgYMIOSiGmq2jT6yoA2kANc1stGHFuX6qL4BCuDwNSjF2wEAaKUWIw==',3c70182b2c1963fc313a9d4704fde59b,file:/share/data/cellprofiler/christa/20230905_190025_768/mod/PointA18_0002_ChannelSYTO_Spheroid_Bounds_Seq0012.ome0012.tif,0,0012,0,A18,nan,0012,0,0,0,0,0,/share/data/cellprofiler/christa/20230905_190025_768/mod,Done,65535,0,file:/share/data/cellprofiler/christa/20230905_190025_768/mod/PointA18_0002_ChannelSYTO_Spheroid_Bounds_Seq0012.ome0012.tif,1024
-2,0.0,0.0,0.259999999999998,0.0,0.6799999999999997,PointA18_0002_ChannelSYTO_Spheroid_Bounds_Seq0012.ome0013.tif,0,14,5,1024,130,0.0,0.010267967826573979,0.0,-2.135521942285276,b'eLuEO5CAG02JtC/mDMFp0YiIxGikl5+bCqSN9Uoy08BFGMxDwCADORSzhAQxwD6ys0EUMUGpaVQq4kBuANsMosFRAmSAoxNn4UaTolYBFB3FBYnJqeSaBgwg5KIaaraNPrKgDaQA1zWy0YcW5fqovgEK4PA1KMXbAQBqXRYk',0dcbb4b0ec19835962049973fcd34f31,file:/share/data/cellprofiler/christa/20230905_190025_768/mod/PointA18_0002_ChannelSYTO_Spheroid_Bounds_Seq0012.ome0013.tif,0,0012,0,A18,nan,0013,0,0,0,0,0,/share/data/cellprofiler/christa/20230905_190025_768/mod,Done,65535,0,file:/share/data/cellprofiler/christa/20230905_190025_768/mod/PointA18_0002_ChannelSYTO_Spheroid_Bounds_Seq0012.ome0013.tif,1024
-2,0.0,0.0,0.3500000000000014,0.0,0.7999999999999972,PointA18_0002_ChannelSYTO_Spheroid_Bounds_Seq0012.ome0014.tif,0,15,5,1024,131,0.0,0.02427960327202119,0.0,-2.233917217404876,b'eLuEO5CAG02JtC/mDMFp0YiIxGikl5+bCkqUeiWZaeAiDOYhYJCBHIpZQoIYYB/Z2SCKmKDUNCoVcSA3gG0G0eAoATLA0YmzcKNJUasAio7igsTkVHJNAwYQclENNdtGH1nQBlKA6xrZ6EOLcn1U3wAFcPgalOLtAGwVFiU=',73a7ffba88be8543aeb66436696f1f33,file:/share/data/cellprofiler/christa/20230905_190025_768/mod/PointA18_0002_ChannelSYTO_Spheroid_Bounds_Seq0012.ome0014.tif,0,0012,0,A18,nan,0014,0,0,0,0,0,/share/data/cellprofiler/christa/20230905_190025_768/mod,Done,65535,0,file:/share/data/cellprofiler/christa/20230905_190025_768/mod/PointA18_0002_ChannelSYTO_Spheroid_Bounds_Seq0012.ome0014.tif,1024
-2,0.0,0.0,0.28000000000000114,0.0,0.7800000000000011,PointA18_0002_ChannelSYTO_Spheroid_Bounds_Seq0012.ome0015.tif,0,16,5,1024,132,0.0,0.027057091658994684,0.0,-2.406164767201428,b'eLuEO5CAG02JtC/mDMFp0YiIxGikl5+bCqRN9Uoy08BFGMxDwCADORSzhAQxwD6ys0EUMUGpaVQq4kBuANsMosFRAmSAoxNn4UaTolYBFB3FBYnJqeSaBgwg5KIaaraNPrKgDaQA1zWy0YcW5fqovgEK4PA1KMXbAQBtzRYm',f67b73d5a9659b7c5dd3b92b5810d3dd,file:/share/data/cellprofiler/christa/20230905_190025_768/mod/PointA18_0002_ChannelSYTO_Spheroid_Bounds_Seq0012.ome0015.tif,0,0012,0,A18,nan,0015,0,0,0,0,0,/share/data/cellprofiler/christa/20230905_190025_768/mod,Done,65535,0,file:/share/data/cellprofiler/christa/20230905_190025_768/mod/PointA18_0002_ChannelSYTO_Spheroid_Bounds_Seq0012.ome0015.tif,1024
-2,0.0,0.0,0.28999999999999915,0.0,0.9100000000000037,PointA18_0002_ChannelSYTO_Spheroid_Bounds_Seq0012.ome0016.tif,0,17,5,1024,133,0.0,0.023940929278743632,0.0,-2.583575501123482,b'eLuEO5CAG02JtC/mDMFp0YiIxGikl5+bCqTN9Eoy08BFGMxDwCADORSzhAQxwD6ys0EUMUGpaVQq4kBuANsMosFRAmSAoxNn4UaTolYBFB3FBYnJqeSaBgwg5KIaaraNPrKgDaQA1zWy0YcW5fqovgEK4PA1KMXbAQBvhRYn',12d7baf9f0262f6c700bf04a3b1c5d76,file:/share/data/cellprofiler/christa/20230905_190025_768/mod/PointA18_0002_ChannelSYTO_Spheroid_Bounds_Seq0012.ome0016.tif,0,0012,0,A18,nan,0016,0,0,0,0,0,/share/data/cellprofiler/christa/20230905_190025_768/mod,Done,65535,0,file:/share/data/cellprofiler/christa/20230905_190025_768/mod/PointA18_0002_ChannelSYTO_Spheroid_Bounds_Seq0012.ome0016.tif,1024
-2,0.0,0.0,0.2700000000000031,0.0,0.8400000000000034,PointA18_0002_ChannelSYTO_Spheroid_Bounds_Seq0012.ome0017.tif,0,18,5,1024,134,0.0,0.021447082835325034,0.0,-2.7108420446610317,b'eLuEO5CAG02JtC/mDMFp0YiIxGikl5+bCqTN9Uoy08BFGMxDwCADORSzhAQxwD6ys0EUMUGpaVQq4kBuANsMosFRAmSAoxNn4UaTolYBFB3FBYnJqeSaBgwg5KIaaraNPrKgDaQA1zWy0YcW5fqovgEK4PA1KMXbAQBxPRYo',3329b575a92c3c50f81eea14c4fa586a,file:/share/data/cellprofiler/christa/20230905_190025_768/mod/PointA18_0002_ChannelSYTO_Spheroid_Bounds_Seq0012.ome0017.tif,0,0012,0,A18,nan,0017,0,0,0,0,0,/share/data/cellprofiler/christa/20230905_190025_768/mod,Done,65535,0,file:/share/data/cellprofiler/christa/20230905_190025_768/mod/PointA18_0002_ChannelSYTO_Spheroid_Bounds_Seq0012.ome0017.tif,1024
-2,0.0,0.0,0.38000000000000256,0.0,0.779999999999994,PointA18_0002_ChannelSYTO_Spheroid_Bounds_Seq0012.ome0018.tif,0,19,5,1024,135,0.0,0.01973224991674095,0.0,-2.5893899782003085,b'eLuEO5CAG02JtC/mDMFp0YiIxGikl5+bCqQt9Eoy08BFGMxDwCADORSzhAQxwD6ys0EUMUGpaVQq4kBuANsMosFRAmSAoxNn4UaTolYBFB3FBYnJqeSaBgwg5KIaaraNPrKgDaQA1zWy0YcW5fqovgEK4PA1KMXbAQBy9RYp',b6bc9ef6d1878ceecf08476f4daee595,file:/share/data/cellprofiler/christa/20230905_190025_768/mod/PointA18_0002_ChannelSYTO_Spheroid_Bounds_Seq0012.ome0018.tif,0,0012,0,A18,nan,0018,0,0,0,0,0,/share/data/cellprofiler/christa/20230905_190025_768/mod,Done,65535,0,file:/share/data/cellprofiler/christa/20230905_190025_768/mod/PointA18_0002_ChannelSYTO_Spheroid_Bounds_Seq0012.ome0018.tif,1024
-2,0.0,0.0,0.29999999999999716,0.0,0.8400000000000034,PointA18_0002_ChannelSYTO_Spheroid_Bounds_Seq0012.ome0019.tif,0,20,5,1024,136,0.0,0.01811036869349392,0.0,-2.2596353221336036,b'eLuEO5CAG02JtC/mDMFp0YiIxGikl5+bCqQt9Uoy08BFGMxDwCADORSzhAQxwD6ys0EUMUGpaVQq4kBuANsMosFRAmSAoxNn4UaTolYBFB3FBYnJqeSaBgwg5KIaaraNPrKgDaQA1zWy0YcW5fqovgEK4PA1KMXbAQB0rRYq',8ed4250ad6c570a750e674e0b6135f8d,file:/share/data/cellprofiler/christa/20230905_190025_768/mod/PointA18_0002_ChannelSYTO_Spheroid_Bounds_Seq0012.ome0019.tif,0,0012,0,A18,nan,0019,0,0,0,0,0,/share/data/cellprofiler/christa/20230905_190025_768/mod,Done,65535,0,file:/share/data/cellprofiler/christa/20230905_190025_768/mod/PointA18_0002_ChannelSYTO_Spheroid_Bounds_Seq0012.ome0019.tif,1024
-2,0.0,0.0,0.3499999999999943,0.0,0.7700000000000031,PointA18_0002_ChannelSYTO_Spheroid_Bounds_Seq0012.ome0020.tif,0,21,5,1024,137,0.0,0.016344343262430942,0.0,-1.753385095676043,b'eLuEO5CAG02JtC/mDMFp0YiIxGikl5+bClRqoFeSmQYuwmAeAgYZyKGYJSSIAfaRnQ2iiAlKTaNSEQdyA9hmEA2OEiADHJ04CzeaFLUKoOgoLkhMTiXXNGAAIRfVULNt9JEFbSAFuK6RjT60KNdH9Q1QAIevQSneDgBm7hYi',33fcca3b1d2359f38a8d2333d6fcdf47,file:/share/data/cellprofiler/christa/20230905_190025_768/mod/PointA18_0002_ChannelSYTO_Spheroid_Bounds_Seq0012.ome0020.tif,0,0012,0,A18,nan,0020,0,0,0,0,0,/share/data/cellprofiler/christa/20230905_190025_768/mod,Done,65535,0,file:/share/data/cellprofiler/christa/20230905_190025_768/mod/PointA18_0002_ChannelSYTO_Spheroid_Bounds_Seq0012.ome0020.tif,1024
-2,0.0,0.0,0.29999999999999716,0.0,0.8200000000000003,PointA18_0002_ChannelSYTO_Spheroid_Bounds_Seq0012.ome0021.tif,0,22,5,1024,138,0.0,0.014619631791507269,0.0,-1.2653770784466274,b'eLuEO5CAG02JtC/mDMFp0YiIxGikl5+bClRqqFeSmQYuwmAeAgYZyKGYJSSIAfaRnQ2iiAlKTaNSEQdyA9hmEA2OEiADHJ04CzeaFLUKoOgoLkhMTiXXNGAAIRfVULNt9JEFbSAFuK6RjT60KNdH9Q1QAIevQSneDgBophYj',09664363da841244bb59887f70095113,file:/share/data/cellprofiler/christa/20230905_190025_768/mod/PointA18_0002_ChannelSYTO_Spheroid_Bounds_Seq0012.ome0021.tif,0,0012,0,A18,nan,0021,0,0,0,0,0,/share/data/cellprofiler/christa/20230905_190025_768/mod,Done,65535,0,file:/share/data/cellprofiler/christa/20230905_190025_768/mod/PointA18_0002_ChannelSYTO_Spheroid_Bounds_Seq0012.ome0021.tif,1024
-2,0.0,0.0,0.39000000000000057,0.0,0.8800000000000026,PointA18_0002_ChannelSYTO_Spheroid_Bounds_Seq0012.ome0022.tif,0,23,5,1024,139,0.0,0.012877025746354529,0.0,-0.9035840170449314,b'eLuEO5CAG02JtC/mDMFp0YiIxGikl5+bClRqpFeSmQYuwmAeAgYZyKGYJSSIAfaRnQ2iiAlKTaNSEQdyA9hmEA2OEiADHJ04CzeaFLUKoOgoLkhMTiXXNGAAIRfVULNt9JEFbSAFuK6RjT60KNdH9Q1QAIevQSneDgBqXhYk',050fe7f2e71c3493d73e09566ab719f0,file:/share/data/cellprofiler/christa/20230905_190025_768/mod/PointA18_0002_ChannelSYTO_Spheroid_Bounds_Seq0012.ome0022.tif,0,0012,0,A18,nan,0022,0,0,0,0,0,/share/data/cellprofiler/christa/20230905_190025_768/mod,Done,65535,0,file:/share/data/cellprofiler/christa/20230905_190025_768/mod/PointA18_0002_ChannelSYTO_Spheroid_Bounds_Seq0012.ome0022.tif,1024
-2,0.0,0.0,0.36999999999999744,0.0,0.720000000000006,PointA18_0002_ChannelSYTO_Spheroid_Bounds_Seq0012.ome0023.tif,0,24,5,1024,140,0.0,0.011237527358363692,0.0,-0.8906209903548251,b'eLuEO5CAG02JtC/mDMFp0YiIxGikl5+bClRqrFeSmQYuwmAeAgYZyKGYJSSIAfaRnQ2iiAlKTaNSEQdyA9hmEA2OEiADHJ04CzeaFLUKoOgoLkhMTiXXNGAAIRfVULNt9JEFbSAFuK6RjT60KNdH9Q1QAIevQSneDgBsFhYl',5a14239b4229dc9fc86afa142107be36,file:/share/data/cellprofiler/christa/20230905_190025_768/mod/PointA18_0002_ChannelSYTO_Spheroid_Bounds_Seq0012.ome0023.tif,0,0012,0,A18,nan,0023,0,0,0,0,0,/share/data/cellprofiler/christa/20230905_190025_768/mod,Done,65535,0,file:/share/data/cellprofiler/christa/20230905_190025_768/mod/PointA18_0002_ChannelSYTO_Spheroid_Bounds_Seq0012.ome0023.tif,1024
-2,0.0,0.0,0.29999999999999005,0.0,0.9099999999999966,PointA18_0002_ChannelSYTO_Spheroid_Bounds_Seq0012.ome0024.tif,0,25,5,1024,141,0.0,0.009578649290600545,0.0,-0.9718183274815503,b'eLuEO5CAG02JtC/mDMFp0YiIxGikl5+bClRqoleSmQYuwmAeAgYZyKGYJSSIAfaRnQ2iiAlKTaNSEQdyA9hmEA2OEiADHJ04CzeaFLUKoOgoLkhMTiXXNGAAIRfVULNt9JEFbSAFuK6RjT60KNdH9Q1QAIevQSneDgBtzhYm',ca9b92b0331cb50ab1e879cf6ae244a2,file:/share/data/cellprofiler/christa/20230905_190025_768/mod/PointA18_0002_ChannelSYTO_Spheroid_Bounds_Seq0012.ome0024.tif,0,0012,0,A18,nan,0024,0,0,0,0,0,/share/data/cellprofiler/christa/20230905_190025_768/mod,Done,65535,0,file:/share/data/cellprofiler/christa/20230905_190025_768/mod/PointA18_0002_ChannelSYTO_Spheroid_Bounds_Seq0012.ome0024.tif,1024
-2,0.0,0.0,0.259999999999998,0.0,0.730000000000004,PointA18_0002_ChannelSYTO_Spheroid_Bounds_Seq0012.ome0025.tif,0,26,5,1024,142,0.0,0.007924507996890465,0.0,-1.0466069648265472,b'eLuEO5CAG02JtC/mDMFp0YiIxGikl5+bCjJBryQzDVyEwTwEDDKQQzFLSBAD7CM7G0QRE5SaRqUiDuQGsM0gGhwlQAY4OnEWbjQpahVA0VFckJicSq5pwABCLqqhZtvoIwvaQApwXSMbfWhRro/qG6AADl+DUrwdAG+GFic=',ffb1c46418307da0114482f8ebec25cd,file:/share/data/cellprofiler/christa/20230905_190025_768/mod/PointA18_0002_ChannelSYTO_Spheroid_Bounds_Seq0012.ome0025.tif,0,0012,0,A18,nan,0025,0,0,0,0,0,/share/data/cellprofiler/christa/20230905_190025_768/mod,Done,65535,0,file:/share/data/cellprofiler/christa/20230905_190025_768/mod/PointA18_0002_ChannelSYTO_Spheroid_Bounds_Seq0012.ome0025.tif,1024
-2,0.0,0.0,0.3499999999999943,0.0,1.5300000000000011,PointA18_0002_ChannelSYTO_Spheroid_Bounds_Seq0012.ome0026.tif,0,27,5,1024,143,0.0,0.006500834040097323,0.0,-1.0920768084065695,b'eLuEO5CAG02JtC/mDMFp0YiIxGikl5+bClRqpleSmQYuwmAeAgYZyKGYJSSIAfaRnQ2iiAlKTaNSEQdyA9hmEA2OEiADHJ04CzeaFLUKoOgoLkhMTiXXNGAAIRfVULNt9JEFbSAFuK6RjT60KNdH9Q1QAIevQSneDgBxPhYo',2e9acfc2fb6a413c19bc70016fe5d8f3,file:/share/data/cellprofiler/christa/20230905_190025_768/mod/PointA18_0002_ChannelSYTO_Spheroid_Bounds_Seq0012.ome0026.tif,0,0012,0,A18,nan,0026,0,0,0,0,0,/share/data/cellprofiler/christa/20230905_190025_768/mod,Done,65535,0,file:/share/data/cellprofiler/christa/20230905_190025_768/mod/PointA18_0002_ChannelSYTO_Spheroid_Bounds_Seq0012.ome0026.tif,1024
-2,0.0,0.0,0.38000000000000256,0.0,0.7199999999999989,PointA18_0002_ChannelSYTO_Spheroid_Bounds_Seq0012.ome0027.tif,0,28,5,1024,144,0.0,0.005221054156001112,0.0,-1.13054095638912,b'eLuEO5CAG02JtC/mDMFp0YiIxGikl5+bClRqrleSmQYuwmAeAgYZyKGYJSSIAfaRnQ2iiAlKTaNSEQdyA9hmEA2OEiADHJ04CzeaFLUKoOgoLkhMTiXXNGAAIRfVULNt9JEFbSAFuK6RjT60KNdH9Q1QAIevQSneDgBy9hYp',e65b7bbc132e67ec24bb635c2bf3aaba,file:/share/data/cellprofiler/christa/20230905_190025_768/mod/PointA18_0002_ChannelSYTO_Spheroid_Bounds_Seq0012.ome0027.tif,0,0012,0,A18,nan,0027,0,0,0,0,0,/share/data/cellprofiler/christa/20230905_190025_768/mod,Done,65535,0,file:/share/data/cellprofiler/christa/20230905_190025_768/mod/PointA18_0002_ChannelSYTO_Spheroid_Bounds_Seq0012.ome0027.tif,1024
-2,0.0,0.0,0.23000000000000398,0.0,0.7499999999999929,PointA18_0002_ChannelSYTO_Spheroid_Bounds_Seq0012.ome0028.tif,0,29,5,1024,145,0.0,0.004132867922675481,0.0,-1.112483780817036,b'eLuEO5CAG02JtC/mDMFp0YiIxGikl5+bClRqoVeSmQYuwmAeAgYZyKGYJSSIAfaRnQ2iiAlKTaNSEQdyA9hmEA2OEiADHJ04CzeaFLUKoOgoLkhMTiXXNGAAIRfVULNt9JEFbSAFuK6RjT60KNdH9Q1QAIevQSneDgB0rhYq',e76e58ec23ba738b4d5958178c24099d,file:/share/data/cellprofiler/christa/20230905_190025_768/mod/PointA18_0002_ChannelSYTO_Spheroid_Bounds_Seq0012.ome0028.tif,0,0012,0,A18,nan,0028,0,0,0,0,0,/share/data/cellprofiler/christa/20230905_190025_768/mod,Done,65535,0,file:/share/data/cellprofiler/christa/20230905_190025_768/mod/PointA18_0002_ChannelSYTO_Spheroid_Bounds_Seq0012.ome0028.tif,1024
-2,0.0,0.0,0.20000000000000284,0.0,0.6599999999999966,PointA18_0002_ChannelSYTO_Spheroid_Bounds_Seq0013.ome0000.tif,0,1,6,1024,146,0.0,0.0003964091403430161,0.0,-0.8530852912366523,b'eLuEO5CAG02JtC/mDMFp0YiIxGisl5+bCioP9Uoy08BFGMxDwCADORSzhAQxwD6ys0EUMUGpaVQq4kBuANsMosFRAmSAoxNn4UaTolYBFB3FBYnJqeSaBgwg5KIaaraNPrKgDaQA1zWy0YcW5fqovgEK4PA1KMXbAQBlPBYh',a2d478b3d921fd2cca1d115d5ff4f7fe,file:/share/data/cellprofiler/christa/20230905_190025_768/mod/PointA18_0002_ChannelSYTO_Spheroid_Bounds_Seq0013.ome0000.tif,0,0013,0,A18,nan,0000,0,0,0,0,0,/share/data/cellprofiler/christa/20230905_190025_768/mod,Done,65535,0,file:/share/data/cellprofiler/christa/20230905_190025_768/mod/PointA18_0002_ChannelSYTO_Spheroid_Bounds_Seq0013.ome0000.tif,1024
-2,0.0,0.0,0.3299999999999983,0.0,0.7100000000000009,PointA18_0002_ChannelSYTO_Spheroid_Bounds_Seq0013.ome0001.tif,0,2,6,1024,147,0.0,0.0004961453537621537,0.0,-0.8600232649236967,b'eLuEO5CAG02JtC/mDMFp0YiIxGisl5+bClRrqFeSmQYuwmAeAgYZyKGYJSSIAfaRnQ2iiAlKTaNSEQdyA9hmEA2OEiADHJ04CzeaFLUKoOgoLkhMTiXXNGAAIRfVULNt9JEFbSAFuK6RjT60KNdH9Q1QAIevQSneDgBm9BYi',1294c1e89d257e4f0bc4375e18348278,file:/share/data/cellprofiler/christa/20230905_190025_768/mod/PointA18_0002_ChannelSYTO_Spheroid_Bounds_Seq0013.ome0001.tif,0,0013,0,A18,nan,0001,0,0,0,0,0,/share/data/cellprofiler/christa/20230905_190025_768/mod,Done,65535,0,file:/share/data/cellprofiler/christa/20230905_190025_768/mod/PointA18_0002_ChannelSYTO_Spheroid_Bounds_Seq0013.ome0001.tif,1024
-2,0.0,0.0,0.25,0.0,0.740000000000002,PointA18_0002_ChannelSYTO_Spheroid_Bounds_Seq0013.ome0002.tif,0,3,6,1024,148,0.0,0.0006222624075940466,0.0,-0.863523180039621,b'eLuEO5CAG02JtC/mDMFp0YiIxGisl5+bClKrV5KZBi7CYB4CBhnIoZglJIgB9pGdDaKICUpNo1IRB3ID2GYQDY4SIAMcnTgLN5oUtQqg6CguSExOJdc0YAAhF9VQs230kQVtIAW4rpGNPrQo10f1DVAAh69BKd4OAGisFiM=',c69bd2c1c0ac7e84958c7a178a123c09,file:/share/data/cellprofiler/christa/20230905_190025_768/mod/PointA18_0002_ChannelSYTO_Spheroid_Bounds_Seq0013.ome0002.tif,0,0013,0,A18,nan,0002,0,0,0,0,0,/share/data/cellprofiler/christa/20230905_190025_768/mod,Done,65535,0,file:/share/data/cellprofiler/christa/20230905_190025_768/mod/PointA18_0002_ChannelSYTO_Spheroid_Bounds_Seq0013.ome0002.tif,1024
-2,0.0,0.0,0.21000000000000085,0.0,0.6700000000000088,PointA18_0002_ChannelSYTO_Spheroid_Bounds_Seq0013.ome0003.tif,0,4,6,1024,149,0.0,0.0007972783427811693,0.0,-0.8452771604129173,b'eLuEO5CAG02JtC/mDMFp0YiIxGisl5+bClRrrFeSmQYuwmAeAgYZyKGYJSSIAfaRnQ2iiAlKTaNSEQdyA9hmEA2OEiADHJ04CzeaFLUKoOgoLkhMTiXXNGAAIRfVULNt9JEFbSAFuK6RjT60KNdH9Q1QAIevQSneDgBqZBYk',59c2e747a0d849b6a6834b938ae1c2f4,file:/share/data/cellprofiler/christa/20230905_190025_768/mod/PointA18_0002_ChannelSYTO_Spheroid_Bounds_Seq0013.ome0003.tif,0,0013,0,A18,nan,0003,0,0,0,0,0,/share/data/cellprofiler/christa/20230905_190025_768/mod,Done,65535,0,file:/share/data/cellprofiler/christa/20230905_190025_768/mod/PointA18_0002_ChannelSYTO_Spheroid_Bounds_Seq0013.ome0003.tif,1024
-2,0.0,0.0,0.2600000000000051,0.0,0.7000000000000028,PointA18_0002_ChannelSYTO_Spheroid_Bounds_Seq0013.ome0004.tif,0,5,6,1024,150,0.0,0.001025313724486858,0.0,-0.8379798840306296,b'eLuEO5CAG02JtC/mDMFp0YiIxGisl5+bClRroleSmQYuwmAeAgYZyKGYJSSIAfaRnQ2iiAlKTaNSEQdyA9hmEA2OEiADHJ04CzeaFLUKoOgoLkhMTiXXNGAAIRfVULNt9JEFbSAFuK6RjT60KNdH9Q1QAIevQSneDgBsHBYl',e3319d01b2b92ba6701605fe7d42f44b,file:/share/data/cellprofiler/christa/20230905_190025_768/mod/PointA18_0002_ChannelSYTO_Spheroid_Bounds_Seq0013.ome0004.tif,0,0013,0,A18,nan,0004,0,0,0,0,0,/share/data/cellprofiler/christa/20230905_190025_768/mod,Done,65535,0,file:/share/data/cellprofiler/christa/20230905_190025_768/mod/PointA18_0002_ChannelSYTO_Spheroid_Bounds_Seq0013.ome0004.tif,1024
-2,0.0,0.0,0.240000000000002,0.0,0.6499999999999986,PointA18_0002_ChannelSYTO_Spheroid_Bounds_Seq0013.ome0005.tif,0,6,6,1024,151,0.0,0.0013216215198358669,0.0,-0.8234691854919933,b'eLuEO5CAG02JtC/mDMFp0YiIxGisl5+bClRrqleSmQYuwmAeAgYZyKGYJSSIAfaRnQ2iiAlKTaNSEQdyA9hmEA2OEiADHJ04CzeaFLUKoOgoLkhMTiXXNGAAIRfVULNt9JEFbSAFuK6RjT60KNdH9Q1QAIevQSneDgBt1BYm',28f75f1f62e7c050c6462de1696c5ee6,file:/share/data/cellprofiler/christa/20230905_190025_768/mod/PointA18_0002_ChannelSYTO_Spheroid_Bounds_Seq0013.ome0005.tif,0,0013,0,A18,nan,0005,0,0,0,0,0,/share/data/cellprofiler/christa/20230905_190025_768/mod,Done,65535,0,file:/share/data/cellprofiler/christa/20230905_190025_768/mod/PointA18_0002_ChannelSYTO_Spheroid_Bounds_Seq0013.ome0005.tif,1024
-2,0.0,0.0,0.22999999999999687,0.0,0.8799999999999955,PointA18_0002_ChannelSYTO_Spheroid_Bounds_Seq0013.ome0006.tif,0,7,6,1024,152,0.0,0.0017109449855733758,0.0,-0.8539970472972647,b'eLuEO5CAG02JtC/mDMFp0YiIxGisl5+bClRrpleSmQYuwmAeAgYZyKGYJSSIAfaRnQ2iiAlKTaNSEQdyA9hmEA2OEiADHJ04CzeaFLUKoOgoLkhMTiXXNGAAIRfVULNt9JEFbSAFuK6RjT60KNdH9Q1QAIevQSneDgBvjBYn',c5cf9067b9422d0484d8356e02461b11,file:/share/data/cellprofiler/christa/20230905_190025_768/mod/PointA18_0002_ChannelSYTO_Spheroid_Bounds_Seq0013.ome0006.tif,0,0013,0,A18,nan,0006,0,0,0,0,0,/share/data/cellprofiler/christa/20230905_190025_768/mod,Done,65535,0,file:/share/data/cellprofiler/christa/20230905_190025_768/mod/PointA18_0002_ChannelSYTO_Spheroid_Bounds_Seq0013.ome0006.tif,1024
-2,0.0,0.0,0.240000000000002,0.0,0.6400000000000006,PointA18_0002_ChannelSYTO_Spheroid_Bounds_Seq0013.ome0007.tif,0,8,6,1024,153,0.0,0.0022392579039744315,0.0,-0.8890616130038487,b'eLuEO5CAG02JtC/mDMFp0YiIxGisl5+bClRrrleSmQYuwmAeAgYZyKGYJSSIAfaRnQ2iiAlKTaNSEQdyA9hmEA2OEiADHJ04CzeaFLUKoOgoLkhMTiXXNGAAIRfVULNt9JEFbSAFuK6RjT60KNdH9Q1QAIevQSneDgBxRBYo',acfb8c7550ac3bf7f9b3526f6f481ef7,file:/share/data/cellprofiler/christa/20230905_190025_768/mod/PointA18_0002_ChannelSYTO_Spheroid_Bounds_Seq0013.ome0007.tif,0,0013,0,A18,nan,0007,0,0,0,0,0,/share/data/cellprofiler/christa/20230905_190025_768/mod,Done,65535,0,file:/share/data/cellprofiler/christa/20230905_190025_768/mod/PointA18_0002_ChannelSYTO_Spheroid_Bounds_Seq0013.ome0007.tif,1024
-2,0.0,0.0,0.27999999999999403,0.0,0.6199999999999974,PointA18_0002_ChannelSYTO_Spheroid_Bounds_Seq0013.ome0008.tif,0,9,6,1024,154,0.0,0.002903665808585739,0.0,-0.9172927252717014,b'eLuEO5CAG02JtC/mDMFp0YiIxGisl5+bCioT9Uoy08BFGMxDwCADORSzhAQxwD6ys0EUMUGpaVQq4kBuANsMosFRAmSAoxNn4UaTolYBFB3FBYnJqeSaBgwg5KIaaraNPrKgDaQA1zWy0YcW5fqovgEK4PA1KMXbAQBy/BYp',5e3fe7b544ecdab5ffe4dd3764f40e59,file:/share/data/cellprofiler/christa/20230905_190025_768/mod/PointA18_0002_ChannelSYTO_Spheroid_Bounds_Seq0013.ome0008.tif,0,0013,0,A18,nan,0008,0,0,0,0,0,/share/data/cellprofiler/christa/20230905_190025_768/mod,Done,65535,0,file:/share/data/cellprofiler/christa/20230905_190025_768/mod/PointA18_0002_ChannelSYTO_Spheroid_Bounds_Seq0013.ome0008.tif,1024
-2,0.0,0.0,0.259999999999998,0.0,0.6199999999999974,PointA18_0002_ChannelSYTO_Spheroid_Bounds_Seq0013.ome0009.tif,0,10,6,1024,155,0.0,0.0037704601733457924,0.0,-0.9887330804280486,b'eLuEO5CAG02JtC/mDMFp0YiIxGisl5+bClRrqVeSmQYuwmAeAgYZyKGYJSSIAfaRnQ2iiAlKTaNSEQdyA9hmEA2OEiADHJ04CzeaFLUKoOgoLkhMTiXXNGAAIRfVULNt9JEFbSAFuK6RjT60KNdH9Q1QAIevQSneDgB0tBYq',8a56c1e8821798ce24a44029ce4bde19,file:/share/data/cellprofiler/christa/20230905_190025_768/mod/PointA18_0002_ChannelSYTO_Spheroid_Bounds_Seq0013.ome0009.tif,0,0013,0,A18,nan,0009,0,0,0,0,0,/share/data/cellprofiler/christa/20230905_190025_768/mod,Done,65535,0,file:/share/data/cellprofiler/christa/20230905_190025_768/mod/PointA18_0002_ChannelSYTO_Spheroid_Bounds_Seq0013.ome0009.tif,1024
-2,0.0,0.0,0.21000000000000085,0.0,0.7700000000000031,PointA18_0002_ChannelSYTO_Spheroid_Bounds_Seq0013.ome0010.tif,0,11,6,1024,156,0.0,0.00497142787903356,0.0,-1.0664877023353463,b'eLuEO5CAG02JtC/mDMFp0YiIxGisl5+bCqQN9Eoy08BFGMxDwCADORSzhAQxwD6ys0EUMUGpaVQq4kBuANsMosFRAmSAoxNn4UaTolYBFB3FBYnJqeSaBgwg5KIaaraNPrKgDaQA1zWy0YcW5fqovgEK4PA1KMXbAQBm9RYi',9b9f44c3b8e6d83e23ce29c6c38cda86,file:/share/data/cellprofiler/christa/20230905_190025_768/mod/PointA18_0002_ChannelSYTO_Spheroid_Bounds_Seq0013.ome0010.tif,0,0013,0,A18,nan,0010,0,0,0,0,0,/share/data/cellprofiler/christa/20230905_190025_768/mod,Done,65535,0,file:/share/data/cellprofiler/christa/20230905_190025_768/mod/PointA18_0002_ChannelSYTO_Spheroid_Bounds_Seq0013.ome0010.tif,1024
-2,0.0,0.0,0.18000000000000682,0.0,0.5600000000000023,PointA18_0002_ChannelSYTO_Spheroid_Bounds_Seq0013.ome0011.tif,0,12,6,1024,157,0.0,0.006367277643429036,0.0,-1.1543885490160204,b'eLuEO5CAG02JtC/mDMFp0YiIxGisl5+bCqQN9Uoy08BFGMxDwCADORSzhAQxwD6ys0EUMUGpaVQq4kBuANsMosFRAmSAoxNn4UaTolYBFB3FBYnJqeSaBgwg5KIaaraNPrKgDaQA1zWy0YcW5fqovgEK4PA1KMXbAQBorRYj',f7eb68f6e2ca9e85a38dedc5cc4e2b1b,file:/share/data/cellprofiler/christa/20230905_190025_768/mod/PointA18_0002_ChannelSYTO_Spheroid_Bounds_Seq0013.ome0011.tif,0,0013,0,A18,nan,0011,0,0,0,0,0,/share/data/cellprofiler/christa/20230905_190025_768/mod,Done,65535,0,file:/share/data/cellprofiler/christa/20230905_190025_768/mod/PointA18_0002_ChannelSYTO_Spheroid_Bounds_Seq0013.ome0011.tif,1024
-2,0.0,0.0,0.19999999999998863,0.0,0.6800000000000068,PointA18_0002_ChannelSYTO_Spheroid_Bounds_Seq0013.ome0012.tif,0,13,6,1024,158,0.0,0.00803686660596081,0.0,-1.2836172802987373,b'eLuEO5CAG02JtC/mDMFp0YiIxGisl5+bCqSN9Eoy08BFGMxDwCADORSzhAQxwD6ys0EUMUGpaVQq4kBuANsMosFRAmSAoxNn4UaTolYBFB3FBYnJqeSaBgwg5KIaaraNPrKgDaQA1zWy0YcW5fqovgEK4PA1KMXbAQBqZRYk',3c70182b2c1963fc313a9d4704fde59b,file:/share/data/cellprofiler/christa/20230905_190025_768/mod/PointA18_0002_ChannelSYTO_Spheroid_Bounds_Seq0013.ome0012.tif,0,0013,0,A18,nan,0012,0,0,0,0,0,/share/data/cellprofiler/christa/20230905_190025_768/mod,Done,65535,0,file:/share/data/cellprofiler/christa/20230905_190025_768/mod/PointA18_0002_ChannelSYTO_Spheroid_Bounds_Seq0013.ome0012.tif,1024
-2,0.0,0.0,0.21000000000000796,0.0,0.6600000000000108,PointA18_0002_ChannelSYTO_Spheroid_Bounds_Seq0013.ome0013.tif,0,14,6,1024,159,0.0,0.010267967826573979,0.0,-2.135521942285276,b'eLuEO5CAG02JtC/mDMFp0YiIxGisl5+bCqZLMtPARRjMQ8AgAzkUs4QEMcA+srNBFDFBqWlUKuJAbgDbDKLBUQJkgKMTZ+FGk6JWARQdxQWJyankmgYMIOSiGmq2jT6yoA2kANc1stGHFuX6qL4BCuDwNSjF2wEAbB0WJQ==',0dcbb4b0ec19835962049973fcd34f31,file:/share/data/cellprofiler/christa/20230905_190025_768/mod/PointA18_0002_ChannelSYTO_Spheroid_Bounds_Seq0013.ome0013.tif,0,0013,0,A18,nan,0013,0,0,0,0,0,/share/data/cellprofiler/christa/20230905_190025_768/mod,Done,65535,0,file:/share/data/cellprofiler/christa/20230905_190025_768/mod/PointA18_0002_ChannelSYTO_Spheroid_Bounds_Seq0013.ome0013.tif,1024
-2,0.0,0.0,0.3200000000000074,0.0,0.7000000000000028,PointA18_0002_ChannelSYTO_Spheroid_Bounds_Seq0013.ome0014.tif,0,15,6,1024,160,0.0,0.02427960327202119,0.0,-2.233917217404876,b'eLuEO5CAG02JtC/mDMFp0YiIxGisl5+bCkqUeiWZaeAiDOYhYJCBHIpZQoIYYB/Z2SCKmKDUNCoVcSA3gG0G0eAoATLA0YmzcKNJUasAio7igsTkVHJNAwYQclENNdtGH1nQBlKA6xrZ6EOLcn1U3wAFcPgalOLtAG3VFiY=',73a7ffba88be8543aeb66436696f1f33,file:/share/data/cellprofiler/christa/20230905_190025_768/mod/PointA18_0002_ChannelSYTO_Spheroid_Bounds_Seq0013.ome0014.tif,0,0013,0,A18,nan,0014,0,0,0,0,0,/share/data/cellprofiler/christa/20230905_190025_768/mod,Done,65535,0,file:/share/data/cellprofiler/christa/20230905_190025_768/mod/PointA18_0002_ChannelSYTO_Spheroid_Bounds_Seq0013.ome0014.tif,1024
-2,0.0,0.0,0.21999999999998465,0.0,0.5900000000000034,PointA18_0002_ChannelSYTO_Spheroid_Bounds_Seq0013.ome0015.tif,0,16,6,1024,161,0.0,0.027057091658994684,0.0,-2.406164767201428,b'eLuEO5CAG02JtC/mDMFp0YiIxGisl5+bCqRN9Uoy08BFGMxDwCADORSzhAQxwD6ys0EUMUGpaVQq4kBuANsMosFRAmSAoxNn4UaTolYBFB3FBYnJqeSaBgwg5KIaaraNPrKgDaQA1zWy0YcW5fqovgEK4PA1KMXbAQBvjRYn',f67b73d5a9659b7c5dd3b92b5810d3dd,file:/share/data/cellprofiler/christa/20230905_190025_768/mod/PointA18_0002_ChannelSYTO_Spheroid_Bounds_Seq0013.ome0015.tif,0,0013,0,A18,nan,0015,0,0,0,0,0,/share/data/cellprofiler/christa/20230905_190025_768/mod,Done,65535,0,file:/share/data/cellprofiler/christa/20230905_190025_768/mod/PointA18_0002_ChannelSYTO_Spheroid_Bounds_Seq0013.ome0015.tif,1024
-2,0.0,0.0,0.28000000000000114,0.0,0.7600000000000051,PointA18_0002_ChannelSYTO_Spheroid_Bounds_Seq0013.ome0016.tif,0,17,6,1024,162,0.0,0.023940929278743632,0.0,-2.583575501123482,b'eLuEO5CAG02JtC/mDMFp0YiIxGisl5+bCqTN9Eoy08BFGMxDwCADORSzhAQxwD6ys0EUMUGpaVQq4kBuANsMosFRAmSAoxNn4UaTolYBFB3FBYnJqeSaBgwg5KIaaraNPrKgDaQA1zWy0YcW5fqovgEK4PA1KMXbAQBxRRYo',12d7baf9f0262f6c700bf04a3b1c5d76,file:/share/data/cellprofiler/christa/20230905_190025_768/mod/PointA18_0002_ChannelSYTO_Spheroid_Bounds_Seq0013.ome0016.tif,0,0013,0,A18,nan,0016,0,0,0,0,0,/share/data/cellprofiler/christa/20230905_190025_768/mod,Done,65535,0,file:/share/data/cellprofiler/christa/20230905_190025_768/mod/PointA18_0002_ChannelSYTO_Spheroid_Bounds_Seq0013.ome0016.tif,1024
-2,0.0,0.0,0.3100000000000023,0.0,0.5799999999999983,PointA18_0002_ChannelSYTO_Spheroid_Bounds_Seq0013.ome0017.tif,0,18,6,1024,163,0.0,0.021447082835325034,0.0,-2.7108420446610317,b'eLuEO5CAG02JtC/mDMFp0YiIxGisl5+bCqTN9Uoy08BFGMxDwCADORSzhAQxwD6ys0EUMUGpaVQq4kBuANsMosFRAmSAoxNn4UaTolYBFB3FBYnJqeSaBgwg5KIaaraNPrKgDaQA1zWy0YcW5fqovgEK4PA1KMXbAQBy/RYp',3329b575a92c3c50f81eea14c4fa586a,file:/share/data/cellprofiler/christa/20230905_190025_768/mod/PointA18_0002_ChannelSYTO_Spheroid_Bounds_Seq0013.ome0017.tif,0,0013,0,A18,nan,0017,0,0,0,0,0,/share/data/cellprofiler/christa/20230905_190025_768/mod,Done,65535,0,file:/share/data/cellprofiler/christa/20230905_190025_768/mod/PointA18_0002_ChannelSYTO_Spheroid_Bounds_Seq0013.ome0017.tif,1024
-2,0.0,0.0,0.269999999999996,0.0,0.6700000000000017,PointA18_0002_ChannelSYTO_Spheroid_Bounds_Seq0013.ome0018.tif,0,19,6,1024,164,0.0,0.01973224991674095,0.0,-2.5893899782003085,b'eLuEO5CAG02JtC/mDMFp0YiIxGisl5+bCqQt9Eoy08BFGMxDwCADORSzhAQxwD6ys0EUMUGpaVQq4kBuANsMosFRAmSAoxNn4UaTolYBFB3FBYnJqeSaBgwg5KIaaraNPrKgDaQA1zWy0YcW5fqovgEK4PA1KMXbAQB0tRYq',b6bc9ef6d1878ceecf08476f4daee595,file:/share/data/cellprofiler/christa/20230905_190025_768/mod/PointA18_0002_ChannelSYTO_Spheroid_Bounds_Seq0013.ome0018.tif,0,0013,0,A18,nan,0018,0,0,0,0,0,/share/data/cellprofiler/christa/20230905_190025_768/mod,Done,65535,0,file:/share/data/cellprofiler/christa/20230905_190025_768/mod/PointA18_0002_ChannelSYTO_Spheroid_Bounds_Seq0013.ome0018.tif,1024
-2,0.0,0.0,0.21000000000002217,0.0,0.6200000000000045,PointA18_0002_ChannelSYTO_Spheroid_Bounds_Seq0013.ome0019.tif,0,20,6,1024,165,0.0,0.01811036869349392,0.0,-2.2596353221336036,b'eLuEO5CAG02JtC/mDMFp0YiIxGisl5+bCqQt9Uoy08BFGMxDwCADORSzhAQxwD6ys0EUMUGpaVQq4kBuANsMosFRAmSAoxNn4UaTolYBFB3FBYnJqeSaBgwg5KIaaraNPrKgDaQA1zWy0YcW5fqovgEK4PA1KMXbAQB2bRYr',8ed4250ad6c570a750e674e0b6135f8d,file:/share/data/cellprofiler/christa/20230905_190025_768/mod/PointA18_0002_ChannelSYTO_Spheroid_Bounds_Seq0013.ome0019.tif,0,0013,0,A18,nan,0019,0,0,0,0,0,/share/data/cellprofiler/christa/20230905_190025_768/mod,Done,65535,0,file:/share/data/cellprofiler/christa/20230905_190025_768/mod/PointA18_0002_ChannelSYTO_Spheroid_Bounds_Seq0013.ome0019.tif,1024
-2,0.0,0.0,0.21999999999998465,0.0,0.6899999999999977,PointA18_0002_ChannelSYTO_Spheroid_Bounds_Seq0013.ome0020.tif,0,21,6,1024,166,0.0,0.016344343262430942,0.0,-1.753385095676043,b'eLuEO5CAG02JtC/mDMFp0YiIxGisl5+bClRqoFeSmQYuwmAeAgYZyKGYJSSIAfaRnQ2iiAlKTaNSEQdyA9hmEA2OEiADHJ04CzeaFLUKoOgoLkhMTiXXNGAAIRfVULNt9JEFbSAFuK6RjT60KNdH9Q1QAIevQSneDgBorhYj',33fcca3b1d2359f38a8d2333d6fcdf47,file:/share/data/cellprofiler/christa/20230905_190025_768/mod/PointA18_0002_ChannelSYTO_Spheroid_Bounds_Seq0013.ome0020.tif,0,0013,0,A18,nan,0020,0,0,0,0,0,/share/data/cellprofiler/christa/20230905_190025_768/mod,Done,65535,0,file:/share/data/cellprofiler/christa/20230905_190025_768/mod/PointA18_0002_ChannelSYTO_Spheroid_Bounds_Seq0013.ome0020.tif,1024
-2,0.0,0.0,0.18999999999998352,0.0,0.5799999999999983,PointA18_0002_ChannelSYTO_Spheroid_Bounds_Seq0013.ome0021.tif,0,22,6,1024,167,0.0,0.014619631791507269,0.0,-1.2653770784466274,b'eLuEO5CAG02JtC/mDMFp0YiIxGisl5+bClRqqFeSmQYuwmAeAgYZyKGYJSSIAfaRnQ2iiAlKTaNSEQdyA9hmEA2OEiADHJ04CzeaFLUKoOgoLkhMTiXXNGAAIRfVULNt9JEFbSAFuK6RjT60KNdH9Q1QAIevQSneDgBqZhYk',09664363da841244bb59887f70095113,file:/share/data/cellprofiler/christa/20230905_190025_768/mod/PointA18_0002_ChannelSYTO_Spheroid_Bounds_Seq0013.ome0021.tif,0,0013,0,A18,nan,0021,0,0,0,0,0,/share/data/cellprofiler/christa/20230905_190025_768/mod,Done,65535,0,file:/share/data/cellprofiler/christa/20230905_190025_768/mod/PointA18_0002_ChannelSYTO_Spheroid_Bounds_Seq0013.ome0021.tif,1024
-2,0.0,0.0,0.20000000000000284,0.0,0.6400000000000006,PointA18_0002_ChannelSYTO_Spheroid_Bounds_Seq0013.ome0022.tif,0,23,6,1024,168,0.0,0.012877025746354529,0.0,-0.9035840170449314,b'eLuEO5CAG02JtC/mDMFp0YiIxGisl5+bClRqpFeSmQYuwmAeAgYZyKGYJSSIAfaRnQ2iiAlKTaNSEQdyA9hmEA2OEiADHJ04CzeaFLUKoOgoLkhMTiXXNGAAIRfVULNt9JEFbSAFuK6RjT60KNdH9Q1QAIevQSneDgBsHhYl',050fe7f2e71c3493d73e09566ab719f0,file:/share/data/cellprofiler/christa/20230905_190025_768/mod/PointA18_0002_ChannelSYTO_Spheroid_Bounds_Seq0013.ome0022.tif,0,0013,0,A18,nan,0022,0,0,0,0,0,/share/data/cellprofiler/christa/20230905_190025_768/mod,Done,65535,0,file:/share/data/cellprofiler/christa/20230905_190025_768/mod/PointA18_0002_ChannelSYTO_Spheroid_Bounds_Seq0013.ome0022.tif,1024
-2,0.0,0.0,0.23999999999999488,0.0,0.6599999999999966,PointA18_0002_ChannelSYTO_Spheroid_Bounds_Seq0013.ome0023.tif,0,24,6,1024,169,0.0,0.011237527358363692,0.0,-0.8906209903548251,b'eLuEO5CAG02JtC/mDMFp0YiIxGisl5+bClRqrFeSmQYuwmAeAgYZyKGYJSSIAfaRnQ2iiAlKTaNSEQdyA9hmEA2OEiADHJ04CzeaFLUKoOgoLkhMTiXXNGAAIRfVULNt9JEFbSAFuK6RjT60KNdH9Q1QAIevQSneDgBt1hYm',5a14239b4229dc9fc86afa142107be36,file:/share/data/cellprofiler/christa/20230905_190025_768/mod/PointA18_0002_ChannelSYTO_Spheroid_Bounds_Seq0013.ome0023.tif,0,0013,0,A18,nan,0023,0,0,0,0,0,/share/data/cellprofiler/christa/20230905_190025_768/mod,Done,65535,0,file:/share/data/cellprofiler/christa/20230905_190025_768/mod/PointA18_0002_ChannelSYTO_Spheroid_Bounds_Seq0013.ome0023.tif,1024
-2,0.0,0.0,0.23999999999998067,0.0,0.6700000000000017,PointA18_0002_ChannelSYTO_Spheroid_Bounds_Seq0013.ome0024.tif,0,25,6,1024,170,0.0,0.009578649290600545,0.0,-0.9718183274815503,b'eLuEO5CAG02JtC/mDMFp0YiIxGisl5+bClRqoleSmQYuwmAeAgYZyKGYJSSIAfaRnQ2iiAlKTaNSEQdyA9hmEA2OEiADHJ04CzeaFLUKoOgoLkhMTiXXNGAAIRfVULNt9JEFbSAFuK6RjT60KNdH9Q1QAIevQSneDgBvjhYn',ca9b92b0331cb50ab1e879cf6ae244a2,file:/share/data/cellprofiler/christa/20230905_190025_768/mod/PointA18_0002_ChannelSYTO_Spheroid_Bounds_Seq0013.ome0024.tif,0,0013,0,A18,nan,0024,0,0,0,0,0,/share/data/cellprofiler/christa/20230905_190025_768/mod,Done,65535,0,file:/share/data/cellprofiler/christa/20230905_190025_768/mod/PointA18_0002_ChannelSYTO_Spheroid_Bounds_Seq0013.ome0024.tif,1024
-2,0.0,0.0,0.28000000000000114,0.0,0.7500000000000142,PointA18_0002_ChannelSYTO_Spheroid_Bounds_Seq0013.ome0025.tif,0,26,6,1024,171,0.0,0.007924507996890465,0.0,-1.0466069648265472,b'eLuEO5CAG02JtC/mDMFp0YiIxGisl5+bCjJBryQzDVyEwTwEDDKQQzFLSBAD7CM7G0QRE5SaRqUiDuQGsM0gGhwlQAY4OnEWbjQpahVA0VFckJicSq5pwABCLqqhZtvoIwvaQApwXSMbfWhRro/qG6AADl+DUrwdAHFGFig=',ffb1c46418307da0114482f8ebec25cd,file:/share/data/cellprofiler/christa/20230905_190025_768/mod/PointA18_0002_ChannelSYTO_Spheroid_Bounds_Seq0013.ome0025.tif,0,0013,0,A18,nan,0025,0,0,0,0,0,/share/data/cellprofiler/christa/20230905_190025_768/mod,Done,65535,0,file:/share/data/cellprofiler/christa/20230905_190025_768/mod/PointA18_0002_ChannelSYTO_Spheroid_Bounds_Seq0013.ome0025.tif,1024
-2,0.0,0.0,0.23999999999999488,0.0,0.7000000000000028,PointA18_0002_ChannelSYTO_Spheroid_Bounds_Seq0013.ome0026.tif,0,27,6,1024,172,0.0,0.006500834040097323,0.0,-1.0920768084065695,b'eLuEO5CAG02JtC/mDMFp0YiIxGisl5+bClRqpleSmQYuwmAeAgYZyKGYJSSIAfaRnQ2iiAlKTaNSEQdyA9hmEA2OEiADHJ04CzeaFLUKoOgoLkhMTiXXNGAAIRfVULNt9JEFbSAFuK6RjT60KNdH9Q1QAIevQSneDgBy/hYp',2e9acfc2fb6a413c19bc70016fe5d8f3,file:/share/data/cellprofiler/christa/20230905_190025_768/mod/PointA18_0002_ChannelSYTO_Spheroid_Bounds_Seq0013.ome0026.tif,0,0013,0,A18,nan,0026,0,0,0,0,0,/share/data/cellprofiler/christa/20230905_190025_768/mod,Done,65535,0,file:/share/data/cellprofiler/christa/20230905_190025_768/mod/PointA18_0002_ChannelSYTO_Spheroid_Bounds_Seq0013.ome0026.tif,1024
-2,0.0,0.0,0.19000000000001194,0.0,0.6400000000000006,PointA18_0002_ChannelSYTO_Spheroid_Bounds_Seq0013.ome0027.tif,0,28,6,1024,173,0.0,0.005221054156001112,0.0,-1.13054095638912,b'eLuEO5CAG02JtC/mDMFp0YiIxGisl5+bClRqrleSmQYuwmAeAgYZyKGYJSSIAfaRnQ2iiAlKTaNSEQdyA9hmEA2OEiADHJ04CzeaFLUKoOgoLkhMTiXXNGAAIRfVULNt9JEFbSAFuK6RjT60KNdH9Q1QAIevQSneDgB0thYq',e65b7bbc132e67ec24bb635c2bf3aaba,file:/share/data/cellprofiler/christa/20230905_190025_768/mod/PointA18_0002_ChannelSYTO_Spheroid_Bounds_Seq0013.ome0027.tif,0,0013,0,A18,nan,0027,0,0,0,0,0,/share/data/cellprofiler/christa/20230905_190025_768/mod,Done,65535,0,file:/share/data/cellprofiler/christa/20230905_190025_768/mod/PointA18_0002_ChannelSYTO_Spheroid_Bounds_Seq0013.ome0027.tif,1024
-2,0.0,0.0,0.19999999999998863,0.0,0.5999999999999943,PointA18_0002_ChannelSYTO_Spheroid_Bounds_Seq0013.ome0028.tif,0,29,6,1024,174,0.0,0.004132867922675481,0.0,-1.112483780817036,b'eLuEO5CAG02JtC/mDMFp0YiIxGisl5+bClRqoVeSmQYuwmAeAgYZyKGYJSSIAfaRnQ2iiAlKTaNSEQdyA9hmEA2OEiADHJ04CzeaFLUKoOgoLkhMTiXXNGAAIRfVULNt9JEFbSAFuK6RjT60KNdH9Q1QAIevQSneDgB2bhYr',e76e58ec23ba738b4d5958178c24099d,file:/share/data/cellprofiler/christa/20230905_190025_768/mod/PointA18_0002_ChannelSYTO_Spheroid_Bounds_Seq0013.ome0028.tif,0,0013,0,A18,nan,0028,0,0,0,0,0,/share/data/cellprofiler/christa/20230905_190025_768/mod,Done,65535,0,file:/share/data/cellprofiler/christa/20230905_190025_768/mod/PointA18_0002_ChannelSYTO_Spheroid_Bounds_Seq0013.ome0028.tif,1024
-2,0.0,0.0,0.19999999999999574,0.0,0.6000000000000085,PointE24_0003_ChannelSYTO_Spheroid_Bounds_Seq0014.ome0000.tif,0,1,7,1024,175,0.0,0.0002517363765074053,0.0,-0.8720791453144641,b'eLuEO5CAG02JNE+JrkYmoLRoTExi1MvPTQWVh3olmWngIgzmIWCQgRyKWUKCGGAf2dkgipig1DQqFXEgN4BtBtHgKAEywNGJs3CjSVGrAIqO4oLE5FRyTQMGEHJRDTXbRh9Z0AZSgOsa2ehDi3J9VN8ABXD4GpTi7QBq0hYk',780e4fcbc966e3edfa3549dabb8cd3a5,file:/share/data/cellprofiler/christa/20230905_190025_768/mod/PointE24_0003_ChannelSYTO_Spheroid_Bounds_Seq0014.ome0000.tif,0,0014,0,E24,nan,0000,0,0,0,0,0,/share/data/cellprofiler/christa/20230905_190025_768/mod,Done,65535,0,file:/share/data/cellprofiler/christa/20230905_190025_768/mod/PointE24_0003_ChannelSYTO_Spheroid_Bounds_Seq0014.ome0000.tif,1024
-2,0.0,0.0,0.269999999999996,0.0,0.5900000000000034,PointE24_0003_ChannelSYTO_Spheroid_Bounds_Seq0014.ome0001.tif,0,2,7,1024,176,0.0,0.0003068940113222123,0.0,-0.8810420461278975,b'eLuEO5CAG02JNE+JrkYmoLRoTExi1MvPTQWqNdQryUwDF2EwDwGDDORQzBISxAD7yM4GUcQEpaZRqYgDuQFsM4gGRwmQAY5OnIUbTYpaBVB0FBckJqeSaxowgJCLaqjZNvrIgjaQAlzXyEYfWpTro/oGKIDD16AUbwcAbIoWJQ==',5a861549e529c1ed3d05ca7c8b96611a,file:/share/data/cellprofiler/christa/20230905_190025_768/mod/PointE24_0003_ChannelSYTO_Spheroid_Bounds_Seq0014.ome0001.tif,0,0014,0,E24,nan,0001,0,0,0,0,0,/share/data/cellprofiler/christa/20230905_190025_768/mod,Done,65535,0,file:/share/data/cellprofiler/christa/20230905_190025_768/mod/PointE24_0003_ChannelSYTO_Spheroid_Bounds_Seq0014.ome0001.tif,1024
-2,0.0,0.0,0.259999999999998,0.0,0.6899999999999977,PointE24_0003_ChannelSYTO_Spheroid_Bounds_Seq0014.ome0002.tif,0,3,7,1024,177,0.0,0.00038742998922790175,0.0,-0.8744985798299164,b'eLuEO5CAG02JNE+JrkYmoLRoTExi1MvPTQWqNdIryUwDF2EwDwGDDORQzBISxAD7yM4GUcQEpaZRqYgDuQFsM4gGRwmQAY5OnIUbTYpaBVB0FBckJqeSaxowgJCLaqjZNvrIgjaQAlzXyEYfWpTro/oGKIDD16AUbwcAbkIWJg==',12ea6e04b20ce92272859f03fb21600c,file:/share/data/cellprofiler/christa/20230905_190025_768/mod/PointE24_0003_ChannelSYTO_Spheroid_Bounds_Seq0014.ome0002.tif,0,0014,0,E24,nan,0002,0,0,0,0,0,/share/data/cellprofiler/christa/20230905_190025_768/mod,Done,65535,0,file:/share/data/cellprofiler/christa/20230905_190025_768/mod/PointE24_0003_ChannelSYTO_Spheroid_Bounds_Seq0014.ome0002.tif,1024
-2,0.010000000000005116,0.0,0.21999999999999886,0.0,0.6600000000000037,PointE24_0003_ChannelSYTO_Spheroid_Bounds_Seq0014.ome0003.tif,0,4,7,1024,178,0.0,0.0004929063184362372,0.0,-0.8795935965725102,b'eLuEO5CAG02JNE+JrkYmoLRoTExi1MvPTQWp1SvJTAMXYTAPAYMM5FDMEhLEAPvIzgZRxASlplGpiAO5AWwziAZHCZABjk6chRtNiloFUHQUFyQmp5JrGjCAkItqqNk2+siCNpACXNfIRh9alOuj+gYogMPXoBRvBwBv+hYn',39d9eb68c699ce21543d9f11fe44db6b,file:/share/data/cellprofiler/christa/20230905_190025_768/mod/PointE24_0003_ChannelSYTO_Spheroid_Bounds_Seq0014.ome0003.tif,0,0014,0,E24,nan,0003,0,0,0,0,0,/share/data/cellprofiler/christa/20230905_190025_768/mod,Done,65535,0,file:/share/data/cellprofiler/christa/20230905_190025_768/mod/PointE24_0003_ChannelSYTO_Spheroid_Bounds_Seq0014.ome0003.tif,1024
-2,0.0,0.0,0.3200000000000003,0.0,0.6599999999999966,PointE24_0003_ChannelSYTO_Spheroid_Bounds_Seq0014.ome0004.tif,0,5,7,1024,179,0.0,0.0006241196328666317,0.0,-0.8941899917926627,b'eLuEO5CAG02JNE+JrkYmoLRoTExi1MvPTQWqNdEryUwDF2EwDwGDDORQzBISxAD7yM4GUcQEpaZRqYgDuQFsM4gGRwmQAY5OnIUbTYpaBVB0FBckJqeSaxowgJCLaqjZNvrIgjaQAlzXyEYfWpTro/oGKIDD16AUbwcAcbIWKA==',30e37477b4f4b9439792ec6ef438ba99,file:/share/data/cellprofiler/christa/20230905_190025_768/mod/PointE24_0003_ChannelSYTO_Spheroid_Bounds_Seq0014.ome0004.tif,0,0014,0,E24,nan,0004,0,0,0,0,0,/share/data/cellprofiler/christa/20230905_190025_768/mod,Done,65535,0,file:/share/data/cellprofiler/christa/20230905_190025_768/mod/PointE24_0003_ChannelSYTO_Spheroid_Bounds_Seq0014.ome0004.tif,1024
-2,0.0,0.0,0.22000000000000597,0.0,0.8200000000000003,PointE24_0003_ChannelSYTO_Spheroid_Bounds_Seq0014.ome0005.tif,0,6,7,1024,180,0.0,0.0007962125255117302,0.0,-0.8934938021200225,b'eLuEO5CAG02JNE+JrkYmoLRoTExi1MvPTQWqNdUryUwDF2EwDwGDDORQzBISxAD7yM4GUcQEpaZRqYgDuQFsM4gGRwmQAY5OnIUbTYpaBVB0FBckJqeSaxowgJCLaqjZNvrIgjaQAlzXyEYfWpTro/oGKIDD16AUbwcAc2oWKQ==',0118393c2f69b665de6a7f621d2f673a,file:/share/data/cellprofiler/christa/20230905_190025_768/mod/PointE24_0003_ChannelSYTO_Spheroid_Bounds_Seq0014.ome0005.tif,0,0014,0,E24,nan,0005,0,0,0,0,0,/share/data/cellprofiler/christa/20230905_190025_768/mod,Done,65535,0,file:/share/data/cellprofiler/christa/20230905_190025_768/mod/PointE24_0003_ChannelSYTO_Spheroid_Bounds_Seq0014.ome0005.tif,1024
-2,0.0,0.0,0.21999999999999886,0.0,0.6300000000000026,PointE24_0003_ChannelSYTO_Spheroid_Bounds_Seq0014.ome0006.tif,0,7,7,1024,181,0.0,0.0010329194688741827,0.0,-0.8718689749130992,b'eLuEO5CAG02JNE+JrkYmoLRoTExi1MvPTQWqNdMryUwDF2EwDwGDDORQzBISxAD7yM4GUcQEpaZRqYgDuQFsM4gGRwmQAY5OnIUbTYpaBVB0FBckJqeSaxowgJCLaqjZNvrIgjaQAlzXyEYfWpTro/oGKIDD16AUbwcAdSIWKg==',d33b06c3bc327a38204e14a51feb2f1b,file:/share/data/cellprofiler/christa/20230905_190025_768/mod/PointE24_0003_ChannelSYTO_Spheroid_Bounds_Seq0014.ome0006.tif,0,0014,0,E24,nan,0006,0,0,0,0,0,/share/data/cellprofiler/christa/20230905_190025_768/mod,Done,65535,0,file:/share/data/cellprofiler/christa/20230905_190025_768/mod/PointE24_0003_ChannelSYTO_Spheroid_Bounds_Seq0014.ome0006.tif,1024
-2,0.0,0.0,0.28000000000000114,0.0,0.5699999999999932,PointE24_0003_ChannelSYTO_Spheroid_Bounds_Seq0014.ome0007.tif,0,8,7,1024,182,0.0,0.001342868523966644,0.0,-0.8900864140612585,b'eLuEO5CAG02JNE+JrkYmoLRoTExi1MvPTQWqNdcryUwDF2EwDwGDDORQzBISxAD7yM4GUcQEpaZRqYgDuQFsM4gGRwmQAY5OnIUbTYpaBVB0FBckJqeSaxowgJCLaqjZNvrIgjaQAlzXyEYfWpTro/oGKIDD16AUbwcAdtoWKw==',199c34197322a55b43979ba967176342,file:/share/data/cellprofiler/christa/20230905_190025_768/mod/PointE24_0003_ChannelSYTO_Spheroid_Bounds_Seq0014.ome0007.tif,0,0014,0,E24,nan,0007,0,0,0,0,0,/share/data/cellprofiler/christa/20230905_190025_768/mod,Done,65535,0,file:/share/data/cellprofiler/christa/20230905_190025_768/mod/PointE24_0003_ChannelSYTO_Spheroid_Bounds_Seq0014.ome0007.tif,1024
-2,0.0,0.0,0.2700000000000031,0.0,0.7299999999999969,PointE24_0003_ChannelSYTO_Spheroid_Bounds_Seq0014.ome0008.tif,0,9,7,1024,183,0.0,0.0017814092489557315,0.0,-0.9093512283153838,b'eLuEO5CAG02JNE+JrkYmoLRoTExi1MvPTQWViXolmWngIgzmIWCQgRyKWUKCGGAf2dkgipig1DQqFXEgN4BtBtHgKAEywNGJs3CjSVGrAIqO4oLE5FRyTQMGEHJRDTXbRh9Z0AZSgOsa2ehDi3J9VN8ABXD4GpTi7QB4khYs',37df50f44b9c13e82178ee5c98abd8aa,file:/share/data/cellprofiler/christa/20230905_190025_768/mod/PointE24_0003_ChannelSYTO_Spheroid_Bounds_Seq0014.ome0008.tif,0,0014,0,E24,nan,0008,0,0,0,0,0,/share/data/cellprofiler/christa/20230905_190025_768/mod,Done,65535,0,file:/share/data/cellprofiler/christa/20230905_190025_768/mod/PointE24_0003_ChannelSYTO_Spheroid_Bounds_Seq0014.ome0008.tif,1024
-2,0.0,0.0,0.240000000000002,0.0,0.7000000000000028,PointE24_0003_ChannelSYTO_Spheroid_Bounds_Seq0014.ome0009.tif,0,10,7,1024,184,0.0,0.002345166235394723,0.0,-0.945476063411689,b'eLuEO5CAG02JNE+JrkYmoLRoTExi1MvPTQWqtdQryUwDF2EwDwGDDORQzBISxAD7yM4GUcQEpaZRqYgDuQFsM4gGRwmQAY5OnIUbTYpaBVB0FBckJqeSaxowgJCLaqjZNvrIgjaQAlzXyEYfWpTro/oGKIDD16AUbwcAekoWLQ==',9906d79188e7718fa6803378f69a614c,file:/share/data/cellprofiler/christa/20230905_190025_768/mod/PointE24_0003_ChannelSYTO_Spheroid_Bounds_Seq0014.ome0009.tif,0,0014,0,E24,nan,0009,0,0,0,0,0,/share/data/cellprofiler/christa/20230905_190025_768/mod,Done,65535,0,file:/share/data/cellprofiler/christa/20230905_190025_768/mod/PointE24_0003_ChannelSYTO_Spheroid_Bounds_Seq0014.ome0009.tif,1024
-2,0.0,0.0,0.17999999999999972,0.0,0.5700000000000074,PointE24_0003_ChannelSYTO_Spheroid_Bounds_Seq0014.ome0010.tif,0,11,7,1024,185,0.0,0.00306132746028614,0.0,-1.00412146401978,b'eLuEO5CAG02JNE+JrkYmoLRoTExi1MvPTQXSBnolmWngIgzmIWCQgRyKWUKCGGAf2dkgipig1DQqFXEgN4BtBtHgKAEywNGJs3CjSVGrAIqO4oLE5FRyTQMGEHJRDTXbRh9Z0AZSgOsa2ehDi3J9VN8ABXD4GpTi7QBsixYl',c4232c06c41ac0627811a9013f0c8c80,file:/share/data/cellprofiler/christa/20230905_190025_768/mod/PointE24_0003_ChannelSYTO_Spheroid_Bounds_Seq0014.ome0010.tif,0,0014,0,E24,nan,0010,0,0,0,0,0,/share/data/cellprofiler/christa/20230905_190025_768/mod,Done,65535,0,file:/share/data/cellprofiler/christa/20230905_190025_768/mod/PointE24_0003_ChannelSYTO_Spheroid_Bounds_Seq0014.ome0010.tif,1024
-2,0.0,0.0,0.19999999999999574,0.0,0.5599999999999952,PointE24_0003_ChannelSYTO_Spheroid_Bounds_Seq0014.ome0011.tif,0,12,7,1024,186,0.0,0.004104232355960125,0.0,-1.1231903872132876,b'eLuEO5CAG02JNE+JrkYmoLRoTExi1MvPTQXShnolmWngIgzmIWCQgRyKWUKCGGAf2dkgipig1DQqFXEgN4BtBtHgKAEywNGJs3CjSVGrAIqO4oLE5FRyTQMGEHJRDTXbRh9Z0AZSgOsa2ehDi3J9VN8ABXD4GpTi7QBuQxYm',14dff697abc02dd2cef8cd0e521628d9,file:/share/data/cellprofiler/christa/20230905_190025_768/mod/PointE24_0003_ChannelSYTO_Spheroid_Bounds_Seq0014.ome0011.tif,0,0014,0,E24,nan,0011,0,0,0,0,0,/share/data/cellprofiler/christa/20230905_190025_768/mod,Done,65535,0,file:/share/data/cellprofiler/christa/20230905_190025_768/mod/PointE24_0003_ChannelSYTO_Spheroid_Bounds_Seq0014.ome0011.tif,1024
-2,0.0,0.0,0.21999999999999886,0.0,0.6099999999999994,PointE24_0003_ChannelSYTO_Spheroid_Bounds_Seq0014.ome0012.tif,0,13,7,1024,187,0.0,0.005390694521505642,0.0,-1.223349753841099,b'eLuEO5CAG02JNE+JrkYmoLRoTExi1MvPTQXSRnolmWngIgzmIWCQgRyKWUKCGGAf2dkgipig1DQqFXEgN4BtBtHgKAEywNGJs3CjSVGrAIqO4oLE5FRyTQMGEHJRDTXbRh9Z0AZSgOsa2ehDi3J9VN8ABXD4GpTi7QBv+xYn',77e53a861a0c3adfb3337a2b083ab0fe,file:/share/data/cellprofiler/christa/20230905_190025_768/mod/PointE24_0003_ChannelSYTO_Spheroid_Bounds_Seq0014.ome0012.tif,0,0014,0,E24,nan,0012,0,0,0,0,0,/share/data/cellprofiler/christa/20230905_190025_768/mod,Done,65535,0,file:/share/data/cellprofiler/christa/20230905_190025_768/mod/PointE24_0003_ChannelSYTO_Spheroid_Bounds_Seq0014.ome0012.tif,1024
-2,0.0,0.0,0.21999999999999886,0.0,0.6599999999999966,PointE24_0003_ChannelSYTO_Spheroid_Bounds_Seq0014.ome0013.tif,0,14,7,1024,188,0.0,0.007098822050318784,0.0,-1.3257994607617298,b'eLuEO5CAG02JNE+JrkYmoLRoTExi1MvPTQXSxnolmWngIgzmIWCQgRyKWUKCGGAf2dkgipig1DQqFXEgN4BtBtHgKAEywNGJs3CjSVGrAIqO4oLE5FRyTQMGEHJRDTXbRh9Z0AZSgOsa2ehDi3J9VN8ABXD4GpTi7QBxsxYo',df3313cb6f6032d1c6dcf2538e0bdca4,file:/share/data/cellprofiler/christa/20230905_190025_768/mod/PointE24_0003_ChannelSYTO_Spheroid_Bounds_Seq0014.ome0013.tif,0,0014,0,E24,nan,0013,0,0,0,0,0,/share/data/cellprofiler/christa/20230905_190025_768/mod,Done,65535,0,file:/share/data/cellprofiler/christa/20230905_190025_768/mod/PointE24_0003_ChannelSYTO_Spheroid_Bounds_Seq0014.ome0013.tif,1024
-2,0.0,0.0,0.28999999999999204,0.0,0.5900000000000034,PointE24_0003_ChannelSYTO_Spheroid_Bounds_Seq0014.ome0014.tif,0,15,7,1024,189,0.0,0.009085577198137516,0.0,-1.5421734669499074,b'eLuEO5CAG02JNE+JrkYmoLRoTExi1MvPTQXTJZlp4CIM5iFgkIEcillCghhgH9nZIIqYoNQ0KhVxIDeAbQbR4CgBMsDRibNwo0lRqwCKjuKCxORUck0DBhByUQ0120YfWdAGUoDrGtnoQ4tyfVTfAAVw+BqU4u0Ac2sWKQ==',6ba861775352b0662f61aff9eebe0257,file:/share/data/cellprofiler/christa/20230905_190025_768/mod/PointE24_0003_ChannelSYTO_Spheroid_Bounds_Seq0014.ome0014.tif,0,0014,0,E24,nan,0014,0,0,0,0,0,/share/data/cellprofiler/christa/20230905_190025_768/mod,Done,65535,0,file:/share/data/cellprofiler/christa/20230905_190025_768/mod/PointE24_0003_ChannelSYTO_Spheroid_Bounds_Seq0014.ome0014.tif,1024
-2,0.0,0.0,0.21000000000000796,0.0,0.5999999999999943,PointE24_0003_ChannelSYTO_Spheroid_Bounds_Seq0014.ome0015.tif,0,16,7,1024,190,0.0,0.012279768095262853,0.0,-2.464839373671158,b'eLuEO5CAG02JNE+JrkYmoLRoTExi1MvPTQXSpnolmWngIgzmIWCQgRyKWUKCGGAf2dkgipig1DQqFXEgN4BtBtHgKAEywNGJs3CjSVGrAIqO4oLE5FRyTQMGEHJRDTXbRh9Z0AZSgOsa2ehDi3J9VN8ABXD4GpTi7QB1IxYq',d81ef1e62c7574f769f51fc1101bd820,file:/share/data/cellprofiler/christa/20230905_190025_768/mod/PointE24_0003_ChannelSYTO_Spheroid_Bounds_Seq0014.ome0015.tif,0,0014,0,E24,nan,0015,0,0,0,0,0,/share/data/cellprofiler/christa/20230905_190025_768/mod,Done,65535,0,file:/share/data/cellprofiler/christa/20230905_190025_768/mod/PointE24_0003_ChannelSYTO_Spheroid_Bounds_Seq0014.ome0015.tif,1024
-2,0.0,0.0,0.37000000000000455,0.0,0.7399999999999949,PointE24_0003_ChannelSYTO_Spheroid_Bounds_Seq0014.ome0016.tif,0,17,7,1024,191,0.0,0.02399290749192019,0.0,-2.3212039205820756,b'eLuEO5CAG02JNE+JrkYmoLRoTExi1MvPTQXSZnolmWngIgzmIWCQgRyKWUKCGGAf2dkgipig1DQqFXEgN4BtBtHgKAEywNGJs3CjSVGrAIqO4oLE5FRyTQMGEHJRDTXbRh9Z0AZSgOsa2ehDi3J9VN8ABXD4GpTi7QB22xYr',157b520891f747d231a356106f4e7d1f,file:/share/data/cellprofiler/christa/20230905_190025_768/mod/PointE24_0003_ChannelSYTO_Spheroid_Bounds_Seq0014.ome0016.tif,0,0014,0,E24,nan,0016,0,0,0,0,0,/share/data/cellprofiler/christa/20230905_190025_768/mod,Done,65535,0,file:/share/data/cellprofiler/christa/20230905_190025_768/mod/PointE24_0003_ChannelSYTO_Spheroid_Bounds_Seq0014.ome0016.tif,1024
-2,0.0,0.0,0.1799999999999926,0.0,0.6000000000000085,PointE24_0003_ChannelSYTO_Spheroid_Bounds_Seq0014.ome0017.tif,0,18,7,1024,192,0.0,0.025661972382508186,0.0,-2.516632386606451,b'eLuEO5CAG02JNE+JrkYmoLRoTExi1MvPTQXS5nolmWngIgzmIWCQgRyKWUKCGGAf2dkgipig1DQqFXEgN4BtBtHgKAEywNGJs3CjSVGrAIqO4oLE5FRyTQMGEHJRDTXbRh9Z0AZSgOsa2ehDi3J9VN8ABXD4GpTi7QB4kxYs',ccc4b41a951b36510247687ecfcffd4a,file:/share/data/cellprofiler/christa/20230905_190025_768/mod/PointE24_0003_ChannelSYTO_Spheroid_Bounds_Seq0014.ome0017.tif,0,0014,0,E24,nan,0017,0,0,0,0,0,/share/data/cellprofiler/christa/20230905_190025_768/mod,Done,65535,0,file:/share/data/cellprofiler/christa/20230905_190025_768/mod/PointE24_0003_ChannelSYTO_Spheroid_Bounds_Seq0014.ome0017.tif,1024
-2,0.0,0.0,0.23000000000000398,0.0,0.6400000000000006,PointE24_0003_ChannelSYTO_Spheroid_Bounds_Seq0014.ome0018.tif,0,19,7,1024,193,0.0,0.024128421508921128,0.0,-2.741884290989034,b'eLuEO5CAG02JNE+JrkYmoLRoTExi1MvPTQXSFnolmWngIgzmIWCQgRyKWUKCGGAf2dkgipig1DQqFXEgN4BtBtHgKAEywNGJs3CjSVGrAIqO4oLE5FRyTQMGEHJRDTXbRh9Z0AZSgOsa2ehDi3J9VN8ABXD4GpTi7QB6SxYt',f4af3bfb57bc5b360ffe666b3f313593,file:/share/data/cellprofiler/christa/20230905_190025_768/mod/PointE24_0003_ChannelSYTO_Spheroid_Bounds_Seq0014.ome0018.tif,0,0014,0,E24,nan,0018,0,0,0,0,0,/share/data/cellprofiler/christa/20230905_190025_768/mod,Done,65535,0,file:/share/data/cellprofiler/christa/20230905_190025_768/mod/PointE24_0003_ChannelSYTO_Spheroid_Bounds_Seq0014.ome0018.tif,1024
-2,0.0,0.0,0.20000000000000284,0.0,0.6100000000000136,PointE24_0003_ChannelSYTO_Spheroid_Bounds_Seq0014.ome0019.tif,0,20,7,1024,194,0.0,0.022878023237562568,0.0,-2.742495320058131,b'eLuEO5CAG02JNE+JrkYmoLRoTExi1MvPTQXSlnolmWngIgzmIWCQgRyKWUKCGGAf2dkgipig1DQqFXEgN4BtBtHgKAEywNGJs3CjSVGrAIqO4oLE5FRyTQMGEHJRDTXbRh9Z0AZSgOsa2ehDi3J9VN8ABXD4GpTi7QB8AxYu',72963a9bf305d5402548a4eaf254fa4c,file:/share/data/cellprofiler/christa/20230905_190025_768/mod/PointE24_0003_ChannelSYTO_Spheroid_Bounds_Seq0014.ome0019.tif,0,0014,0,E24,nan,0019,0,0,0,0,0,/share/data/cellprofiler/christa/20230905_190025_768/mod,Done,65535,0,file:/share/data/cellprofiler/christa/20230905_190025_768/mod/PointE24_0003_ChannelSYTO_Spheroid_Bounds_Seq0014.ome0019.tif,1024
-2,0.0,0.0,0.19000000000001194,0.0,0.6299999999999955,PointE24_0003_ChannelSYTO_Spheroid_Bounds_Seq0014.ome0020.tif,0,21,7,1024,195,0.0,0.021241704112014998,0.0,-2.517930898470189,b'eLuEO5CAG02JNE+JrkYmoLRoTExi1MvPTQWaYKBXkpkGLsJgHgIGGcihmCUkiAH2kZ0NoogJSk2jUhEHcgPYZhANjhIgAxydOAs3mhS1CqDoKC5ITE4l1zRgACEX1VCzbfSRBW0gBbiukY0+tCjXR/UNUACHr0Ep3g4AbkQWJg==',f2ed11ca271a71c5236f79fbcda87490,file:/share/data/cellprofiler/christa/20230905_190025_768/mod/PointE24_0003_ChannelSYTO_Spheroid_Bounds_Seq0014.ome0020.tif,0,0014,0,E24,nan,0020,0,0,0,0,0,/share/data/cellprofiler/christa/20230905_190025_768/mod,Done,65535,0,file:/share/data/cellprofiler/christa/20230905_190025_768/mod/PointE24_0003_ChannelSYTO_Spheroid_Bounds_Seq0014.ome0020.tif,1024
-2,0.0,0.0,0.21999999999999886,0.0,0.5599999999999881,PointE24_0003_ChannelSYTO_Spheroid_Bounds_Seq0014.ome0021.tif,0,22,7,1024,196,0.0,0.0195512307813083,0.0,-2.126991175733664,b'eLuEO5CAG02JNE+JrkYmoLRoTExi1MvPTQWaYKhXkpkGLsJgHgIGGcihmCUkiAH2kZ0NoogJSk2jUhEHcgPYZhANjhIgAxydOAs3mhS1CqDoKC5ITE4l1zRgACEX1VCzbfSRBW0gBbiukY0+tCjXR/UNUACHr0Ep3g4Ab/wWJw==',0f2ceffedd4dff1612f6cad7d2c307d1,file:/share/data/cellprofiler/christa/20230905_190025_768/mod/PointE24_0003_ChannelSYTO_Spheroid_Bounds_Seq0014.ome0021.tif,0,0014,0,E24,nan,0021,0,0,0,0,0,/share/data/cellprofiler/christa/20230905_190025_768/mod,Done,65535,0,file:/share/data/cellprofiler/christa/20230905_190025_768/mod/PointE24_0003_ChannelSYTO_Spheroid_Bounds_Seq0014.ome0021.tif,1024
-2,0.0,0.0,0.21999999999999886,0.0,0.710000000000008,PointE24_0003_ChannelSYTO_Spheroid_Bounds_Seq0014.ome0022.tif,0,23,7,1024,197,0.0,0.017651606603648368,0.0,-1.7003130330080645,b'eLuEO5CAG02JNE+JrkYmoLRoTExi1MvPTQWaYKRXkpkGLsJgHgIGGcihmCUkiAH2kZ0NoogJSk2jUhEHcgPYZhANjhIgAxydOAs3mhS1CqDoKC5ITE4l1zRgACEX1VCzbfSRBW0gBbiukY0+tCjXR/UNUACHr0Ep3g4AcbQWKA==',358b650cb235698079da1081fc1730dd,file:/share/data/cellprofiler/christa/20230905_190025_768/mod/PointE24_0003_ChannelSYTO_Spheroid_Bounds_Seq0014.ome0022.tif,0,0014,0,E24,nan,0022,0,0,0,0,0,/share/data/cellprofiler/christa/20230905_190025_768/mod,Done,65535,0,file:/share/data/cellprofiler/christa/20230905_190025_768/mod/PointE24_0003_ChannelSYTO_Spheroid_Bounds_Seq0014.ome0022.tif,1024
-2,0.0,0.0,0.35999999999999943,0.0,0.75,PointE24_0003_ChannelSYTO_Spheroid_Bounds_Seq0014.ome0023.tif,0,24,7,1024,198,0.0,0.015690254554299468,0.0,-1.237126320676022,b'eLuEO5CAG02JNE+JrkYmoLRoTExi1MvPTQWaYKxXkpkGLsJgHgIGGcihmCUkiAH2kZ0NoogJSk2jUhEHcgPYZhANjhIgAxydOAs3mhS1CqDoKC5ITE4l1zRgACEX1VCzbfSRBW0gBbiukY0+tCjXR/UNUACHr0Ep3g4Ac2wWKQ==',ff8ece3fe03ac9b4155de9085b3df8fd,file:/share/data/cellprofiler/christa/20230905_190025_768/mod/PointE24_0003_ChannelSYTO_Spheroid_Bounds_Seq0014.ome0023.tif,0,0014,0,E24,nan,0023,0,0,0,0,0,/share/data/cellprofiler/christa/20230905_190025_768/mod,Done,65535,0,file:/share/data/cellprofiler/christa/20230905_190025_768/mod/PointE24_0003_ChannelSYTO_Spheroid_Bounds_Seq0014.ome0023.tif,1024
-2,0.0,0.0,0.21999999999998465,0.0,0.7399999999999949,PointE24_0003_ChannelSYTO_Spheroid_Bounds_Seq0014.ome0024.tif,0,25,7,1024,199,0.0,0.013620020105011371,0.0,-0.8445204757875643,b'eLuEO5CAG02JNE+JrkYmoLRoTExi1MvPTQWaYKJXkpkGLsJgHgIGGcihmCUkiAH2kZ0NoogJSk2jUhEHcgPYZhANjhIgAxydOAs3mhS1CqDoKC5ITE4l1zRgACEX1VCzbfSRBW0gBbiukY0+tCjXR/UNUACHr0Ep3g4AdSQWKg==',ecab494b1ab14c6caab10a97313e696f,file:/share/data/cellprofiler/christa/20230905_190025_768/mod/PointE24_0003_ChannelSYTO_Spheroid_Bounds_Seq0014.ome0024.tif,0,0014,0,E24,nan,0024,0,0,0,0,0,/share/data/cellprofiler/christa/20230905_190025_768/mod,Done,65535,0,file:/share/data/cellprofiler/christa/20230905_190025_768/mod/PointE24_0003_ChannelSYTO_Spheroid_Bounds_Seq0014.ome0024.tif,1024
-2,0.0,0.0,0.28000000000000114,0.0,0.7199999999999989,PointE24_0003_ChannelSYTO_Spheroid_Bounds_Seq0014.ome0025.tif,0,26,7,1024,200,0.0,0.011682710135800602,0.0,-0.7497402234963344,b'eLuEO5CAG02JNE+JrkYmoLRoTExi1MvPTQWZoFeSmQYuwmAeAgYZyKGYJSSIAfaRnQ2iiAlKTaNSEQdyA9hmEA2OEiADHJ04CzeaFLUKoOgoLkhMTiXXNGAAIRfVULNt9JEFbSAFuK6RjT60KNdH9Q1QAIevQSneDgB23BYr',0d72aa220342f82314dac732474db730,file:/share/data/cellprofiler/christa/20230905_190025_768/mod/PointE24_0003_ChannelSYTO_Spheroid_Bounds_Seq0014.ome0025.tif,0,0014,0,E24,nan,0025,0,0,0,0,0,/share/data/cellprofiler/christa/20230905_190025_768/mod,Done,65535,0,file:/share/data/cellprofiler/christa/20230905_190025_768/mod/PointE24_0003_ChannelSYTO_Spheroid_Bounds_Seq0014.ome0025.tif,1024
-2,0.0,0.0,0.22999999999998977,0.0,0.5999999999999943,PointE24_0003_ChannelSYTO_Spheroid_Bounds_Seq0014.ome0026.tif,0,27,7,1024,201,0.0,0.00970463434593464,0.0,-0.7948907050214263,b'eLuEO5CAG02JNE+JrkYmoLRoTExi1MvPTQWaYKZXkpkGLsJgHgIGGcihmCUkiAH2kZ0NoogJSk2jUhEHcgPYZhANjhIgAxydOAs3mhS1CqDoKC5ITE4l1zRgACEX1VCzbfSRBW0gBbiukY0+tCjXR/UNUACHr0Ep3g4AeJQWLA==',c9574e82ad03ed3fc368f87dce96b6c8,file:/share/data/cellprofiler/christa/20230905_190025_768/mod/PointE24_0003_ChannelSYTO_Spheroid_Bounds_Seq0014.ome0026.tif,0,0014,0,E24,nan,0026,0,0,0,0,0,/share/data/cellprofiler/christa/20230905_190025_768/mod,Done,65535,0,file:/share/data/cellprofiler/christa/20230905_190025_768/mod/PointE24_0003_ChannelSYTO_Spheroid_Bounds_Seq0014.ome0026.tif,1024
-2,0.0,0.0,0.1600000000000108,0.0,0.5899999999999892,PointE24_0003_ChannelSYTO_Spheroid_Bounds_Seq0014.ome0027.tif,0,28,7,1024,202,0.0,0.008115276022256509,0.0,-0.8639025921958141,b'eLuEO5CAG02JNE+JrkYmoLRoTExi1MvPTQWaYK5XkpkGLsJgHgIGGcihmCUkiAH2kZ0NoogJSk2jUhEHcgPYZhANjhIgAxydOAs3mhS1CqDoKC5ITE4l1zRgACEX1VCzbfSRBW0gBbiukY0+tCjXR/UNUACHr0Ep3g4AekwWLQ==',36e1a61bc2064a0e4f194e8319cbd01a,file:/share/data/cellprofiler/christa/20230905_190025_768/mod/PointE24_0003_ChannelSYTO_Spheroid_Bounds_Seq0014.ome0027.tif,0,0014,0,E24,nan,0027,0,0,0,0,0,/share/data/cellprofiler/christa/20230905_190025_768/mod,Done,65535,0,file:/share/data/cellprofiler/christa/20230905_190025_768/mod/PointE24_0003_ChannelSYTO_Spheroid_Bounds_Seq0014.ome0027.tif,1024
-2,0.0,0.0,0.22000000000001307,0.0,0.5900000000000034,PointE24_0003_ChannelSYTO_Spheroid_Bounds_Seq0014.ome0028.tif,0,29,7,1024,203,0.0,0.006433858980592918,0.0,-0.9397660250620221,b'eLuEO5CAG02JNE+JrkYmoLRoTExi1MvPTQWaYKFXkpkGLsJgHgIGGcihmCUkiAH2kZ0NoogJSk2jUhEHcgPYZhANjhIgAxydOAs3mhS1CqDoKC5ITE4l1zRgACEX1VCzbfSRBW0gBbiukY0+tCjXR/UNUACHr0Ep3g4AfAQWLg==',7a175680af3e7a79949fe51c2a9a26ec,file:/share/data/cellprofiler/christa/20230905_190025_768/mod/PointE24_0003_ChannelSYTO_Spheroid_Bounds_Seq0014.ome0028.tif,0,0014,0,E24,nan,0028,0,0,0,0,0,/share/data/cellprofiler/christa/20230905_190025_768/mod,Done,65535,0,file:/share/data/cellprofiler/christa/20230905_190025_768/mod/PointE24_0003_ChannelSYTO_Spheroid_Bounds_Seq0014.ome0028.tif,1024
-2,0.0,0.0,0.22999999999999687,0.0,0.6899999999999977,PointE24_0003_ChannelSYTO_Spheroid_Bounds_Seq0015.ome0000.tif,0,1,8,1024,204,0.0,0.0002517363765074053,0.0,-0.8720791453144641,b'eLuEO5CAG02JNE+JrkYmoLRoTERiNNXLz00FlYd6JZlp4CIM5iFgkIEcillCghhgH9nZIIqYoNQ0KhVxIDeAbQbR4CgBMsDRibNwo0lRqwCKjuKCxORUck0DBhByUQ0120YfWdAGUoDrGtnoQ4tyfVTfAAVw+BqU4u0AbJIWJQ==',780e4fcbc966e3edfa3549dabb8cd3a5,file:/share/data/cellprofiler/christa/20230905_190025_768/mod/PointE24_0003_ChannelSYTO_Spheroid_Bounds_Seq0015.ome0000.tif,0,0015,0,E24,nan,0000,0,0,0,0,0,/share/data/cellprofiler/christa/20230905_190025_768/mod,Done,65535,0,file:/share/data/cellprofiler/christa/20230905_190025_768/mod/PointE24_0003_ChannelSYTO_Spheroid_Bounds_Seq0015.ome0000.tif,1024
-2,0.0,0.0,0.3300000000000054,0.0,0.9200000000000088,PointE24_0003_ChannelSYTO_Spheroid_Bounds_Seq0015.ome0001.tif,0,2,8,1024,205,0.0,0.0003068940113222123,0.0,-0.8810420461278975,b'eLuEO5CAG02JNE+JrkYmoLRoTERiNNXLz00FqjXUK8lMAxdhMA8BgwzkUMwSEsQA+8jOBlHEBKWmUamIA7kBbDOIBkcJkAGOTpyFG02KWgVQdBQXJCankmsaMICQi2qo2Tb6yII2kAJc18hGH1qU66P6BiiAw9egFG8HAG5KFiY=',5a861549e529c1ed3d05ca7c8b96611a,file:/share/data/cellprofiler/christa/20230905_190025_768/mod/PointE24_0003_ChannelSYTO_Spheroid_Bounds_Seq0015.ome0001.tif,0,0015,0,E24,nan,0001,0,0,0,0,0,/share/data/cellprofiler/christa/20230905_190025_768/mod,Done,65535,0,file:/share/data/cellprofiler/christa/20230905_190025_768/mod/PointE24_0003_ChannelSYTO_Spheroid_Bounds_Seq0015.ome0001.tif,1024
-2,0.0,0.0,0.240000000000002,0.0,0.6400000000000006,PointE24_0003_ChannelSYTO_Spheroid_Bounds_Seq0015.ome0002.tif,0,3,8,1024,206,0.0,0.00038742998922790175,0.0,-0.8744985798299164,b'eLuEO5CAG02JNE+JrkYmoLRoTERiNNXLz00FqjXSK8lMAxdhMA8BgwzkUMwSEsQA+8jOBlHEBKWmUamIA7kBbDOIBkcJkAGOTpyFG02KWgVQdBQXJCankmsaMICQi2qo2Tb6yII2kAJc18hGH1qU66P6BiiAw9egFG8HAHACFic=',12ea6e04b20ce92272859f03fb21600c,file:/share/data/cellprofiler/christa/20230905_190025_768/mod/PointE24_0003_ChannelSYTO_Spheroid_Bounds_Seq0015.ome0002.tif,0,0015,0,E24,nan,0002,0,0,0,0,0,/share/data/cellprofiler/christa/20230905_190025_768/mod,Done,65535,0,file:/share/data/cellprofiler/christa/20230905_190025_768/mod/PointE24_0003_ChannelSYTO_Spheroid_Bounds_Seq0015.ome0002.tif,1024
-2,0.0,0.0,0.22999999999999687,0.0,0.730000000000004,PointE24_0003_ChannelSYTO_Spheroid_Bounds_Seq0015.ome0003.tif,0,4,8,1024,207,0.0,0.0004929063184362372,0.0,-0.8795935965725102,b'eLuEO5CAG02JNE+JrkYmoLRoTERiNNXLz00FqdUryUwDF2EwDwGDDORQzBISxAD7yM4GUcQEpaZRqYgDuQFsM4gGRwmQAY5OnIUbTYpaBVB0FBckJqeSaxowgJCLaqjZNvrIgjaQAlzXyEYfWpTro/oGKIDD16AUbwcAcboWKA==',39d9eb68c699ce21543d9f11fe44db6b,file:/share/data/cellprofiler/christa/20230905_190025_768/mod/PointE24_0003_ChannelSYTO_Spheroid_Bounds_Seq0015.ome0003.tif,0,0015,0,E24,nan,0003,0,0,0,0,0,/share/data/cellprofiler/christa/20230905_190025_768/mod,Done,65535,0,file:/share/data/cellprofiler/christa/20230905_190025_768/mod/PointE24_0003_ChannelSYTO_Spheroid_Bounds_Seq0015.ome0003.tif,1024
-2,0.0,0.0,0.30000000000000426,0.0,0.6999999999999957,PointE24_0003_ChannelSYTO_Spheroid_Bounds_Seq0015.ome0004.tif,0,5,8,1024,208,0.0,0.0006241196328666317,0.0,-0.8941899917926627,b'eLuEO5CAG02JNE+JrkYmoLRoTERiNNXLz00FqjXRK8lMAxdhMA8BgwzkUMwSEsQA+8jOBlHEBKWmUamIA7kBbDOIBkcJkAGOTpyFG02KWgVQdBQXJCankmsaMICQi2qo2Tb6yII2kAJc18hGH1qU66P6BiiAw9egFG8HAHNyFik=',30e37477b4f4b9439792ec6ef438ba99,file:/share/data/cellprofiler/christa/20230905_190025_768/mod/PointE24_0003_ChannelSYTO_Spheroid_Bounds_Seq0015.ome0004.tif,0,0015,0,E24,nan,0004,0,0,0,0,0,/share/data/cellprofiler/christa/20230905_190025_768/mod,Done,65535,0,file:/share/data/cellprofiler/christa/20230905_190025_768/mod/PointE24_0003_ChannelSYTO_Spheroid_Bounds_Seq0015.ome0004.tif,1024
-2,0.0,0.0,0.25,0.0,0.6900000000000048,PointE24_0003_ChannelSYTO_Spheroid_Bounds_Seq0015.ome0005.tif,0,6,8,1024,209,0.0,0.0007962125255117302,0.0,-0.8934938021200225,b'eLuEO5CAG02JNE+JrkYmoLRoTERiNNXLz00FqjXVK8lMAxdhMA8BgwzkUMwSEsQA+8jOBlHEBKWmUamIA7kBbDOIBkcJkAGOTpyFG02KWgVQdBQXJCankmsaMICQi2qo2Tb6yII2kAJc18hGH1qU66P6BiiAw9egFG8HAHUqFio=',0118393c2f69b665de6a7f621d2f673a,file:/share/data/cellprofiler/christa/20230905_190025_768/mod/PointE24_0003_ChannelSYTO_Spheroid_Bounds_Seq0015.ome0005.tif,0,0015,0,E24,nan,0005,0,0,0,0,0,/share/data/cellprofiler/christa/20230905_190025_768/mod,Done,65535,0,file:/share/data/cellprofiler/christa/20230905_190025_768/mod/PointE24_0003_ChannelSYTO_Spheroid_Bounds_Seq0015.ome0005.tif,1024
-2,0.0,0.0,0.21999999999999886,0.0,0.6399999999999935,PointE24_0003_ChannelSYTO_Spheroid_Bounds_Seq0015.ome0006.tif,0,7,8,1024,210,0.0,0.0010329194688741827,0.0,-0.8718689749130992,b'eLuEO5CAG02JNE+JrkYmoLRoTERiNNXLz00FqjXTK8lMAxdhMA8BgwzkUMwSEsQA+8jOBlHEBKWmUamIA7kBbDOIBkcJkAGOTpyFG02KWgVQdBQXJCankmsaMICQi2qo2Tb6yII2kAJc18hGH1qU66P6BiiAw9egFG8HAHbiFis=',d33b06c3bc327a38204e14a51feb2f1b,file:/share/data/cellprofiler/christa/20230905_190025_768/mod/PointE24_0003_ChannelSYTO_Spheroid_Bounds_Seq0015.ome0006.tif,0,0015,0,E24,nan,0006,0,0,0,0,0,/share/data/cellprofiler/christa/20230905_190025_768/mod,Done,65535,0,file:/share/data/cellprofiler/christa/20230905_190025_768/mod/PointE24_0003_ChannelSYTO_Spheroid_Bounds_Seq0015.ome0006.tif,1024
-2,0.0,0.0,0.2600000000000051,0.0,0.6199999999999974,PointE24_0003_ChannelSYTO_Spheroid_Bounds_Seq0015.ome0007.tif,0,8,8,1024,211,0.0,0.001342868523966644,0.0,-0.8900864140612585,b'eLuEO5CAG02JNE+JrkYmoLRoTERiNNXLz00FqjXXK8lMAxdhMA8BgwzkUMwSEsQA+8jOBlHEBKWmUamIA7kBbDOIBkcJkAGOTpyFG02KWgVQdBQXJCankmsaMICQi2qo2Tb6yII2kAJc18hGH1qU66P6BiiAw9egFG8HAHiaFiw=',199c34197322a55b43979ba967176342,file:/share/data/cellprofiler/christa/20230905_190025_768/mod/PointE24_0003_ChannelSYTO_Spheroid_Bounds_Seq0015.ome0007.tif,0,0015,0,E24,nan,0007,0,0,0,0,0,/share/data/cellprofiler/christa/20230905_190025_768/mod,Done,65535,0,file:/share/data/cellprofiler/christa/20230905_190025_768/mod/PointE24_0003_ChannelSYTO_Spheroid_Bounds_Seq0015.ome0007.tif,1024
-2,0.0,0.0,0.28000000000000114,0.0,0.8700000000000045,PointE24_0003_ChannelSYTO_Spheroid_Bounds_Seq0015.ome0008.tif,0,9,8,1024,212,0.0,0.0017814092489557315,0.0,-0.9093512283153838,b'eLuEO5CAG02JNE+JrkYmoLRoTERiNNXLz00FlYl6JZlp4CIM5iFgkIEcillCghhgH9nZIIqYoNQ0KhVxIDeAbQbR4CgBMsDRibNwo0lRqwCKjuKCxORUck0DBhByUQ0120YfWdAGUoDrGtnoQ4tyfVTfAAVw+BqU4u0AelIWLQ==',37df50f44b9c13e82178ee5c98abd8aa,file:/share/data/cellprofiler/christa/20230905_190025_768/mod/PointE24_0003_ChannelSYTO_Spheroid_Bounds_Seq0015.ome0008.tif,0,0015,0,E24,nan,0008,0,0,0,0,0,/share/data/cellprofiler/christa/20230905_190025_768/mod,Done,65535,0,file:/share/data/cellprofiler/christa/20230905_190025_768/mod/PointE24_0003_ChannelSYTO_Spheroid_Bounds_Seq0015.ome0008.tif,1024
-2,0.0,0.0,0.2700000000000031,0.0,0.769999999999996,PointE24_0003_ChannelSYTO_Spheroid_Bounds_Seq0015.ome0009.tif,0,10,8,1024,213,0.0,0.002345166235394723,0.0,-0.945476063411689,b'eLuEO5CAG02JNE+JrkYmoLRoTERiNNXLz00FqrXUK8lMAxdhMA8BgwzkUMwSEsQA+8jOBlHEBKWmUamIA7kBbDOIBkcJkAGOTpyFG02KWgVQdBQXJCankmsaMICQi2qo2Tb6yII2kAJc18hGH1qU66P6BiiAw9egFG8HAHwKFi4=',9906d79188e7718fa6803378f69a614c,file:/share/data/cellprofiler/christa/20230905_190025_768/mod/PointE24_0003_ChannelSYTO_Spheroid_Bounds_Seq0015.ome0009.tif,0,0015,0,E24,nan,0009,0,0,0,0,0,/share/data/cellprofiler/christa/20230905_190025_768/mod,Done,65535,0,file:/share/data/cellprofiler/christa/20230905_190025_768/mod/PointE24_0003_ChannelSYTO_Spheroid_Bounds_Seq0015.ome0009.tif,1024
-2,0.0,0.0,0.20000000000000284,0.010000000000005116,0.6199999999999903,PointE24_0003_ChannelSYTO_Spheroid_Bounds_Seq0015.ome0010.tif,0,11,8,1024,214,0.0,0.00306132746028614,0.0,-1.00412146401978,b'eLuEO5CAG02JNE+JrkYmoLRoTERiNNXLz00F0gZ6JZlp4CIM5iFgkIEcillCghhgH9nZIIqYoNQ0KhVxIDeAbQbR4CgBMsDRibNwo0lRqwCKjuKCxORUck0DBhByUQ0120YfWdAGUoDrGtnoQ4tyfVTfAAVw+BqU4u0AbksWJg==',c4232c06c41ac0627811a9013f0c8c80,file:/share/data/cellprofiler/christa/20230905_190025_768/mod/PointE24_0003_ChannelSYTO_Spheroid_Bounds_Seq0015.ome0010.tif,0,0015,0,E24,nan,0010,0,0,0,0,0,/share/data/cellprofiler/christa/20230905_190025_768/mod,Done,65535,0,file:/share/data/cellprofiler/christa/20230905_190025_768/mod/PointE24_0003_ChannelSYTO_Spheroid_Bounds_Seq0015.ome0010.tif,1024
-2,0.0,0.0,0.18999999999999773,0.0,0.7199999999999989,PointE24_0003_ChannelSYTO_Spheroid_Bounds_Seq0015.ome0011.tif,0,12,8,1024,215,0.0,0.004104232355960125,0.0,-1.1231903872132876,b'eLuEO5CAG02JNE+JrkYmoLRoTERiNNXLz00F0oZ6JZlp4CIM5iFgkIEcillCghhgH9nZIIqYoNQ0KhVxIDeAbQbR4CgBMsDRibNwo0lRqwCKjuKCxORUck0DBhByUQ0120YfWdAGUoDrGtnoQ4tyfVTfAAVw+BqU4u0AcAMWJw==',14dff697abc02dd2cef8cd0e521628d9,file:/share/data/cellprofiler/christa/20230905_190025_768/mod/PointE24_0003_ChannelSYTO_Spheroid_Bounds_Seq0015.ome0011.tif,0,0015,0,E24,nan,0011,0,0,0,0,0,/share/data/cellprofiler/christa/20230905_190025_768/mod,Done,65535,0,file:/share/data/cellprofiler/christa/20230905_190025_768/mod/PointE24_0003_ChannelSYTO_Spheroid_Bounds_Seq0015.ome0011.tif,1024
-2,0.0,0.0,0.18000000000000682,0.0,0.6800000000000068,PointE24_0003_ChannelSYTO_Spheroid_Bounds_Seq0015.ome0012.tif,0,13,8,1024,216,0.0,0.005390694521505642,0.0,-1.223349753841099,b'eLuEO5CAG02JNE+JrkYmoLRoTERiNNXLz00F0kZ6JZlp4CIM5iFgkIEcillCghhgH9nZIIqYoNQ0KhVxIDeAbQbR4CgBMsDRibNwo0lRqwCKjuKCxORUck0DBhByUQ0120YfWdAGUoDrGtnoQ4tyfVTfAAVw+BqU4u0AcbsWKA==',77e53a861a0c3adfb3337a2b083ab0fe,file:/share/data/cellprofiler/christa/20230905_190025_768/mod/PointE24_0003_ChannelSYTO_Spheroid_Bounds_Seq0015.ome0012.tif,0,0015,0,E24,nan,0012,0,0,0,0,0,/share/data/cellprofiler/christa/20230905_190025_768/mod,Done,65535,0,file:/share/data/cellprofiler/christa/20230905_190025_768/mod/PointE24_0003_ChannelSYTO_Spheroid_Bounds_Seq0015.ome0012.tif,1024
-2,0.0,0.0,0.269999999999996,0.010000000000005116,0.7199999999999989,PointE24_0003_ChannelSYTO_Spheroid_Bounds_Seq0015.ome0013.tif,0,14,8,1024,217,0.0,0.007098822050318784,0.0,-1.3257994607617298,b'eLuEO5CAG02JNE+JrkYmoLRoTERiNNXLz00F0sZ6JZlp4CIM5iFgkIEcillCghhgH9nZIIqYoNQ0KhVxIDeAbQbR4CgBMsDRibNwo0lRqwCKjuKCxORUck0DBhByUQ0120YfWdAGUoDrGtnoQ4tyfVTfAAVw+BqU4u0Ac3MWKQ==',df3313cb6f6032d1c6dcf2538e0bdca4,file:/share/data/cellprofiler/christa/20230905_190025_768/mod/PointE24_0003_ChannelSYTO_Spheroid_Bounds_Seq0015.ome0013.tif,0,0015,0,E24,nan,0013,0,0,0,0,0,/share/data/cellprofiler/christa/20230905_190025_768/mod,Done,65535,0,file:/share/data/cellprofiler/christa/20230905_190025_768/mod/PointE24_0003_ChannelSYTO_Spheroid_Bounds_Seq0015.ome0013.tif,1024
-2,0.0,0.0,0.4000000000000057,0.0,0.6500000000000057,PointE24_0003_ChannelSYTO_Spheroid_Bounds_Seq0015.ome0014.tif,0,15,8,1024,218,0.0,0.009085577198137516,0.0,-1.5421734669499074,b'eLuEO5CAG02JNE+JrkYmoLRoTERiNNXLz00FJUq9ksw0cBEG8xAwyEAOxSwhQQywj+xsEEVMUGoalYo4kBvANoNocJQAGeDoxFm40aSoVQBFR3FBYnIquaYBAwi5qIaabaOPLGgDKcB1jWz0oUW5PqpvgAI4fA1K8XYAdSsWKg==',6ba861775352b0662f61aff9eebe0257,file:/share/data/cellprofiler/christa/20230905_190025_768/mod/PointE24_0003_ChannelSYTO_Spheroid_Bounds_Seq0015.ome0014.tif,0,0015,0,E24,nan,0014,0,0,0,0,0,/share/data/cellprofiler/christa/20230905_190025_768/mod,Done,65535,0,file:/share/data/cellprofiler/christa/20230905_190025_768/mod/PointE24_0003_ChannelSYTO_Spheroid_Bounds_Seq0015.ome0014.tif,1024
-2,0.0,0.0,0.3100000000000023,0.0,0.6000000000000085,PointE24_0003_ChannelSYTO_Spheroid_Bounds_Seq0015.ome0015.tif,0,16,8,1024,219,0.0,0.012279768095262853,0.0,-2.464839373671158,b'eLuEO5CAG02JNE+JrkYmoLRoTERiNNXLz00F0yWZaeAiDOYhYJCBHIpZQoIYYB/Z2SCKmKDUNCoVcSA3gG0G0eAoATLA0YmzcKNJUasAio7igsTkVHJNAwYQclENNdtGH1nQBlKA6xrZ6EOLcn1U3wAFcPgalOLtAHbjFis=',d81ef1e62c7574f769f51fc1101bd820,file:/share/data/cellprofiler/christa/20230905_190025_768/mod/PointE24_0003_ChannelSYTO_Spheroid_Bounds_Seq0015.ome0015.tif,0,0015,0,E24,nan,0015,0,0,0,0,0,/share/data/cellprofiler/christa/20230905_190025_768/mod,Done,65535,0,file:/share/data/cellprofiler/christa/20230905_190025_768/mod/PointE24_0003_ChannelSYTO_Spheroid_Bounds_Seq0015.ome0015.tif,1024
-2,0.0,0.0,0.28000000000000114,0.0,0.6200000000000045,PointE24_0003_ChannelSYTO_Spheroid_Bounds_Seq0015.ome0016.tif,0,17,8,1024,220,0.0,0.02399290749192019,0.0,-2.3212039205820756,b'eLuEO5CAG02JNE+JrkYmoLRoTERiNNXLz00F0mZ6JZlp4CIM5iFgkIEcillCghhgH9nZIIqYoNQ0KhVxIDeAbQbR4CgBMsDRibNwo0lRqwCKjuKCxORUck0DBhByUQ0120YfWdAGUoDrGtnoQ4tyfVTfAAVw+BqU4u0AeJsWLA==',157b520891f747d231a356106f4e7d1f,file:/share/data/cellprofiler/christa/20230905_190025_768/mod/PointE24_0003_ChannelSYTO_Spheroid_Bounds_Seq0015.ome0016.tif,0,0015,0,E24,nan,0016,0,0,0,0,0,/share/data/cellprofiler/christa/20230905_190025_768/mod,Done,65535,0,file:/share/data/cellprofiler/christa/20230905_190025_768/mod/PointE24_0003_ChannelSYTO_Spheroid_Bounds_Seq0015.ome0016.tif,1024
-2,0.0,0.0,0.18999999999999773,0.0,0.6299999999999955,PointE24_0003_ChannelSYTO_Spheroid_Bounds_Seq0015.ome0017.tif,0,18,8,1024,221,0.0,0.025661972382508186,0.0,-2.516632386606451,b'eLuEO5CAG02JNE+JrkYmoLRoTERiNNXLz00F0uZ6JZlp4CIM5iFgkIEcillCghhgH9nZIIqYoNQ0KhVxIDeAbQbR4CgBMsDRibNwo0lRqwCKjuKCxORUck0DBhByUQ0120YfWdAGUoDrGtnoQ4tyfVTfAAVw+BqU4u0AelMWLQ==',ccc4b41a951b36510247687ecfcffd4a,file:/share/data/cellprofiler/christa/20230905_190025_768/mod/PointE24_0003_ChannelSYTO_Spheroid_Bounds_Seq0015.ome0017.tif,0,0015,0,E24,nan,0017,0,0,0,0,0,/share/data/cellprofiler/christa/20230905_190025_768/mod,Done,65535,0,file:/share/data/cellprofiler/christa/20230905_190025_768/mod/PointE24_0003_ChannelSYTO_Spheroid_Bounds_Seq0015.ome0017.tif,1024
-2,0.0,0.0,0.21999999999999886,0.0,0.5900000000000034,PointE24_0003_ChannelSYTO_Spheroid_Bounds_Seq0015.ome0018.tif,0,19,8,1024,222,0.0,0.024128421508921128,0.0,-2.741884290989034,b'eLuEO5CAG02JNE+JrkYmoLRoTERiNNXLz00F0hZ6JZlp4CIM5iFgkIEcillCghhgH9nZIIqYoNQ0KhVxIDeAbQbR4CgBMsDRibNwo0lRqwCKjuKCxORUck0DBhByUQ0120YfWdAGUoDrGtnoQ4tyfVTfAAVw+BqU4u0AfAsWLg==',f4af3bfb57bc5b360ffe666b3f313593,file:/share/data/cellprofiler/christa/20230905_190025_768/mod/PointE24_0003_ChannelSYTO_Spheroid_Bounds_Seq0015.ome0018.tif,0,0015,0,E24,nan,0018,0,0,0,0,0,/share/data/cellprofiler/christa/20230905_190025_768/mod,Done,65535,0,file:/share/data/cellprofiler/christa/20230905_190025_768/mod/PointE24_0003_ChannelSYTO_Spheroid_Bounds_Seq0015.ome0018.tif,1024
-2,0.0,0.0,0.18999999999999773,0.0,0.6599999999999966,PointE24_0003_ChannelSYTO_Spheroid_Bounds_Seq0015.ome0019.tif,0,20,8,1024,223,0.0,0.022878023237562568,0.0,-2.742495320058131,b'eLuEO5CAG02JNE+JrkYmoLRoTERiNNXLz00F0pZ6JZlp4CIM5iFgkIEcillCghhgH9nZIIqYoNQ0KhVxIDeAbQbR4CgBMsDRibNwo0lRqwCKjuKCxORUck0DBhByUQ0120YfWdAGUoDrGtnoQ4tyfVTfAAVw+BqU4u0AfcMWLw==',72963a9bf305d5402548a4eaf254fa4c,file:/share/data/cellprofiler/christa/20230905_190025_768/mod/PointE24_0003_ChannelSYTO_Spheroid_Bounds_Seq0015.ome0019.tif,0,0015,0,E24,nan,0019,0,0,0,0,0,/share/data/cellprofiler/christa/20230905_190025_768/mod,Done,65535,0,file:/share/data/cellprofiler/christa/20230905_190025_768/mod/PointE24_0003_ChannelSYTO_Spheroid_Bounds_Seq0015.ome0019.tif,1024
-2,0.0,0.0,0.1699999999999875,0.0,0.6100000000000136,PointE24_0003_ChannelSYTO_Spheroid_Bounds_Seq0015.ome0020.tif,0,21,8,1024,224,0.0,0.021241704112014998,0.0,-2.517930898470189,b'eLuEO5CAG02JNE+JrkYmoLRoTERiNNXLz00FmmCgV5KZBi7CYB4CBhnIoZglJIgB9pGdDaKICUpNo1IRB3ID2GYQDY4SIAMcnTgLN5oUtQqg6CguSExOJdc0YAAhF9VQs230kQVtIAW4rpGNPrQo10f1DVAAh69BKd4OAHAEFic=',f2ed11ca271a71c5236f79fbcda87490,file:/share/data/cellprofiler/christa/20230905_190025_768/mod/PointE24_0003_ChannelSYTO_Spheroid_Bounds_Seq0015.ome0020.tif,0,0015,0,E24,nan,0020,0,0,0,0,0,/share/data/cellprofiler/christa/20230905_190025_768/mod,Done,65535,0,file:/share/data/cellprofiler/christa/20230905_190025_768/mod/PointE24_0003_ChannelSYTO_Spheroid_Bounds_Seq0015.ome0020.tif,1024
-2,0.0,0.0,0.1799999999999926,0.0,0.5600000000000023,PointE24_0003_ChannelSYTO_Spheroid_Bounds_Seq0015.ome0021.tif,0,22,8,1024,225,0.0,0.0195512307813083,0.0,-2.126991175733664,b'eLuEO5CAG02JNE+JrkYmoLRoTERiNNXLz00FmmCoV5KZBi7CYB4CBhnIoZglJIgB9pGdDaKICUpNo1IRB3ID2GYQDY4SIAMcnTgLN5oUtQqg6CguSExOJdc0YAAhF9VQs230kQVtIAW4rpGNPrQo10f1DVAAh69BKd4OAHG8Fig=',0f2ceffedd4dff1612f6cad7d2c307d1,file:/share/data/cellprofiler/christa/20230905_190025_768/mod/PointE24_0003_ChannelSYTO_Spheroid_Bounds_Seq0015.ome0021.tif,0,0015,0,E24,nan,0021,0,0,0,0,0,/share/data/cellprofiler/christa/20230905_190025_768/mod,Done,65535,0,file:/share/data/cellprofiler/christa/20230905_190025_768/mod/PointE24_0003_ChannelSYTO_Spheroid_Bounds_Seq0015.ome0021.tif,1024
-2,0.0,0.0,0.20999999999999375,0.0,0.5999999999999943,PointE24_0003_ChannelSYTO_Spheroid_Bounds_Seq0015.ome0022.tif,0,23,8,1024,226,0.0,0.017651606603648368,0.0,-1.7003130330080645,b'eLuEO5CAG02JNE+JrkYmoLRoTERiNNXLz00FmmCkV5KZBi7CYB4CBhnIoZglJIgB9pGdDaKICUpNo1IRB3ID2GYQDY4SIAMcnTgLN5oUtQqg6CguSExOJdc0YAAhF9VQs230kQVtIAW4rpGNPrQo10f1DVAAh69BKd4OAHN0Fik=',358b650cb235698079da1081fc1730dd,file:/share/data/cellprofiler/christa/20230905_190025_768/mod/PointE24_0003_ChannelSYTO_Spheroid_Bounds_Seq0015.ome0022.tif,0,0015,0,E24,nan,0022,0,0,0,0,0,/share/data/cellprofiler/christa/20230905_190025_768/mod,Done,65535,0,file:/share/data/cellprofiler/christa/20230905_190025_768/mod/PointE24_0003_ChannelSYTO_Spheroid_Bounds_Seq0015.ome0022.tif,1024
-2,0.0,0.0,0.35999999999999943,0.0,0.7700000000000102,PointE24_0003_ChannelSYTO_Spheroid_Bounds_Seq0015.ome0023.tif,0,24,8,1024,227,0.0,0.015690254554299468,0.0,-1.237126320676022,b'eLuEO5CAG02JNE+JrkYmoLRoTERiNNXLz00FmmCsV5KZBi7CYB4CBhnIoZglJIgB9pGdDaKICUpNo1IRB3ID2GYQDY4SIAMcnTgLN5oUtQqg6CguSExOJdc0YAAhF9VQs230kQVtIAW4rpGNPrQo10f1DVAAh69BKd4OAHUsFio=',ff8ece3fe03ac9b4155de9085b3df8fd,file:/share/data/cellprofiler/christa/20230905_190025_768/mod/PointE24_0003_ChannelSYTO_Spheroid_Bounds_Seq0015.ome0023.tif,0,0015,0,E24,nan,0023,0,0,0,0,0,/share/data/cellprofiler/christa/20230905_190025_768/mod,Done,65535,0,file:/share/data/cellprofiler/christa/20230905_190025_768/mod/PointE24_0003_ChannelSYTO_Spheroid_Bounds_Seq0015.ome0023.tif,1024
-2,0.0,0.0,0.23000000000000398,0.0,0.75,PointE24_0003_ChannelSYTO_Spheroid_Bounds_Seq0015.ome0024.tif,0,25,8,1024,228,0.0,0.013620020105011371,0.0,-0.8445204757875643,b'eLuEO5CAG02JNE+JrkYmoLRoTERiNNXLz00FmmCiV5KZBi7CYB4CBhnIoZglJIgB9pGdDaKICUpNo1IRB3ID2GYQDY4SIAMcnTgLN5oUtQqg6CguSExOJdc0YAAhF9VQs230kQVtIAW4rpGNPrQo10f1DVAAh69BKd4OAHbkFis=',ecab494b1ab14c6caab10a97313e696f,file:/share/data/cellprofiler/christa/20230905_190025_768/mod/PointE24_0003_ChannelSYTO_Spheroid_Bounds_Seq0015.ome0024.tif,0,0015,0,E24,nan,0024,0,0,0,0,0,/share/data/cellprofiler/christa/20230905_190025_768/mod,Done,65535,0,file:/share/data/cellprofiler/christa/20230905_190025_768/mod/PointE24_0003_ChannelSYTO_Spheroid_Bounds_Seq0015.ome0024.tif,1024
-2,0.0,0.0,0.28999999999999204,0.0,0.6400000000000006,PointE24_0003_ChannelSYTO_Spheroid_Bounds_Seq0015.ome0025.tif,0,26,8,1024,229,0.0,0.011682710135800602,0.0,-0.7497402234963344,b'eLuEO5CAG02JNE+JrkYmoLRoTERiNNXLz00FmaBXkpkGLsJgHgIGGcihmCUkiAH2kZ0NoogJSk2jUhEHcgPYZhANjhIgAxydOAs3mhS1CqDoKC5ITE4l1zRgACEX1VCzbfSRBW0gBbiukY0+tCjXR/UNUACHr0Ep3g4AeJwWLA==',0d72aa220342f82314dac732474db730,file:/share/data/cellprofiler/christa/20230905_190025_768/mod/PointE24_0003_ChannelSYTO_Spheroid_Bounds_Seq0015.ome0025.tif,0,0015,0,E24,nan,0025,0,0,0,0,0,/share/data/cellprofiler/christa/20230905_190025_768/mod,Done,65535,0,file:/share/data/cellprofiler/christa/20230905_190025_768/mod/PointE24_0003_ChannelSYTO_Spheroid_Bounds_Seq0015.ome0025.tif,1024
-2,0.0,0.0,0.20999999999999375,0.0,0.7199999999999989,PointE24_0003_ChannelSYTO_Spheroid_Bounds_Seq0015.ome0026.tif,0,27,8,1024,230,0.0,0.00970463434593464,0.0,-0.7948907050214263,b'eLuEO5CAG02JNE+JrkYmoLRoTERiNNXLz00FmmCmV5KZBi7CYB4CBhnIoZglJIgB9pGdDaKICUpNo1IRB3ID2GYQDY4SIAMcnTgLN5oUtQqg6CguSExOJdc0YAAhF9VQs230kQVtIAW4rpGNPrQo10f1DVAAh69BKd4OAHpUFi0=',c9574e82ad03ed3fc368f87dce96b6c8,file:/share/data/cellprofiler/christa/20230905_190025_768/mod/PointE24_0003_ChannelSYTO_Spheroid_Bounds_Seq0015.ome0026.tif,0,0015,0,E24,nan,0026,0,0,0,0,0,/share/data/cellprofiler/christa/20230905_190025_768/mod,Done,65535,0,file:/share/data/cellprofiler/christa/20230905_190025_768/mod/PointE24_0003_ChannelSYTO_Spheroid_Bounds_Seq0015.ome0026.tif,1024
-2,0.0,0.0,0.1799999999999926,0.0,0.5899999999999892,PointE24_0003_ChannelSYTO_Spheroid_Bounds_Seq0015.ome0027.tif,0,28,8,1024,231,0.0,0.008115276022256509,0.0,-0.8639025921958141,b'eLuEO5CAG02JNE+JrkYmoLRoTERiNNXLz00FmmCuV5KZBi7CYB4CBhnIoZglJIgB9pGdDaKICUpNo1IRB3ID2GYQDY4SIAMcnTgLN5oUtQqg6CguSExOJdc0YAAhF9VQs230kQVtIAW4rpGNPrQo10f1DVAAh69BKd4OAHwMFi4=',36e1a61bc2064a0e4f194e8319cbd01a,file:/share/data/cellprofiler/christa/20230905_190025_768/mod/PointE24_0003_ChannelSYTO_Spheroid_Bounds_Seq0015.ome0027.tif,0,0015,0,E24,nan,0027,0,0,0,0,0,/share/data/cellprofiler/christa/20230905_190025_768/mod,Done,65535,0,file:/share/data/cellprofiler/christa/20230905_190025_768/mod/PointE24_0003_ChannelSYTO_Spheroid_Bounds_Seq0015.ome0027.tif,1024
-2,0.0,0.0,0.21000000000000796,0.0,0.6400000000000006,PointE24_0003_ChannelSYTO_Spheroid_Bounds_Seq0015.ome0028.tif,0,29,8,1024,232,0.0,0.006433858980592918,0.0,-0.9397660250620221,b'eLuEO5CAG02JNE+JrkYmoLRoTERiNNXLz00FmmChV5KZBi7CYB4CBhnIoZglJIgB9pGdDaKICUpNo1IRB3ID2GYQDY4SIAMcnTgLN5oUtQqg6CguSExOJdc0YAAhF9VQs230kQVtIAW4rpGNPrQo10f1DVAAh69BKd4OAH3EFi8=',7a175680af3e7a79949fe51c2a9a26ec,file:/share/data/cellprofiler/christa/20230905_190025_768/mod/PointE24_0003_ChannelSYTO_Spheroid_Bounds_Seq0015.ome0028.tif,0,0015,0,E24,nan,0028,0,0,0,0,0,/share/data/cellprofiler/christa/20230905_190025_768/mod,Done,65535,0,file:/share/data/cellprofiler/christa/20230905_190025_768/mod/PointE24_0003_ChannelSYTO_Spheroid_Bounds_Seq0015.ome0028.tif,1024
-2,0.0,0.0,0.4299999999999997,0.0,0.9399999999999977,PointJ24_0004_ChannelSYTO_Spheroid_Bounds_Seq0016.ome0000.tif,0,1,9,1024,233,0.0,0.0002460075423446207,0.0,-0.8662855372219179,b'eLuEO5CAG02JNE+JXkYmoLRoQkRiNNPLz00FlYd6JZlp4CIM5iFgkIEcillCghhgH9nZIIqYoNQ0KhVxIDeAbQbR4CgBMsDRibNwo0lRqwCKjuKCxORUck0DBhByUQ0120YfWdAGUoDrGtnoQ4tyfVTfAAVw+BqU4u0Aec0WLA==',d5fd9b24e6162f766a6dbbe738dc4960,file:/share/data/cellprofiler/christa/20230905_190025_768/mod/PointJ24_0004_ChannelSYTO_Spheroid_Bounds_Seq0016.ome0000.tif,0,0016,0,J24,nan,0000,0,0,0,0,0,/share/data/cellprofiler/christa/20230905_190025_768/mod,Done,65535,0,file:/share/data/cellprofiler/christa/20230905_190025_768/mod/PointJ24_0004_ChannelSYTO_Spheroid_Bounds_Seq0016.ome0000.tif,1024
-2,0.0,0.0,0.4099999999999966,0.0,0.740000000000002,PointJ24_0004_ChannelSYTO_Spheroid_Bounds_Seq0016.ome0001.tif,0,2,9,1024,234,0.0,0.0003018287307376194,0.0,-0.8806026313796846,b'eLuEO5CAG02JNE+JXkYmoLRoQkRiNNPLz00FqjXUK8lMAxdhMA8BgwzkUMwSEsQA+8jOBlHEBKWmUamIA7kBbDOIBkcJkAGOTpyFG02KWgVQdBQXJCankmsaMICQi2qo2Tb6yII2kAJc18hGH1qU66P6BiiAw9egFG8HAHuFFi0=',033aae1eae026f6a184e2e62d3169cd2,file:/share/data/cellprofiler/christa/20230905_190025_768/mod/PointJ24_0004_ChannelSYTO_Spheroid_Bounds_Seq0016.ome0001.tif,0,0016,0,J24,nan,0001,0,0,0,0,0,/share/data/cellprofiler/christa/20230905_190025_768/mod,Done,65535,0,file:/share/data/cellprofiler/christa/20230905_190025_768/mod/PointJ24_0004_ChannelSYTO_Spheroid_Bounds_Seq0016.ome0001.tif,1024
-2,0.0,0.0,0.240000000000002,0.0,0.7100000000000009,PointJ24_0004_ChannelSYTO_Spheroid_Bounds_Seq0016.ome0002.tif,0,3,9,1024,235,0.0,0.0003692949530481712,0.0,-0.8688336036018572,b'eLuEO5CAG02JNE+JXkYmoLRoQkRiNNPLz00FqjXSK8lMAxdhMA8BgwzkUMwSEsQA+8jOBlHEBKWmUamIA7kBbDOIBkcJkAGOTpyFG02KWgVQdBQXJCankmsaMICQi2qo2Tb6yII2kAJc18hGH1qU66P6BiiAw9egFG8HAH09Fi4=',221113916bdd5c00838de603a5aefe96,file:/share/data/cellprofiler/christa/20230905_190025_768/mod/PointJ24_0004_ChannelSYTO_Spheroid_Bounds_Seq0016.ome0002.tif,0,0016,0,J24,nan,0002,0,0,0,0,0,/share/data/cellprofiler/christa/20230905_190025_768/mod,Done,65535,0,file:/share/data/cellprofiler/christa/20230905_190025_768/mod/PointJ24_0004_ChannelSYTO_Spheroid_Bounds_Seq0016.ome0002.tif,1024
-2,0.0,0.0,0.22999999999999687,0.0,0.7099999999999937,PointJ24_0004_ChannelSYTO_Spheroid_Bounds_Seq0016.ome0003.tif,0,4,9,1024,236,0.0,0.00046984680984907685,0.0,-0.883971524225058,b'eLuEO5CAG02JNE+JXkYmoLRoQkRiNNPLz00FqjXWK8lMAxdhMA8BgwzkUMwSEsQA+8jOBlHEBKWmUamIA7kBbDOIBkcJkAGOTpyFG02KWgVQdBQXJCankmsaMICQi2qo2Tb6yII2kAJc18hGH1qU66P6BiiAw9egFG8HAH71Fi8=',7df59bcdd80e13e46343bc5a6cc2cce6,file:/share/data/cellprofiler/christa/20230905_190025_768/mod/PointJ24_0004_ChannelSYTO_Spheroid_Bounds_Seq0016.ome0003.tif,0,0016,0,J24,nan,0003,0,0,0,0,0,/share/data/cellprofiler/christa/20230905_190025_768/mod,Done,65535,0,file:/share/data/cellprofiler/christa/20230905_190025_768/mod/PointJ24_0004_ChannelSYTO_Spheroid_Bounds_Seq0016.ome0003.tif,1024
-2,0.0,0.0,0.3500000000000085,0.0,0.6700000000000017,PointJ24_0004_ChannelSYTO_Spheroid_Bounds_Seq0016.ome0004.tif,0,5,9,1024,237,0.0,0.0006045495507511269,0.0,-0.8874277778344909,b'eLuEO5CAG02JNE+JXkYmoLRoQkRiNNPLz00FqdUryUwDF2EwDwGDDORQzBISxAD7yM4GUcQEpaZRqYgDuQFsM4gGRwmQAY5OnIUbTYpaBVB0FBckJqeSaxowgJCLaqjZNvrIgjaQAlzXyEYfWpTro/oGKIDD16AUbwcAgK0WMA==',174deb91395ca4656d6fb7ffab0ef247,file:/share/data/cellprofiler/christa/20230905_190025_768/mod/PointJ24_0004_ChannelSYTO_Spheroid_Bounds_Seq0016.ome0004.tif,0,0016,0,J24,nan,0004,0,0,0,0,0,/share/data/cellprofiler/christa/20230905_190025_768/mod,Done,65535,0,file:/share/data/cellprofiler/christa/20230905_190025_768/mod/PointJ24_0004_ChannelSYTO_Spheroid_Bounds_Seq0016.ome0004.tif,1024
-2,0.0,0.0,0.22999999999999687,0.0,0.6400000000000006,PointJ24_0004_ChannelSYTO_Spheroid_Bounds_Seq0016.ome0005.tif,0,6,9,1024,238,0.0,0.0007644262636794647,0.0,-0.8958883283746288,b'eLuEO5CAG02JNE+JXkYmoLRoQkRiNNPLz00FqjXVK8lMAxdhMA8BgwzkUMwSEsQA+8jOBlHEBKWmUamIA7kBbDOIBkcJkAGOTpyFG02KWgVQdBQXJCankmsaMICQi2qo2Tb6yII2kAJc18hGH1qU66P6BiiAw9egFG8HAIJlFjE=',e2d646dd37eafcdce0a53b0fa39c21a6,file:/share/data/cellprofiler/christa/20230905_190025_768/mod/PointJ24_0004_ChannelSYTO_Spheroid_Bounds_Seq0016.ome0005.tif,0,0016,0,J24,nan,0005,0,0,0,0,0,/share/data/cellprofiler/christa/20230905_190025_768/mod,Done,65535,0,file:/share/data/cellprofiler/christa/20230905_190025_768/mod/PointJ24_0004_ChannelSYTO_Spheroid_Bounds_Seq0016.ome0005.tif,1024
-2,0.0,0.0,0.19000000000000483,0.0,0.6200000000000045,PointJ24_0004_ChannelSYTO_Spheroid_Bounds_Seq0016.ome0006.tif,0,7,9,1024,239,0.0,0.0009805919750487402,0.0,-0.9089047120429113,b'eLuEO5CAG02JNE+JXkYmoLRoQkRiNNPLz00FqjXTK8lMAxdhMA8BgwzkUMwSEsQA+8jOBlHEBKWmUamIA7kBbDOIBkcJkAGOTpyFG02KWgVQdBQXJCankmsaMICQi2qo2Tb6yII2kAJc18hGH1qU66P6BiiAw9egFG8HAIQdFjI=',6340e790922f9abf0c9bfa6a5baf423e,file:/share/data/cellprofiler/christa/20230905_190025_768/mod/PointJ24_0004_ChannelSYTO_Spheroid_Bounds_Seq0016.ome0006.tif,0,0016,0,J24,nan,0006,0,0,0,0,0,/share/data/cellprofiler/christa/20230905_190025_768/mod,Done,65535,0,file:/share/data/cellprofiler/christa/20230905_190025_768/mod/PointJ24_0004_ChannelSYTO_Spheroid_Bounds_Seq0016.ome0006.tif,1024
-2,0.0,0.0,0.2700000000000031,0.0,0.7700000000000031,PointJ24_0004_ChannelSYTO_Spheroid_Bounds_Seq0016.ome0007.tif,0,8,9,1024,240,0.0,0.0012620315796134994,0.0,-0.9318096117071102,b'eLuEO5CAG02JNE+JXkYmoLRoQkRiNNPLz00FqjXXK8lMAxdhMA8BgwzkUMwSEsQA+8jOBlHEBKWmUamIA7kBbDOIBkcJkAGOTpyFG02KWgVQdBQXJCankmsaMICQi2qo2Tb6yII2kAJc18hGH1qU66P6BiiAw9egFG8HAIXVFjM=',24b5332b301d90974f4464e7416c633d,file:/share/data/cellprofiler/christa/20230905_190025_768/mod/PointJ24_0004_ChannelSYTO_Spheroid_Bounds_Seq0016.ome0007.tif,0,0016,0,J24,nan,0007,0,0,0,0,0,/share/data/cellprofiler/christa/20230905_190025_768/mod,Done,65535,0,file:/share/data/cellprofiler/christa/20230905_190025_768/mod/PointJ24_0004_ChannelSYTO_Spheroid_Bounds_Seq0016.ome0007.tif,1024
-2,0.0,0.0,0.30000000000000426,0.0,0.7100000000000009,PointJ24_0004_ChannelSYTO_Spheroid_Bounds_Seq0016.ome0008.tif,0,9,9,1024,241,0.0,0.0016518263629128292,0.0,-0.99507462735344,b'eLuEO5CAG02JNE+JXkYmoLRoQkRiNNPLz00FlYl6JZlp4CIM5iFgkIEcillCghhgH9nZIIqYoNQ0KhVxIDeAbQbR4CgBMsDRibNwo0lRqwCKjuKCxORUck0DBhByUQ0120YfWdAGUoDrGtnoQ4tyfVTfAAVw+BqU4u0Ah40WNA==',47952056951dbe925f9bbc313572dbf9,file:/share/data/cellprofiler/christa/20230905_190025_768/mod/PointJ24_0004_ChannelSYTO_Spheroid_Bounds_Seq0016.ome0008.tif,0,0016,0,J24,nan,0008,0,0,0,0,0,/share/data/cellprofiler/christa/20230905_190025_768/mod,Done,65535,0,file:/share/data/cellprofiler/christa/20230905_190025_768/mod/PointJ24_0004_ChannelSYTO_Spheroid_Bounds_Seq0016.ome0008.tif,1024
-2,0.0,0.0,0.269999999999996,0.0,0.6900000000000048,PointJ24_0004_ChannelSYTO_Spheroid_Bounds_Seq0016.ome0009.tif,0,10,9,1024,242,0.0,0.002153038843085365,0.0,-1.0982620091185735,b'eLuEO5CAG02JNE+JXkYmoLRoQkRiNNPLz00FqrXUK8lMAxdhMA8BgwzkUMwSEsQA+8jOBlHEBKWmUamIA7kBbDOIBkcJkAGOTpyFG02KWgVQdBQXJCankmsaMICQi2qo2Tb6yII2kAJc18hGH1qU66P6BiiAw9egFG8HAIlFFjU=',e72a1ea5e39127e1a9e3034c7fbebbc0,file:/share/data/cellprofiler/christa/20230905_190025_768/mod/PointJ24_0004_ChannelSYTO_Spheroid_Bounds_Seq0016.ome0009.tif,0,0016,0,J24,nan,0009,0,0,0,0,0,/share/data/cellprofiler/christa/20230905_190025_768/mod,Done,65535,0,file:/share/data/cellprofiler/christa/20230905_190025_768/mod/PointJ24_0004_ChannelSYTO_Spheroid_Bounds_Seq0016.ome0009.tif,1024
-2,0.0,0.0,0.21000000000000085,0.0,0.6399999999999864,PointJ24_0004_ChannelSYTO_Spheroid_Bounds_Seq0016.ome0010.tif,0,11,9,1024,243,0.0,0.002804901036921766,0.0,-1.316746600635609,b'eLuEO5CAG02JNE+JXkYmoLRoQkRiNNPLz00F0gZ6JZlp4CIM5iFgkIEcillCghhgH9nZIIqYoNQ0KhVxIDeAbQbR4CgBMsDRibNwo0lRqwCKjuKCxORUck0DBhByUQ0120YfWdAGUoDrGtnoQ4tyfVTfAAVw+BqU4u0Ae4YWLQ==',bca912ee6f291650ddecb7dd5e42b1e7,file:/share/data/cellprofiler/christa/20230905_190025_768/mod/PointJ24_0004_ChannelSYTO_Spheroid_Bounds_Seq0016.ome0010.tif,0,0016,0,J24,nan,0010,0,0,0,0,0,/share/data/cellprofiler/christa/20230905_190025_768/mod,Done,65535,0,file:/share/data/cellprofiler/christa/20230905_190025_768/mod/PointJ24_0004_ChannelSYTO_Spheroid_Bounds_Seq0016.ome0010.tif,1024
-2,0.0,0.0,0.18999999999999773,0.0,0.6500000000000057,PointJ24_0004_ChannelSYTO_Spheroid_Bounds_Seq0016.ome0011.tif,0,12,9,1024,244,0.0,0.003660686743288717,0.0,-1.9000090613293408,b'eLuEO5CAG02JNE+JXkYmoLRoQkRiNNPLz00F0oZ6JZlp4CIM5iFgkIEcillCghhgH9nZIIqYoNQ0KhVxIDeAbQbR4CgBMsDRibNwo0lRqwCKjuKCxORUck0DBhByUQ0120YfWdAGUoDrGtnoQ4tyfVTfAAVw+BqU4u0AfT4WLg==',864c0d78bc4e38ca82084ed611aa285b,file:/share/data/cellprofiler/christa/20230905_190025_768/mod/PointJ24_0004_ChannelSYTO_Spheroid_Bounds_Seq0016.ome0011.tif,0,0016,0,J24,nan,0011,0,0,0,0,0,/share/data/cellprofiler/christa/20230905_190025_768/mod,Done,65535,0,file:/share/data/cellprofiler/christa/20230905_190025_768/mod/PointJ24_0004_ChannelSYTO_Spheroid_Bounds_Seq0016.ome0011.tif,1024
-2,0.0,0.0,0.1799999999999926,0.0,0.5600000000000023,PointJ24_0004_ChannelSYTO_Spheroid_Bounds_Seq0016.ome0012.tif,0,13,9,1024,245,0.0,0.004885214691033431,0.0,-1.7150358179961944,b'eLuEO5CAG02JNE+JXkYmoLRoQkRiNNPLz00F0kZ6JZlp4CIM5iFgkIEcillCghhgH9nZIIqYoNQ0KhVxIDeAbQbR4CgBMsDRibNwo0lRqwCKjuKCxORUck0DBhByUQ0120YfWdAGUoDrGtnoQ4tyfVTfAAVw+BqU4u0AfvYWLw==',7b6a9a7dc830c52e2b4acb9c6f19cafe,file:/share/data/cellprofiler/christa/20230905_190025_768/mod/PointJ24_0004_ChannelSYTO_Spheroid_Bounds_Seq0016.ome0012.tif,0,0016,0,J24,nan,0012,0,0,0,0,0,/share/data/cellprofiler/christa/20230905_190025_768/mod,Done,65535,0,file:/share/data/cellprofiler/christa/20230905_190025_768/mod/PointJ24_0004_ChannelSYTO_Spheroid_Bounds_Seq0016.ome0012.tif,1024
-2,0.0,0.0,0.2600000000000051,0.0,0.5700000000000074,PointJ24_0004_ChannelSYTO_Spheroid_Bounds_Seq0016.ome0013.tif,0,14,9,1024,246,0.0,0.00646136755813116,0.0,-2.1484768799283187,b'eLuEO5CAG02JNE+JXkYmoLRoQkRiNNPLz00F0sZ6JZlp4CIM5iFgkIEcillCghhgH9nZIIqYoNQ0KhVxIDeAbQbR4CgBMsDRibNwo0lRqwCKjuKCxORUck0DBhByUQ0120YfWdAGUoDrGtnoQ4tyfVTfAAVw+BqU4u0AgK4WMA==',aacfcc5813cf9af96e1ac26078421b33,file:/share/data/cellprofiler/christa/20230905_190025_768/mod/PointJ24_0004_ChannelSYTO_Spheroid_Bounds_Seq0016.ome0013.tif,0,0016,0,J24,nan,0013,0,0,0,0,0,/share/data/cellprofiler/christa/20230905_190025_768/mod,Done,65535,0,file:/share/data/cellprofiler/christa/20230905_190025_768/mod/PointJ24_0004_ChannelSYTO_Spheroid_Bounds_Seq0016.ome0013.tif,1024
-2,0.0,0.0,0.30000000000001137,0.0,0.5499999999999972,PointJ24_0004_ChannelSYTO_Spheroid_Bounds_Seq0016.ome0014.tif,0,15,9,1024,247,0.0,0.008220046748175799,0.0,-1.9771774917692664,b'eLuEO5CAG02JNE+JXkYmoLRoQkRiNNPLz00FJUq9ksw0cBEG8xAwyEAOxSwhQQywj+xsEEVMUGoalYo4kBvANoNocJQAGeDoxFm40aSoVQBFR3FBYnIquaYBAwi5qIaabaOPLGgDKcB1jWz0oUW5PqpvgAI4fA1K8XYAgmYWMQ==',0a537b9f2a523d58694d50d318f70646,file:/share/data/cellprofiler/christa/20230905_190025_768/mod/PointJ24_0004_ChannelSYTO_Spheroid_Bounds_Seq0016.ome0014.tif,0,0016,0,J24,nan,0014,0,0,0,0,0,/share/data/cellprofiler/christa/20230905_190025_768/mod,Done,65535,0,file:/share/data/cellprofiler/christa/20230905_190025_768/mod/PointJ24_0004_ChannelSYTO_Spheroid_Bounds_Seq0016.ome0014.tif,1024
-2,0.0,0.0,0.18999999999999773,0.0,0.6299999999999955,PointJ24_0004_ChannelSYTO_Spheroid_Bounds_Seq0016.ome0015.tif,0,16,9,1024,248,0.0,0.010514271613417956,0.0,-2.289787323890261,b'eLuEO5CAG02JNE+JXkYmoLRoQkRiNNPLz00F0qZ6JZlp4CIM5iFgkIEcillCghhgH9nZIIqYoNQ0KhVxIDeAbQbR4CgBMsDRibNwo0lRqwCKjuKCxORUck0DBhByUQ0120YfWdAGUoDrGtnoQ4tyfVTfAAVw+BqU4u0AhB4WMg==',33cedbbc80d1ee0cc948646236ae6b7f,file:/share/data/cellprofiler/christa/20230905_190025_768/mod/PointJ24_0004_ChannelSYTO_Spheroid_Bounds_Seq0016.ome0015.tif,0,0016,0,J24,nan,0015,0,0,0,0,0,/share/data/cellprofiler/christa/20230905_190025_768/mod,Done,65535,0,file:/share/data/cellprofiler/christa/20230905_190025_768/mod/PointJ24_0004_ChannelSYTO_Spheroid_Bounds_Seq0016.ome0015.tif,1024
-2,0.0,0.0,0.29000000000000625,0.0,0.6499999999999915,PointJ24_0004_ChannelSYTO_Spheroid_Bounds_Seq0016.ome0016.tif,0,17,9,1024,249,0.0,0.01957219514794493,0.0,-2.325823538170523,b'eLuEO5CAG02JNE+JXkYmoLRoQkRiNNPLz00F0yWZaeAiDOYhYJCBHIpZQoIYYB/Z2SCKmKDUNCoVcSA3gG0G0eAoATLA0YmzcKNJUasAio7igsTkVHJNAwYQclENNdtGH1nQBlKA6xrZ6EOLcn1U3wAFcPgalOLtAIXWFjM=',0c2db9b879ca8c1d9d489fcbe3f4dcbd,file:/share/data/cellprofiler/christa/20230905_190025_768/mod/PointJ24_0004_ChannelSYTO_Spheroid_Bounds_Seq0016.ome0016.tif,0,0016,0,J24,nan,0016,0,0,0,0,0,/share/data/cellprofiler/christa/20230905_190025_768/mod,Done,65535,0,file:/share/data/cellprofiler/christa/20230905_190025_768/mod/PointJ24_0004_ChannelSYTO_Spheroid_Bounds_Seq0016.ome0016.tif,1024
-2,0.0,0.0,0.2300000000000182,0.0,0.6299999999999955,PointJ24_0004_ChannelSYTO_Spheroid_Bounds_Seq0016.ome0017.tif,0,18,9,1024,250,0.0,0.02320632612643484,0.0,-2.4882387026650146,b'eLuEO5CAG02JNE+JXkYmoLRoQkRiNNPLz00F0uZ6JZlp4CIM5iFgkIEcillCghhgH9nZIIqYoNQ0KhVxIDeAbQbR4CgBMsDRibNwo0lRqwCKjuKCxORUck0DBhByUQ0120YfWdAGUoDrGtnoQ4tyfVTfAAVw+BqU4u0Ah44WNA==',fd98f0f5ed3fe4eafa581333fdea20bf,file:/share/data/cellprofiler/christa/20230905_190025_768/mod/PointJ24_0004_ChannelSYTO_Spheroid_Bounds_Seq0016.ome0017.tif,0,0016,0,J24,nan,0017,0,0,0,0,0,/share/data/cellprofiler/christa/20230905_190025_768/mod,Done,65535,0,file:/share/data/cellprofiler/christa/20230905_190025_768/mod/PointJ24_0004_ChannelSYTO_Spheroid_Bounds_Seq0016.ome0017.tif,1024
-2,0.0,0.0,0.2500000000000142,0.0,0.6299999999999955,PointJ24_0004_ChannelSYTO_Spheroid_Bounds_Seq0016.ome0018.tif,0,19,9,1024,251,0.0,0.02202622432789506,0.0,-2.625325855149232,b'eLuEO5CAG02JNE+JXkYmoLRoQkRiNNPLz00F0hZ6JZlp4CIM5iFgkIEcillCghhgH9nZIIqYoNQ0KhVxIDeAbQbR4CgBMsDRibNwo0lRqwCKjuKCxORUck0DBhByUQ0120YfWdAGUoDrGtnoQ4tyfVTfAAVw+BqU4u0AiUYWNQ==',dabaa5397289606a722a582f20e38ea2,file:/share/data/cellprofiler/christa/20230905_190025_768/mod/PointJ24_0004_ChannelSYTO_Spheroid_Bounds_Seq0016.ome0018.tif,0,0016,0,J24,nan,0018,0,0,0,0,0,/share/data/cellprofiler/christa/20230905_190025_768/mod,Done,65535,0,file:/share/data/cellprofiler/christa/20230905_190025_768/mod/PointJ24_0004_ChannelSYTO_Spheroid_Bounds_Seq0016.ome0018.tif,1024
-2,0.0,0.0,0.18000000000000682,0.0,0.6599999999999966,PointJ24_0004_ChannelSYTO_Spheroid_Bounds_Seq0016.ome0019.tif,0,20,9,1024,252,0.0,0.02104804095159972,0.0,-2.6906628844692517,b'eLuEO5CAG02JNE+JXkYmoLRoQkRiNNPLz00F0pZ6JZlp4CIM5iFgkIEcillCghhgH9nZIIqYoNQ0KhVxIDeAbQbR4CgBMsDRibNwo0lRqwCKjuKCxORUck0DBhByUQ0120YfWdAGUoDrGtnoQ4tyfVTfAAVw+BqU4u0Aiv4WNg==',4eedcfaefcb11b68921a2680cb70b9bd,file:/share/data/cellprofiler/christa/20230905_190025_768/mod/PointJ24_0004_ChannelSYTO_Spheroid_Bounds_Seq0016.ome0019.tif,0,0016,0,J24,nan,0019,0,0,0,0,0,/share/data/cellprofiler/christa/20230905_190025_768/mod,Done,65535,0,file:/share/data/cellprofiler/christa/20230905_190025_768/mod/PointJ24_0004_ChannelSYTO_Spheroid_Bounds_Seq0016.ome0019.tif,1024
-2,0.0,0.0,0.18000000000000682,0.0,0.6699999999999875,PointJ24_0004_ChannelSYTO_Spheroid_Bounds_Seq0016.ome0020.tif,0,21,9,1024,253,0.0,0.019851443781316352,0.0,-2.514858920837572,b'eLuEO5CAG02JNE+JXkYmoLRoQkRiNNPLz00FmmCgV5KZBi7CYB4CBhnIoZglJIgB9pGdDaKICUpNo1IRB3ID2GYQDY4SIAMcnTgLN5oUtQqg6CguSExOJdc0YAAhF9VQs230kQVtIAW4rpGNPrQo10f1DVAAh69BKd4OAH0/Fi4=',dd57c8f948c8a4e4c8a5181d87031bb3,file:/share/data/cellprofiler/christa/20230905_190025_768/mod/PointJ24_0004_ChannelSYTO_Spheroid_Bounds_Seq0016.ome0020.tif,0,0016,0,J24,nan,0020,0,0,0,0,0,/share/data/cellprofiler/christa/20230905_190025_768/mod,Done,65535,0,file:/share/data/cellprofiler/christa/20230905_190025_768/mod/PointJ24_0004_ChannelSYTO_Spheroid_Bounds_Seq0016.ome0020.tif,1024
-2,0.0,0.0,0.22000000000001307,0.0,0.7399999999999949,PointJ24_0004_ChannelSYTO_Spheroid_Bounds_Seq0016.ome0021.tif,0,22,9,1024,254,0.0,0.018610432702760023,0.0,-2.0373304902335057,b'eLuEO5CAG02JNE+JXkYmoLRoQkRiNNPLz00FmmCoV5KZBi7CYB4CBhnIoZglJIgB9pGdDaKICUpNo1IRB3ID2GYQDY4SIAMcnTgLN5oUtQqg6CguSExOJdc0YAAhF9VQs230kQVtIAW4rpGNPrQo10f1DVAAh69BKd4OAH73Fi8=',c7404811ffc1781fdac77ecccfdb067e,file:/share/data/cellprofiler/christa/20230905_190025_768/mod/PointJ24_0004_ChannelSYTO_Spheroid_Bounds_Seq0016.ome0021.tif,0,0016,0,J24,nan,0021,0,0,0,0,0,/share/data/cellprofiler/christa/20230905_190025_768/mod,Done,65535,0,file:/share/data/cellprofiler/christa/20230905_190025_768/mod/PointJ24_0004_ChannelSYTO_Spheroid_Bounds_Seq0016.ome0021.tif,1024
-2,0.0,0.0,0.21999999999999886,0.0,0.6800000000000068,PointJ24_0004_ChannelSYTO_Spheroid_Bounds_Seq0016.ome0022.tif,0,23,9,1024,255,0.0,0.017140074484516973,0.0,-1.5232717552670225,b'eLuEO5CAG02JNE+JXkYmoLRoQkRiNNPLz00FmmCkV5KZBi7CYB4CBhnIoZglJIgB9pGdDaKICUpNo1IRB3ID2GYQDY4SIAMcnTgLN5oUtQqg6CguSExOJdc0YAAhF9VQs230kQVtIAW4rpGNPrQo10f1DVAAh69BKd4OAICvFjA=',0efe00c4407a90fef122c3ccd94a51d9,file:/share/data/cellprofiler/christa/20230905_190025_768/mod/PointJ24_0004_ChannelSYTO_Spheroid_Bounds_Seq0016.ome0022.tif,0,0016,0,J24,nan,0022,0,0,0,0,0,/share/data/cellprofiler/christa/20230905_190025_768/mod,Done,65535,0,file:/share/data/cellprofiler/christa/20230905_190025_768/mod/PointJ24_0004_ChannelSYTO_Spheroid_Bounds_Seq0016.ome0022.tif,1024
-2,0.0,0.0,0.38000000000000966,0.0,0.9000000000000057,PointJ24_0004_ChannelSYTO_Spheroid_Bounds_Seq0016.ome0023.tif,0,24,9,1024,256,0.0,0.015428456642335603,0.0,-1.0846969516905554,b'eLuEO5CAG02JNE+JXkYmoLRoQkRiNNPLz00FmmCsV5KZBi7CYB4CBhnIoZglJIgB9pGdDaKICUpNo1IRB3ID2GYQDY4SIAMcnTgLN5oUtQqg6CguSExOJdc0YAAhF9VQs230kQVtIAW4rpGNPrQo10f1DVAAh69BKd4OAIJnFjE=',166ae57980c7d508e30c6a01207c8b27,file:/share/data/cellprofiler/christa/20230905_190025_768/mod/PointJ24_0004_ChannelSYTO_Spheroid_Bounds_Seq0016.ome0023.tif,0,0016,0,J24,nan,0023,0,0,0,0,0,/share/data/cellprofiler/christa/20230905_190025_768/mod,Done,65535,0,file:/share/data/cellprofiler/christa/20230905_190025_768/mod/PointJ24_0004_ChannelSYTO_Spheroid_Bounds_Seq0016.ome0023.tif,1024
-2,0.0,0.0,0.21000000000000796,0.0,0.7000000000000028,PointJ24_0004_ChannelSYTO_Spheroid_Bounds_Seq0016.ome0024.tif,0,25,9,1024,257,0.0,0.013593850789966323,0.0,-0.8441930218120002,b'eLuEO5CAG02JNE+JXkYmoLRoQkRiNNPLz00FmmCiV5KZBi7CYB4CBhnIoZglJIgB9pGdDaKICUpNo1IRB3ID2GYQDY4SIAMcnTgLN5oUtQqg6CguSExOJdc0YAAhF9VQs230kQVtIAW4rpGNPrQo10f1DVAAh69BKd4OAIQfFjI=',e3a36c341f353b4ca133b0ca8e342c30,file:/share/data/cellprofiler/christa/20230905_190025_768/mod/PointJ24_0004_ChannelSYTO_Spheroid_Bounds_Seq0016.ome0024.tif,0,0016,0,J24,nan,0024,0,0,0,0,0,/share/data/cellprofiler/christa/20230905_190025_768/mod,Done,65535,0,file:/share/data/cellprofiler/christa/20230905_190025_768/mod/PointJ24_0004_ChannelSYTO_Spheroid_Bounds_Seq0016.ome0024.tif,1024
-2,0.0,0.0,0.37000000000000455,0.0,0.7199999999999989,PointJ24_0004_ChannelSYTO_Spheroid_Bounds_Seq0016.ome0025.tif,0,26,9,1024,258,0.0,0.011684402396189827,0.0,-0.8684614379467521,b'eLuEO5CAG02JNE+JXkYmoLRoQkRiNNPLz00FmaBXkpkGLsJgHgIGGcihmCUkiAH2kZ0NoogJSk2jUhEHcgPYZhANjhIgAxydOAs3mhS1CqDoKC5ITE4l1zRgACEX1VCzbfSRBW0gBbiukY0+tCjXR/UNUACHr0Ep3g4AhdcWMw==',d18adb6d32f95a0870702dc3bd2318d8,file:/share/data/cellprofiler/christa/20230905_190025_768/mod/PointJ24_0004_ChannelSYTO_Spheroid_Bounds_Seq0016.ome0025.tif,0,0016,0,J24,nan,0025,0,0,0,0,0,/share/data/cellprofiler/christa/20230905_190025_768/mod,Done,65535,0,file:/share/data/cellprofiler/christa/20230905_190025_768/mod/PointJ24_0004_ChannelSYTO_Spheroid_Bounds_Seq0016.ome0025.tif,1024
-2,0.0,0.0,0.20000000000000284,0.0,0.6199999999999903,PointJ24_0004_ChannelSYTO_Spheroid_Bounds_Seq0016.ome0026.tif,0,27,9,1024,259,0.0,0.009984953505406017,0.0,-0.9632716313568853,b'eLuEO5CAG02JNE+JXkYmoLRoQkRiNNPLz00FmmCmV5KZBi7CYB4CBhnIoZglJIgB9pGdDaKICUpNo1IRB3ID2GYQDY4SIAMcnTgLN5oUtQqg6CguSExOJdc0YAAhF9VQs230kQVtIAW4rpGNPrQo10f1DVAAh69BKd4OAIePFjQ=',636fabf11e26d7045ae0bd550ddc2bae,file:/share/data/cellprofiler/christa/20230905_190025_768/mod/PointJ24_0004_ChannelSYTO_Spheroid_Bounds_Seq0016.ome0026.tif,0,0016,0,J24,nan,0026,0,0,0,0,0,/share/data/cellprofiler/christa/20230905_190025_768/mod,Done,65535,0,file:/share/data/cellprofiler/christa/20230905_190025_768/mod/PointJ24_0004_ChannelSYTO_Spheroid_Bounds_Seq0016.ome0026.tif,1024
-2,0.0,0.0,0.1799999999999926,0.0,0.6599999999999966,PointJ24_0004_ChannelSYTO_Spheroid_Bounds_Seq0016.ome0027.tif,0,28,9,1024,260,0.0,0.008237190341319322,0.0,-1.0436026754593415,b'eLuEO5CAG02JNE+JXkYmoLRoQkRiNNPLz00FmmCuV5KZBi7CYB4CBhnIoZglJIgB9pGdDaKICUpNo1IRB3ID2GYQDY4SIAMcnTgLN5oUtQqg6CguSExOJdc0YAAhF9VQs230kQVtIAW4rpGNPrQo10f1DVAAh69BKd4OAIlHFjU=',976f7bdc2653d9e0f08dcfb82141b13b,file:/share/data/cellprofiler/christa/20230905_190025_768/mod/PointJ24_0004_ChannelSYTO_Spheroid_Bounds_Seq0016.ome0027.tif,0,0016,0,J24,nan,0027,0,0,0,0,0,/share/data/cellprofiler/christa/20230905_190025_768/mod,Done,65535,0,file:/share/data/cellprofiler/christa/20230905_190025_768/mod/PointJ24_0004_ChannelSYTO_Spheroid_Bounds_Seq0016.ome0027.tif,1024
-2,0.0,0.0,0.20999999999999375,0.0,0.5900000000000034,PointJ24_0004_ChannelSYTO_Spheroid_Bounds_Seq0016.ome0028.tif,0,29,9,1024,261,0.0,0.006585001635718633,0.0,-1.1158569033826642,b'eLuEO5CAG02JNE+JXkYmoLRoQkRiNNPLz00FmmChV5KZBi7CYB4CBhnIoZglJIgB9pGdDaKICUpNo1IRB3ID2GYQDY4SIAMcnTgLN5oUtQqg6CguSExOJdc0YAAhF9VQs230kQVtIAW4rpGNPrQo10f1DVAAh69BKd4OAIr/FjY=',641cf38aa42b72d45ae35928256c2cac,file:/share/data/cellprofiler/christa/20230905_190025_768/mod/PointJ24_0004_ChannelSYTO_Spheroid_Bounds_Seq0016.ome0028.tif,0,0016,0,J24,nan,0028,0,0,0,0,0,/share/data/cellprofiler/christa/20230905_190025_768/mod,Done,65535,0,file:/share/data/cellprofiler/christa/20230905_190025_768/mod/PointJ24_0004_ChannelSYTO_Spheroid_Bounds_Seq0016.ome0028.tif,1024
-2,0.0,0.0,0.259999999999998,0.0,0.7299999999999969,PointJ24_0004_ChannelSYTO_Spheroid_Bounds_Seq0017.ome0000.tif,0,1,10,1024,262,0.0,0.0002460075423446207,0.0,-0.8662855372219179,b'eLuEO5CAG02JNE+JXkYmoLRoQkRiNNfLz00FlYd6JZlp4CIM5iFgkIEcillCghhgH9nZIIqYoNQ0KhVxIDeAbQbR4CgBMsDRibNwo0lRqwCKjuKCxORUck0DBhByUQ0120YfWdAGUoDrGtnoQ4tyfVTfAAVw+BqU4u0Ae40WLQ==',d5fd9b24e6162f766a6dbbe738dc4960,file:/share/data/cellprofiler/christa/20230905_190025_768/mod/PointJ24_0004_ChannelSYTO_Spheroid_Bounds_Seq0017.ome0000.tif,0,0017,0,J24,nan,0000,0,0,0,0,0,/share/data/cellprofiler/christa/20230905_190025_768/mod,Done,65535,0,file:/share/data/cellprofiler/christa/20230905_190025_768/mod/PointJ24_0004_ChannelSYTO_Spheroid_Bounds_Seq0017.ome0000.tif,1024
-2,0.0,0.0,0.30000000000000426,0.0,0.7000000000000028,PointJ24_0004_ChannelSYTO_Spheroid_Bounds_Seq0017.ome0001.tif,0,2,10,1024,263,0.0,0.0003018287307376194,0.0,-0.8806026313796846,b'eLuEO5CAG02JNE+JXkYmoLRoQkRiNNfLz00FqjXUK8lMAxdhMA8BgwzkUMwSEsQA+8jOBlHEBKWmUamIA7kBbDOIBkcJkAGOTpyFG02KWgVQdBQXJCankmsaMICQi2qo2Tb6yII2kAJc18hGH1qU66P6BiiAw9egFG8HAH1FFi4=',033aae1eae026f6a184e2e62d3169cd2,file:/share/data/cellprofiler/christa/20230905_190025_768/mod/PointJ24_0004_ChannelSYTO_Spheroid_Bounds_Seq0017.ome0001.tif,0,0017,0,J24,nan,0001,0,0,0,0,0,/share/data/cellprofiler/christa/20230905_190025_768/mod,Done,65535,0,file:/share/data/cellprofiler/christa/20230905_190025_768/mod/PointJ24_0004_ChannelSYTO_Spheroid_Bounds_Seq0017.ome0001.tif,1024
-2,0.0,0.0,0.3300000000000054,0.0,0.779999999999994,PointJ24_0004_ChannelSYTO_Spheroid_Bounds_Seq0017.ome0002.tif,0,3,10,1024,264,0.0,0.0003692949530481712,0.0,-0.8688336036018572,b'eLuEO5CAG02JNE+JXkYmoLRoQkRiNNfLz00FqjXSK8lMAxdhMA8BgwzkUMwSEsQA+8jOBlHEBKWmUamIA7kBbDOIBkcJkAGOTpyFG02KWgVQdBQXJCankmsaMICQi2qo2Tb6yII2kAJc18hGH1qU66P6BiiAw9egFG8HAH79Fi8=',221113916bdd5c00838de603a5aefe96,file:/share/data/cellprofiler/christa/20230905_190025_768/mod/PointJ24_0004_ChannelSYTO_Spheroid_Bounds_Seq0017.ome0002.tif,0,0017,0,J24,nan,0002,0,0,0,0,0,/share/data/cellprofiler/christa/20230905_190025_768/mod,Done,65535,0,file:/share/data/cellprofiler/christa/20230905_190025_768/mod/PointJ24_0004_ChannelSYTO_Spheroid_Bounds_Seq0017.ome0002.tif,1024
-2,0.0,0.0,0.22999999999999687,0.0,0.7199999999999918,PointJ24_0004_ChannelSYTO_Spheroid_Bounds_Seq0017.ome0003.tif,0,4,10,1024,265,0.0,0.00046984680984907685,0.0,-0.883971524225058,b'eLuEO5CAG02JNE+JXkYmoLRoQkRiNNfLz00FqjXWK8lMAxdhMA8BgwzkUMwSEsQA+8jOBlHEBKWmUamIA7kBbDOIBkcJkAGOTpyFG02KWgVQdBQXJCankmsaMICQi2qo2Tb6yII2kAJc18hGH1qU66P6BiiAw9egFG8HAIC1FjA=',7df59bcdd80e13e46343bc5a6cc2cce6,file:/share/data/cellprofiler/christa/20230905_190025_768/mod/PointJ24_0004_ChannelSYTO_Spheroid_Bounds_Seq0017.ome0003.tif,0,0017,0,J24,nan,0003,0,0,0,0,0,/share/data/cellprofiler/christa/20230905_190025_768/mod,Done,65535,0,file:/share/data/cellprofiler/christa/20230905_190025_768/mod/PointJ24_0004_ChannelSYTO_Spheroid_Bounds_Seq0017.ome0003.tif,1024
-2,0.0,0.0,0.3399999999999963,0.0,0.7199999999999989,PointJ24_0004_ChannelSYTO_Spheroid_Bounds_Seq0017.ome0004.tif,0,5,10,1024,266,0.0,0.0006045495507511269,0.0,-0.8874277778344909,b'eLuEO5CAG02JNE+JXkYmoLRoQkRiNNfLz00FqdUryUwDF2EwDwGDDORQzBISxAD7yM4GUcQEpaZRqYgDuQFsM4gGRwmQAY5OnIUbTYpaBVB0FBckJqeSaxowgJCLaqjZNvrIgjaQAlzXyEYfWpTro/oGKIDD16AUbwcAgm0WMQ==',174deb91395ca4656d6fb7ffab0ef247,file:/share/data/cellprofiler/christa/20230905_190025_768/mod/PointJ24_0004_ChannelSYTO_Spheroid_Bounds_Seq0017.ome0004.tif,0,0017,0,J24,nan,0004,0,0,0,0,0,/share/data/cellprofiler/christa/20230905_190025_768/mod,Done,65535,0,file:/share/data/cellprofiler/christa/20230905_190025_768/mod/PointJ24_0004_ChannelSYTO_Spheroid_Bounds_Seq0017.ome0004.tif,1024
-2,0.0,0.0,0.21999999999999886,0.0,0.7500000000000071,PointJ24_0004_ChannelSYTO_Spheroid_Bounds_Seq0017.ome0005.tif,0,6,10,1024,267,0.0,0.0007644262636794647,0.0,-0.8958883283746288,b'eLuEO5CAG02JNE+JXkYmoLRoQkRiNNfLz00FqjXVK8lMAxdhMA8BgwzkUMwSEsQA+8jOBlHEBKWmUamIA7kBbDOIBkcJkAGOTpyFG02KWgVQdBQXJCankmsaMICQi2qo2Tb6yII2kAJc18hGH1qU66P6BiiAw9egFG8HAIQlFjI=',e2d646dd37eafcdce0a53b0fa39c21a6,file:/share/data/cellprofiler/christa/20230905_190025_768/mod/PointJ24_0004_ChannelSYTO_Spheroid_Bounds_Seq0017.ome0005.tif,0,0017,0,J24,nan,0005,0,0,0,0,0,/share/data/cellprofiler/christa/20230905_190025_768/mod,Done,65535,0,file:/share/data/cellprofiler/christa/20230905_190025_768/mod/PointJ24_0004_ChannelSYTO_Spheroid_Bounds_Seq0017.ome0005.tif,1024
-2,0.0,0.0,0.21999999999999176,0.0,0.740000000000002,PointJ24_0004_ChannelSYTO_Spheroid_Bounds_Seq0017.ome0006.tif,0,7,10,1024,268,0.0,0.0009805919750487402,0.0,-0.9089047120429113,b'eLuEO5CAG02JNE+JXkYmoLRoQkRiNNfLz00FqjXTK8lMAxdhMA8BgwzkUMwSEsQA+8jOBlHEBKWmUamIA7kBbDOIBkcJkAGOTpyFG02KWgVQdBQXJCankmsaMICQi2qo2Tb6yII2kAJc18hGH1qU66P6BiiAw9egFG8HAIXdFjM=',6340e790922f9abf0c9bfa6a5baf423e,file:/share/data/cellprofiler/christa/20230905_190025_768/mod/PointJ24_0004_ChannelSYTO_Spheroid_Bounds_Seq0017.ome0006.tif,0,0017,0,J24,nan,0006,0,0,0,0,0,/share/data/cellprofiler/christa/20230905_190025_768/mod,Done,65535,0,file:/share/data/cellprofiler/christa/20230905_190025_768/mod/PointJ24_0004_ChannelSYTO_Spheroid_Bounds_Seq0017.ome0006.tif,1024
-2,0.0,0.0,0.23999999999999488,0.0,0.5799999999999983,PointJ24_0004_ChannelSYTO_Spheroid_Bounds_Seq0017.ome0007.tif,0,8,10,1024,269,0.0,0.0012620315796134994,0.0,-0.9318096117071102,b'eLuEO5CAG02JNE+JXkYmoLRoQkRiNNfLz00FqjXXK8lMAxdhMA8BgwzkUMwSEsQA+8jOBlHEBKWmUamIA7kBbDOIBkcJkAGOTpyFG02KWgVQdBQXJCankmsaMICQi2qo2Tb6yII2kAJc18hGH1qU66P6BiiAw9egFG8HAIeVFjQ=',24b5332b301d90974f4464e7416c633d,file:/share/data/cellprofiler/christa/20230905_190025_768/mod/PointJ24_0004_ChannelSYTO_Spheroid_Bounds_Seq0017.ome0007.tif,0,0017,0,J24,nan,0007,0,0,0,0,0,/share/data/cellprofiler/christa/20230905_190025_768/mod,Done,65535,0,file:/share/data/cellprofiler/christa/20230905_190025_768/mod/PointJ24_0004_ChannelSYTO_Spheroid_Bounds_Seq0017.ome0007.tif,1024
-2,0.0,0.0,0.2700000000000031,0.0,0.5999999999999943,PointJ24_0004_ChannelSYTO_Spheroid_Bounds_Seq0017.ome0008.tif,0,9,10,1024,270,0.0,0.0016518263629128292,0.0,-0.99507462735344,b'eLuEO5CAG02JNE+JXkYmoLRoQkRiNNfLz00FlYl6JZlp4CIM5iFgkIEcillCghhgH9nZIIqYoNQ0KhVxIDeAbQbR4CgBMsDRibNwo0lRqwCKjuKCxORUck0DBhByUQ0120YfWdAGUoDrGtnoQ4tyfVTfAAVw+BqU4u0AiU0WNQ==',47952056951dbe925f9bbc313572dbf9,file:/share/data/cellprofiler/christa/20230905_190025_768/mod/PointJ24_0004_ChannelSYTO_Spheroid_Bounds_Seq0017.ome0008.tif,0,0017,0,J24,nan,0008,0,0,0,0,0,/share/data/cellprofiler/christa/20230905_190025_768/mod,Done,65535,0,file:/share/data/cellprofiler/christa/20230905_190025_768/mod/PointJ24_0004_ChannelSYTO_Spheroid_Bounds_Seq0017.ome0008.tif,1024
-2,0.0,0.0,0.2599999999999909,0.0,0.6899999999999977,PointJ24_0004_ChannelSYTO_Spheroid_Bounds_Seq0017.ome0009.tif,0,10,10,1024,271,0.0,0.002153038843085365,0.0,-1.0982620091185735,b'eLuEO5CAG02JNE+JXkYmoLRoQkRiNNfLz00FqrXUK8lMAxdhMA8BgwzkUMwSEsQA+8jOBlHEBKWmUamIA7kBbDOIBkcJkAGOTpyFG02KWgVQdBQXJCankmsaMICQi2qo2Tb6yII2kAJc18hGH1qU66P6BiiAw9egFG8HAIsFFjY=',e72a1ea5e39127e1a9e3034c7fbebbc0,file:/share/data/cellprofiler/christa/20230905_190025_768/mod/PointJ24_0004_ChannelSYTO_Spheroid_Bounds_Seq0017.ome0009.tif,0,0017,0,J24,nan,0009,0,0,0,0,0,/share/data/cellprofiler/christa/20230905_190025_768/mod,Done,65535,0,file:/share/data/cellprofiler/christa/20230905_190025_768/mod/PointJ24_0004_ChannelSYTO_Spheroid_Bounds_Seq0017.ome0009.tif,1024
-2,0.0,0.0,0.2599999999999909,0.0,0.7099999999999937,PointJ24_0004_ChannelSYTO_Spheroid_Bounds_Seq0017.ome0010.tif,0,11,10,1024,272,0.0,0.002804901036921766,0.0,-1.316746600635609,b'eLuEO5CAG02JNE+JXkYmoLRoQkRiNNfLz00F0gZ6JZlp4CIM5iFgkIEcillCghhgH9nZIIqYoNQ0KhVxIDeAbQbR4CgBMsDRibNwo0lRqwCKjuKCxORUck0DBhByUQ0120YfWdAGUoDrGtnoQ4tyfVTfAAVw+BqU4u0AfUYWLg==',bca912ee6f291650ddecb7dd5e42b1e7,file:/share/data/cellprofiler/christa/20230905_190025_768/mod/PointJ24_0004_ChannelSYTO_Spheroid_Bounds_Seq0017.ome0010.tif,0,0017,0,J24,nan,0010,0,0,0,0,0,/share/data/cellprofiler/christa/20230905_190025_768/mod,Done,65535,0,file:/share/data/cellprofiler/christa/20230905_190025_768/mod/PointJ24_0004_ChannelSYTO_Spheroid_Bounds_Seq0017.ome0010.tif,1024
-2,0.0,0.0,0.20999999999999375,0.0,0.6400000000000006,PointJ24_0004_ChannelSYTO_Spheroid_Bounds_Seq0017.ome0011.tif,0,12,10,1024,273,0.0,0.003660686743288717,0.0,-1.9000090613293408,b'eLuEO5CAG02JNE+JXkYmoLRoQkRiNNfLz00F0oZ6JZlp4CIM5iFgkIEcillCghhgH9nZIIqYoNQ0KhVxIDeAbQbR4CgBMsDRibNwo0lRqwCKjuKCxORUck0DBhByUQ0120YfWdAGUoDrGtnoQ4tyfVTfAAVw+BqU4u0Afv4WLw==',864c0d78bc4e38ca82084ed611aa285b,file:/share/data/cellprofiler/christa/20230905_190025_768/mod/PointJ24_0004_ChannelSYTO_Spheroid_Bounds_Seq0017.ome0011.tif,0,0017,0,J24,nan,0011,0,0,0,0,0,/share/data/cellprofiler/christa/20230905_190025_768/mod,Done,65535,0,file:/share/data/cellprofiler/christa/20230905_190025_768/mod/PointJ24_0004_ChannelSYTO_Spheroid_Bounds_Seq0017.ome0011.tif,1024
-2,0.0,0.0,0.1799999999999926,0.0,0.5999999999999943,PointJ24_0004_ChannelSYTO_Spheroid_Bounds_Seq0017.ome0012.tif,0,13,10,1024,274,0.0,0.004885214691033431,0.0,-1.7150358179961944,b'eLuEO5CAG02JNE+JXkYmoLRoQkRiNNfLz00F0kZ6JZlp4CIM5iFgkIEcillCghhgH9nZIIqYoNQ0KhVxIDeAbQbR4CgBMsDRibNwo0lRqwCKjuKCxORUck0DBhByUQ0120YfWdAGUoDrGtnoQ4tyfVTfAAVw+BqU4u0AgLYWMA==',7b6a9a7dc830c52e2b4acb9c6f19cafe,file:/share/data/cellprofiler/christa/20230905_190025_768/mod/PointJ24_0004_ChannelSYTO_Spheroid_Bounds_Seq0017.ome0012.tif,0,0017,0,J24,nan,0012,0,0,0,0,0,/share/data/cellprofiler/christa/20230905_190025_768/mod,Done,65535,0,file:/share/data/cellprofiler/christa/20230905_190025_768/mod/PointJ24_0004_ChannelSYTO_Spheroid_Bounds_Seq0017.ome0012.tif,1024
-2,0.0,0.0,0.25,0.0,0.730000000000004,PointJ24_0004_ChannelSYTO_Spheroid_Bounds_Seq0017.ome0013.tif,0,14,10,1024,275,0.0,0.00646136755813116,0.0,-2.1484768799283187,b'eLuEO5CAG02JNE+JXkYmoLRoQkRiNNfLz00F0sZ6JZlp4CIM5iFgkIEcillCghhgH9nZIIqYoNQ0KhVxIDeAbQbR4CgBMsDRibNwo0lRqwCKjuKCxORUck0DBhByUQ0120YfWdAGUoDrGtnoQ4tyfVTfAAVw+BqU4u0Agm4WMQ==',aacfcc5813cf9af96e1ac26078421b33,file:/share/data/cellprofiler/christa/20230905_190025_768/mod/PointJ24_0004_ChannelSYTO_Spheroid_Bounds_Seq0017.ome0013.tif,0,0017,0,J24,nan,0013,0,0,0,0,0,/share/data/cellprofiler/christa/20230905_190025_768/mod,Done,65535,0,file:/share/data/cellprofiler/christa/20230905_190025_768/mod/PointJ24_0004_ChannelSYTO_Spheroid_Bounds_Seq0017.ome0013.tif,1024
-2,0.0,0.0,0.3299999999999983,0.0,0.6399999999999864,PointJ24_0004_ChannelSYTO_Spheroid_Bounds_Seq0017.ome0014.tif,0,15,10,1024,276,0.0,0.008220046748175799,0.0,-1.9771774917692664,b'eLuEO5CAG02JNE+JXkYmoLRoQkRiNNfLz00FJUq9ksw0cBEG8xAwyEAOxSwhQQywj+xsEEVMUGoalYo4kBvANoNocJQAGeDoxFm40aSoVQBFR3FBYnIquaYBAwi5qIaabaOPLGgDKcB1jWz0oUW5PqpvgAI4fA1K8XYAhCYWMg==',0a537b9f2a523d58694d50d318f70646,file:/share/data/cellprofiler/christa/20230905_190025_768/mod/PointJ24_0004_ChannelSYTO_Spheroid_Bounds_Seq0017.ome0014.tif,0,0017,0,J24,nan,0014,0,0,0,0,0,/share/data/cellprofiler/christa/20230905_190025_768/mod,Done,65535,0,file:/share/data/cellprofiler/christa/20230905_190025_768/mod/PointJ24_0004_ChannelSYTO_Spheroid_Bounds_Seq0017.ome0014.tif,1024
-2,0.0,0.0,0.29000000000000625,0.0,0.6099999999999994,PointJ24_0004_ChannelSYTO_Spheroid_Bounds_Seq0017.ome0015.tif,0,16,10,1024,277,0.0,0.010514271613417956,0.0,-2.289787323890261,b'eLuEO5CAG02JNE+JXkYmoLRoQkRiNNfLz00F0qZ6JZlp4CIM5iFgkIEcillCghhgH9nZIIqYoNQ0KhVxIDeAbQbR4CgBMsDRibNwo0lRqwCKjuKCxORUck0DBhByUQ0120YfWdAGUoDrGtnoQ4tyfVTfAAVw+BqU4u0Ahd4WMw==',33cedbbc80d1ee0cc948646236ae6b7f,file:/share/data/cellprofiler/christa/20230905_190025_768/mod/PointJ24_0004_ChannelSYTO_Spheroid_Bounds_Seq0017.ome0015.tif,0,0017,0,J24,nan,0015,0,0,0,0,0,/share/data/cellprofiler/christa/20230905_190025_768/mod,Done,65535,0,file:/share/data/cellprofiler/christa/20230905_190025_768/mod/PointJ24_0004_ChannelSYTO_Spheroid_Bounds_Seq0017.ome0015.tif,1024
-2,0.0,0.0,0.2499999999999858,0.0,0.6499999999999915,PointJ24_0004_ChannelSYTO_Spheroid_Bounds_Seq0017.ome0016.tif,0,17,10,1024,278,0.0,0.01957219514794493,0.0,-2.325823538170523,b'eLuEO5CAG02JNE+JXkYmoLRoQkRiNNfLz00F0mZ6JZlp4CIM5iFgkIEcillCghhgH9nZIIqYoNQ0KhVxIDeAbQbR4CgBMsDRibNwo0lRqwCKjuKCxORUck0DBhByUQ0120YfWdAGUoDrGtnoQ4tyfVTfAAVw+BqU4u0Ah5YWNA==',0c2db9b879ca8c1d9d489fcbe3f4dcbd,file:/share/data/cellprofiler/christa/20230905_190025_768/mod/PointJ24_0004_ChannelSYTO_Spheroid_Bounds_Seq0017.ome0016.tif,0,0017,0,J24,nan,0016,0,0,0,0,0,/share/data/cellprofiler/christa/20230905_190025_768/mod,Done,65535,0,file:/share/data/cellprofiler/christa/20230905_190025_768/mod/PointJ24_0004_ChannelSYTO_Spheroid_Bounds_Seq0017.ome0016.tif,1024
-2,0.0,0.0,0.18000000000000682,0.0,0.6199999999999903,PointJ24_0004_ChannelSYTO_Spheroid_Bounds_Seq0017.ome0017.tif,0,18,10,1024,279,0.0,0.02320632612643484,0.0,-2.4882387026650146,b'eLuEO5CAG02JNE+JXkYmoLRoQkRiNNfLz00F0yWZaeAiDOYhYJCBHIpZQoIYYB/Z2SCKmKDUNCoVcSA3gG0G0eAoATLA0YmzcKNJUasAio7igsTkVHJNAwYQclENNdtGH1nQBlKA6xrZ6EOLcn1U3wAFcPgalOLtAIlOFjU=',fd98f0f5ed3fe4eafa581333fdea20bf,file:/share/data/cellprofiler/christa/20230905_190025_768/mod/PointJ24_0004_ChannelSYTO_Spheroid_Bounds_Seq0017.ome0017.tif,0,0017,0,J24,nan,0017,0,0,0,0,0,/share/data/cellprofiler/christa/20230905_190025_768/mod,Done,65535,0,file:/share/data/cellprofiler/christa/20230905_190025_768/mod/PointJ24_0004_ChannelSYTO_Spheroid_Bounds_Seq0017.ome0017.tif,1024
-2,0.0,0.0,0.22000000000001307,0.0,0.7000000000000028,PointJ24_0004_ChannelSYTO_Spheroid_Bounds_Seq0017.ome0018.tif,0,19,10,1024,280,0.0,0.02202622432789506,0.0,-2.625325855149232,b'eLuEO5CAG02JNE+JXkYmoLRoQkRiNNfLz00F0hZ6JZlp4CIM5iFgkIEcillCghhgH9nZIIqYoNQ0KhVxIDeAbQbR4CgBMsDRibNwo0lRqwCKjuKCxORUck0DBhByUQ0120YfWdAGUoDrGtnoQ4tyfVTfAAVw+BqU4u0AiwYWNg==',dabaa5397289606a722a582f20e38ea2,file:/share/data/cellprofiler/christa/20230905_190025_768/mod/PointJ24_0004_ChannelSYTO_Spheroid_Bounds_Seq0017.ome0018.tif,0,0017,0,J24,nan,0018,0,0,0,0,0,/share/data/cellprofiler/christa/20230905_190025_768/mod,Done,65535,0,file:/share/data/cellprofiler/christa/20230905_190025_768/mod/PointJ24_0004_ChannelSYTO_Spheroid_Bounds_Seq0017.ome0018.tif,1024
-2,0.0,0.0,0.1700000000000017,0.0,0.6199999999999903,PointJ24_0004_ChannelSYTO_Spheroid_Bounds_Seq0017.ome0019.tif,0,20,10,1024,281,0.0,0.02104804095159972,0.0,-2.6906628844692517,b'eLuEO5CAG02JNE+JXkYmoLRoQkRiNNfLz00F0pZ6JZlp4CIM5iFgkIEcillCghhgH9nZIIqYoNQ0KhVxIDeAbQbR4CgBMsDRibNwo0lRqwCKjuKCxORUck0DBhByUQ0120YfWdAGUoDrGtnoQ4tyfVTfAAVw+BqU4u0AjL4WNw==',4eedcfaefcb11b68921a2680cb70b9bd,file:/share/data/cellprofiler/christa/20230905_190025_768/mod/PointJ24_0004_ChannelSYTO_Spheroid_Bounds_Seq0017.ome0019.tif,0,0017,0,J24,nan,0019,0,0,0,0,0,/share/data/cellprofiler/christa/20230905_190025_768/mod,Done,65535,0,file:/share/data/cellprofiler/christa/20230905_190025_768/mod/PointJ24_0004_ChannelSYTO_Spheroid_Bounds_Seq0017.ome0019.tif,1024
-2,0.0,0.0,0.23000000000000398,0.0,0.8700000000000045,PointJ24_0004_ChannelSYTO_Spheroid_Bounds_Seq0017.ome0020.tif,0,21,10,1024,282,0.0,0.019851443781316352,0.0,-2.514858920837572,b'eLuEO5CAG02JNE+JXkYmoLRoQkRiNNfLz00FmmCgV5KZBi7CYB4CBhnIoZglJIgB9pGdDaKICUpNo1IRB3ID2GYQDY4SIAMcnTgLN5oUtQqg6CguSExOJdc0YAAhF9VQs230kQVtIAW4rpGNPrQo10f1DVAAh69BKd4OAH7/Fi8=',dd57c8f948c8a4e4c8a5181d87031bb3,file:/share/data/cellprofiler/christa/20230905_190025_768/mod/PointJ24_0004_ChannelSYTO_Spheroid_Bounds_Seq0017.ome0020.tif,0,0017,0,J24,nan,0020,0,0,0,0,0,/share/data/cellprofiler/christa/20230905_190025_768/mod,Done,65535,0,file:/share/data/cellprofiler/christa/20230905_190025_768/mod/PointJ24_0004_ChannelSYTO_Spheroid_Bounds_Seq0017.ome0020.tif,1024
-2,0.0,0.0,0.18999999999998352,0.0,0.789999999999992,PointJ24_0004_ChannelSYTO_Spheroid_Bounds_Seq0017.ome0021.tif,0,22,10,1024,283,0.0,0.018610432702760023,0.0,-2.0373304902335057,b'eLuEO5CAG02JNE+JXkYmoLRoQkRiNNfLz00FmmCoV5KZBi7CYB4CBhnIoZglJIgB9pGdDaKICUpNo1IRB3ID2GYQDY4SIAMcnTgLN5oUtQqg6CguSExOJdc0YAAhF9VQs230kQVtIAW4rpGNPrQo10f1DVAAh69BKd4OAIC3FjA=',c7404811ffc1781fdac77ecccfdb067e,file:/share/data/cellprofiler/christa/20230905_190025_768/mod/PointJ24_0004_ChannelSYTO_Spheroid_Bounds_Seq0017.ome0021.tif,0,0017,0,J24,nan,0021,0,0,0,0,0,/share/data/cellprofiler/christa/20230905_190025_768/mod,Done,65535,0,file:/share/data/cellprofiler/christa/20230905_190025_768/mod/PointJ24_0004_ChannelSYTO_Spheroid_Bounds_Seq0017.ome0021.tif,1024
-2,0.0,0.0,0.21999999999999886,0.0,0.8400000000000034,PointJ24_0004_ChannelSYTO_Spheroid_Bounds_Seq0017.ome0022.tif,0,23,10,1024,284,0.0,0.017140074484516973,0.0,-1.5232717552670225,b'eLuEO5CAG02JNE+JXkYmoLRoQkRiNNfLz00FmmCkV5KZBi7CYB4CBhnIoZglJIgB9pGdDaKICUpNo1IRB3ID2GYQDY4SIAMcnTgLN5oUtQqg6CguSExOJdc0YAAhF9VQs230kQVtIAW4rpGNPrQo10f1DVAAh69BKd4OAIJvFjE=',0efe00c4407a90fef122c3ccd94a51d9,file:/share/data/cellprofiler/christa/20230905_190025_768/mod/PointJ24_0004_ChannelSYTO_Spheroid_Bounds_Seq0017.ome0022.tif,0,0017,0,J24,nan,0022,0,0,0,0,0,/share/data/cellprofiler/christa/20230905_190025_768/mod,Done,65535,0,file:/share/data/cellprofiler/christa/20230905_190025_768/mod/PointJ24_0004_ChannelSYTO_Spheroid_Bounds_Seq0017.ome0022.tif,1024
-2,0.0,0.0,0.35999999999999943,0.0,0.7399999999999949,PointJ24_0004_ChannelSYTO_Spheroid_Bounds_Seq0017.ome0023.tif,0,24,10,1024,285,0.0,0.015428456642335603,0.0,-1.0846969516905554,b'eLuEO5CAG02JNE+JXkYmoLRoQkRiNNfLz00FmmCsV5KZBi7CYB4CBhnIoZglJIgB9pGdDaKICUpNo1IRB3ID2GYQDY4SIAMcnTgLN5oUtQqg6CguSExOJdc0YAAhF9VQs230kQVtIAW4rpGNPrQo10f1DVAAh69BKd4OAIQnFjI=',166ae57980c7d508e30c6a01207c8b27,file:/share/data/cellprofiler/christa/20230905_190025_768/mod/PointJ24_0004_ChannelSYTO_Spheroid_Bounds_Seq0017.ome0023.tif,0,0017,0,J24,nan,0023,0,0,0,0,0,/share/data/cellprofiler/christa/20230905_190025_768/mod,Done,65535,0,file:/share/data/cellprofiler/christa/20230905_190025_768/mod/PointJ24_0004_ChannelSYTO_Spheroid_Bounds_Seq0017.ome0023.tif,1024
-2,0.0,0.0,0.21000000000000796,0.0,0.6700000000000017,PointJ24_0004_ChannelSYTO_Spheroid_Bounds_Seq0017.ome0024.tif,0,25,10,1024,286,0.0,0.013593850789966323,0.0,-0.8441930218120002,b'eLuEO5CAG02JNE+JXkYmoLRoQkRiNNfLz00FmmCiV5KZBi7CYB4CBhnIoZglJIgB9pGdDaKICUpNo1IRB3ID2GYQDY4SIAMcnTgLN5oUtQqg6CguSExOJdc0YAAhF9VQs230kQVtIAW4rpGNPrQo10f1DVAAh69BKd4OAIXfFjM=',e3a36c341f353b4ca133b0ca8e342c30,file:/share/data/cellprofiler/christa/20230905_190025_768/mod/PointJ24_0004_ChannelSYTO_Spheroid_Bounds_Seq0017.ome0024.tif,0,0017,0,J24,nan,0024,0,0,0,0,0,/share/data/cellprofiler/christa/20230905_190025_768/mod,Done,65535,0,file:/share/data/cellprofiler/christa/20230905_190025_768/mod/PointJ24_0004_ChannelSYTO_Spheroid_Bounds_Seq0017.ome0024.tif,1024
-2,0.0,0.0,0.23999999999999488,0.0,0.6099999999999852,PointJ24_0004_ChannelSYTO_Spheroid_Bounds_Seq0017.ome0025.tif,0,26,10,1024,287,0.0,0.011684402396189827,0.0,-0.8684614379467521,b'eLuEO5CAG02JNE+JXkYmoLRoQkRiNNfLz00FmaBXkpkGLsJgHgIGGcihmCUkiAH2kZ0NoogJSk2jUhEHcgPYZhANjhIgAxydOAs3mhS1CqDoKC5ITE4l1zRgACEX1VCzbfSRBW0gBbiukY0+tCjXR/UNUACHr0Ep3g4Ah5cWNA==',d18adb6d32f95a0870702dc3bd2318d8,file:/share/data/cellprofiler/christa/20230905_190025_768/mod/PointJ24_0004_ChannelSYTO_Spheroid_Bounds_Seq0017.ome0025.tif,0,0017,0,J24,nan,0025,0,0,0,0,0,/share/data/cellprofiler/christa/20230905_190025_768/mod,Done,65535,0,file:/share/data/cellprofiler/christa/20230905_190025_768/mod/PointJ24_0004_ChannelSYTO_Spheroid_Bounds_Seq0017.ome0025.tif,1024
-2,0.0,0.0,0.2300000000000182,0.0,0.5600000000000165,PointJ24_0004_ChannelSYTO_Spheroid_Bounds_Seq0017.ome0026.tif,0,27,10,1024,288,0.0,0.009984953505406017,0.0,-0.9632716313568853,b'eLuEO5CAG02JNE+JXkYmoLRoQkRiNNfLz00FmmCmV5KZBi7CYB4CBhnIoZglJIgB9pGdDaKICUpNo1IRB3ID2GYQDY4SIAMcnTgLN5oUtQqg6CguSExOJdc0YAAhF9VQs230kQVtIAW4rpGNPrQo10f1DVAAh69BKd4OAIlPFjU=',636fabf11e26d7045ae0bd550ddc2bae,file:/share/data/cellprofiler/christa/20230905_190025_768/mod/PointJ24_0004_ChannelSYTO_Spheroid_Bounds_Seq0017.ome0026.tif,0,0017,0,J24,nan,0026,0,0,0,0,0,/share/data/cellprofiler/christa/20230905_190025_768/mod,Done,65535,0,file:/share/data/cellprofiler/christa/20230905_190025_768/mod/PointJ24_0004_ChannelSYTO_Spheroid_Bounds_Seq0017.ome0026.tif,1024
-2,0.0,0.0,0.20999999999999375,0.0,0.6499999999999915,PointJ24_0004_ChannelSYTO_Spheroid_Bounds_Seq0017.ome0027.tif,0,28,10,1024,289,0.0,0.008237190341319322,0.0,-1.0436026754593415,b'eLuEO5CAG02JNE+JXkYmoLRoQkRiNNfLz00FmmCuV5KZBi7CYB4CBhnIoZglJIgB9pGdDaKICUpNo1IRB3ID2GYQDY4SIAMcnTgLN5oUtQqg6CguSExOJdc0YAAhF9VQs230kQVtIAW4rpGNPrQo10f1DVAAh69BKd4OAIsHFjY=',976f7bdc2653d9e0f08dcfb82141b13b,file:/share/data/cellprofiler/christa/20230905_190025_768/mod/PointJ24_0004_ChannelSYTO_Spheroid_Bounds_Seq0017.ome0027.tif,0,0017,0,J24,nan,0027,0,0,0,0,0,/share/data/cellprofiler/christa/20230905_190025_768/mod,Done,65535,0,file:/share/data/cellprofiler/christa/20230905_190025_768/mod/PointJ24_0004_ChannelSYTO_Spheroid_Bounds_Seq0017.ome0027.tif,1024
-2,0.0,0.0,0.18000000000000682,0.0,0.6799999999999926,PointJ24_0004_ChannelSYTO_Spheroid_Bounds_Seq0017.ome0028.tif,0,29,10,1024,290,0.0,0.006585001635718633,0.0,-1.1158569033826642,b'eLuEO5CAG02JNE+JXkYmoLRoQkRiNNfLz00FmmChV5KZBi7CYB4CBhnIoZglJIgB9pGdDaKICUpNo1IRB3ID2GYQDY4SIAMcnTgLN5oUtQqg6CguSExOJdc0YAAhF9VQs230kQVtIAW4rpGNPrQo10f1DVAAh69BKd4OAIy/Fjc=',641cf38aa42b72d45ae35928256c2cac,file:/share/data/cellprofiler/christa/20230905_190025_768/mod/PointJ24_0004_ChannelSYTO_Spheroid_Bounds_Seq0017.ome0028.tif,0,0017,0,J24,nan,0028,0,0,0,0,0,/share/data/cellprofiler/christa/20230905_190025_768/mod,Done,65535,0,file:/share/data/cellprofiler/christa/20230905_190025_768/mod/PointJ24_0004_ChannelSYTO_Spheroid_Bounds_Seq0017.ome0028.tif,1024
-2,0.0,0.0,0.21000000000000796,0.0,0.7099999999999937,PointO24_0005_ChannelSYTO_Spheroid_Bounds_Seq0018.ome0000.tif,0,1,11,1024,291,0.0,0.0001565783345205553,0.0,-0.8688913329846378,b'eLuEO5CAG02JNE+J/kYmoLRoSkRitNDLz00FlYd6JZlp4CIM5iFgkIEcillCghhgH9nZIIqYoNQ0KhVxIDeAbQbR4CgBMsDRibNwo0lRqwCKjuKCxORUck0DBhByUQ0120YfWdAGUoDrGtnoQ4tyfVTfAAVw+BqU4u0AiMgWNA==',fcce7a8650baab551b360c693834cf48,file:/share/data/cellprofiler/christa/20230905_190025_768/mod/PointO24_0005_ChannelSYTO_Spheroid_Bounds_Seq0018.ome0000.tif,0,0018,0,O24,nan,0000,0,0,0,0,0,/share/data/cellprofiler/christa/20230905_190025_768/mod,Done,65535,0,file:/share/data/cellprofiler/christa/20230905_190025_768/mod/PointO24_0005_ChannelSYTO_Spheroid_Bounds_Seq0018.ome0000.tif,1024
-2,0.0,0.0,0.21000000000000796,0.0,0.6000000000000085,PointO24_0005_ChannelSYTO_Spheroid_Bounds_Seq0018.ome0001.tif,0,2,11,1024,292,0.0,0.00018967089780160752,0.0,-0.8747600807380839,b'eLuEO5CAG02JNE+J/kYmoLRoSkRitNDLz00FqjXUK8lMAxdhMA8BgwzkUMwSEsQA+8jOBlHEBKWmUamIA7kBbDOIBkcJkAGOTpyFG02KWgVQdBQXJCankmsaMICQi2qo2Tb6yII2kAJc18hGH1qU66P6BiiAw9egFG8HAIqAFjU=',d6c66b8ebaf7e3156dad26c52ae9a3b7,file:/share/data/cellprofiler/christa/20230905_190025_768/mod/PointO24_0005_ChannelSYTO_Spheroid_Bounds_Seq0018.ome0001.tif,0,0018,0,O24,nan,0001,0,0,0,0,0,/share/data/cellprofiler/christa/20230905_190025_768/mod,Done,65535,0,file:/share/data/cellprofiler/christa/20230905_190025_768/mod/PointO24_0005_ChannelSYTO_Spheroid_Bounds_Seq0018.ome0001.tif,1024
-2,0.0,0.0,0.20000000000000284,0.0,0.5400000000000063,PointO24_0005_ChannelSYTO_Spheroid_Bounds_Seq0018.ome0002.tif,0,3,11,1024,293,0.0,0.0002337768902432749,0.0,-0.8668310517897074,b'eLuEO5CAG02JNE+J/kYmoLRoSkRitNDLz00FqjXSK8lMAxdhMA8BgwzkUMwSEsQA+8jOBlHEBKWmUamIA7kBbDOIBkcJkAGOTpyFG02KWgVQdBQXJCankmsaMICQi2qo2Tb6yII2kAJc18hGH1qU66P6BiiAw9egFG8HAIw4FjY=',689cee0b1b241c67402b8942f1b01893,file:/share/data/cellprofiler/christa/20230905_190025_768/mod/PointO24_0005_ChannelSYTO_Spheroid_Bounds_Seq0018.ome0002.tif,0,0018,0,O24,nan,0002,0,0,0,0,0,/share/data/cellprofiler/christa/20230905_190025_768/mod,Done,65535,0,file:/share/data/cellprofiler/christa/20230905_190025_768/mod/PointO24_0005_ChannelSYTO_Spheroid_Bounds_Seq0018.ome0002.tif,1024
-2,0.0,0.0,0.20999999999999375,0.0,0.5999999999999943,PointO24_0005_ChannelSYTO_Spheroid_Bounds_Seq0018.ome0003.tif,0,4,11,1024,294,0.0,0.0002850438516812911,0.0,-0.862054806447684,b'eLuEO5CAG02JNE+J/kYmoLRoSkRitNDLz00FqjXWK8lMAxdhMA8BgwzkUMwSEsQA+8jOBlHEBKWmUamIA7kBbDOIBkcJkAGOTpyFG02KWgVQdBQXJCankmsaMICQi2qo2Tb6yII2kAJc18hGH1qU66P6BiiAw9egFG8HAI3wFjc=',58af21eb0e6cf49e2254dc5de33dd32a,file:/share/data/cellprofiler/christa/20230905_190025_768/mod/PointO24_0005_ChannelSYTO_Spheroid_Bounds_Seq0018.ome0003.tif,0,0018,0,O24,nan,0003,0,0,0,0,0,/share/data/cellprofiler/christa/20230905_190025_768/mod,Done,65535,0,file:/share/data/cellprofiler/christa/20230905_190025_768/mod/PointO24_0005_ChannelSYTO_Spheroid_Bounds_Seq0018.ome0003.tif,1024
-2,0.0,0.0,0.29000000000000625,0.0,0.7899999999999778,PointO24_0005_ChannelSYTO_Spheroid_Bounds_Seq0018.ome0004.tif,0,5,11,1024,295,0.0,0.00035995505994354467,0.0,-0.8566646833740383,b'eLuEO5CAG02JNE+J/kYmoLRoSkRitNDLz00FqjXRK8lMAxdhMA8BgwzkUMwSEsQA+8jOBlHEBKWmUamIA7kBbDOIBkcJkAGOTpyFG02KWgVQdBQXJCankmsaMICQi2qo2Tb6yII2kAJc18hGH1qU66P6BiiAw9egFG8HAI+oFjg=',e80c8fc6c990877d6654ee74a1760c63,file:/share/data/cellprofiler/christa/20230905_190025_768/mod/PointO24_0005_ChannelSYTO_Spheroid_Bounds_Seq0018.ome0004.tif,0,0018,0,O24,nan,0004,0,0,0,0,0,/share/data/cellprofiler/christa/20230905_190025_768/mod,Done,65535,0,file:/share/data/cellprofiler/christa/20230905_190025_768/mod/PointO24_0005_ChannelSYTO_Spheroid_Bounds_Seq0018.ome0004.tif,1024
-2,0.0,0.0,0.25,0.0,0.6099999999999852,PointO24_0005_ChannelSYTO_Spheroid_Bounds_Seq0018.ome0005.tif,0,6,11,1024,296,0.0,0.0004513993606288012,0.0,-0.8515555925556967,b'eLuEO5CAG02JNE+J/kYmoLRoSkRitNDLz00FqdUryUwDF2EwDwGDDORQzBISxAD7yM4GUcQEpaZRqYgDuQFsM4gGRwmQAY5OnIUbTYpaBVB0FBckJqeSaxowgJCLaqjZNvrIgjaQAlzXyEYfWpTro/oGKIDD16AUbwcAkWAWOQ==',26eece861547089d6574b82fda71c683,file:/share/data/cellprofiler/christa/20230905_190025_768/mod/PointO24_0005_ChannelSYTO_Spheroid_Bounds_Seq0018.ome0005.tif,0,0018,0,O24,nan,0005,0,0,0,0,0,/share/data/cellprofiler/christa/20230905_190025_768/mod,Done,65535,0,file:/share/data/cellprofiler/christa/20230905_190025_768/mod/PointO24_0005_ChannelSYTO_Spheroid_Bounds_Seq0018.ome0005.tif,1024
-2,0.0,0.0,0.23999999999999488,0.0,0.6400000000000006,PointO24_0005_ChannelSYTO_Spheroid_Bounds_Seq0018.ome0006.tif,0,7,11,1024,297,0.0,0.0005777927903052394,0.0,-0.8672529723153712,b'eLuEO5CAG02JNE+J/kYmoLRoSkRitNDLz00FqjXTK8lMAxdhMA8BgwzkUMwSEsQA+8jOBlHEBKWmUamIA7kBbDOIBkcJkAGOTpyFG02KWgVQdBQXJCankmsaMICQi2qo2Tb6yII2kAJc18hGH1qU66P6BiiAw9egFG8HAJMYFjo=',0a614d9f7e406f637f30f84b635639d3,file:/share/data/cellprofiler/christa/20230905_190025_768/mod/PointO24_0005_ChannelSYTO_Spheroid_Bounds_Seq0018.ome0006.tif,0,0018,0,O24,nan,0006,0,0,0,0,0,/share/data/cellprofiler/christa/20230905_190025_768/mod,Done,65535,0,file:/share/data/cellprofiler/christa/20230905_190025_768/mod/PointO24_0005_ChannelSYTO_Spheroid_Bounds_Seq0018.ome0006.tif,1024
-2,0.0,0.0,0.20000000000000284,0.0,0.5799999999999983,PointO24_0005_ChannelSYTO_Spheroid_Bounds_Seq0018.ome0007.tif,0,8,11,1024,298,0.0,0.0007357026144447326,0.0,-0.8572508871767008,b'eLuEO5CAG02JNE+J/kYmoLRoSkRitNDLz00FqjXXK8lMAxdhMA8BgwzkUMwSEsQA+8jOBlHEBKWmUamIA7kBbDOIBkcJkAGOTpyFG02KWgVQdBQXJCankmsaMICQi2qo2Tb6yII2kAJc18hGH1qU66P6BiiAw9egFG8HAJTQFjs=',26e6b1c9aafd4f658818aec61607da1c,file:/share/data/cellprofiler/christa/20230905_190025_768/mod/PointO24_0005_ChannelSYTO_Spheroid_Bounds_Seq0018.ome0007.tif,0,0018,0,O24,nan,0007,0,0,0,0,0,/share/data/cellprofiler/christa/20230905_190025_768/mod,Done,65535,0,file:/share/data/cellprofiler/christa/20230905_190025_768/mod/PointO24_0005_ChannelSYTO_Spheroid_Bounds_Seq0018.ome0007.tif,1024
-2,0.0,0.0,0.23000000000000398,0.0,0.7000000000000028,PointO24_0005_ChannelSYTO_Spheroid_Bounds_Seq0018.ome0008.tif,0,9,11,1024,299,0.0,0.0009395913488352803,0.0,-0.8605084366142107,b'eLuEO5CAG02JNE+J/kYmoLRoSkRitNDLz00FlYl6JZlp4CIM5iFgkIEcillCghhgH9nZIIqYoNQ0KhVxIDeAbQbR4CgBMsDRibNwo0lRqwCKjuKCxORUck0DBhByUQ0120YfWdAGUoDrGtnoQ4tyfVTfAAVw+BqU4u0AlogWPA==',0311489fee90ff40b403c6b2ab061731,file:/share/data/cellprofiler/christa/20230905_190025_768/mod/PointO24_0005_ChannelSYTO_Spheroid_Bounds_Seq0018.ome0008.tif,0,0018,0,O24,nan,0008,0,0,0,0,0,/share/data/cellprofiler/christa/20230905_190025_768/mod,Done,65535,0,file:/share/data/cellprofiler/christa/20230905_190025_768/mod/PointO24_0005_ChannelSYTO_Spheroid_Bounds_Seq0018.ome0008.tif,1024
-2,0.0,0.0,0.22000000000001307,0.0,0.6299999999999955,PointO24_0005_ChannelSYTO_Spheroid_Bounds_Seq0018.ome0009.tif,0,10,11,1024,300,0.0,0.0012097438011328175,0.0,-0.8546985730504026,b'eLuEO5CAG02JNE+J/kYmoLRoSkRitNDLz00FqrXUK8lMAxdhMA8BgwzkUMwSEsQA+8jOBlHEBKWmUamIA7kBbDOIBkcJkAGOTpyFG02KWgVQdBQXJCankmsaMICQi2qo2Tb6yII2kAJc18hGH1qU66P6BiiAw9egFG8HAJhAFj0=',dd83e83aac81223fefbf4357e3add1cc,file:/share/data/cellprofiler/christa/20230905_190025_768/mod/PointO24_0005_ChannelSYTO_Spheroid_Bounds_Seq0018.ome0009.tif,0,0018,0,O24,nan,0009,0,0,0,0,0,/share/data/cellprofiler/christa/20230905_190025_768/mod,Done,65535,0,file:/share/data/cellprofiler/christa/20230905_190025_768/mod/PointO24_0005_ChannelSYTO_Spheroid_Bounds_Seq0018.ome0009.tif,1024
-2,0.0,0.0,0.2599999999999909,0.0,0.6099999999999852,PointO24_0005_ChannelSYTO_Spheroid_Bounds_Seq0018.ome0010.tif,0,11,11,1024,301,0.0,0.00156475019717224,0.0,-0.8536309878505682,b'eLuEO5CAG02JNE+J/kYmoLRoSkRitNDLz00F0gZ6JZlp4CIM5iFgkIEcillCghhgH9nZIIqYoNQ0KhVxIDeAbQbR4CgBMsDRibNwo0lRqwCKjuKCxORUck0DBhByUQ0120YfWdAGUoDrGtnoQ4tyfVTfAAVw+BqU4u0AioEWNQ==',913cc316d6229816826f2b12089b33dd,file:/share/data/cellprofiler/christa/20230905_190025_768/mod/PointO24_0005_ChannelSYTO_Spheroid_Bounds_Seq0018.ome0010.tif,0,0018,0,O24,nan,0010,0,0,0,0,0,/share/data/cellprofiler/christa/20230905_190025_768/mod,Done,65535,0,file:/share/data/cellprofiler/christa/20230905_190025_768/mod/PointO24_0005_ChannelSYTO_Spheroid_Bounds_Seq0018.ome0010.tif,1024
-2,0.0,0.0,0.21000000000002217,0.0,0.5899999999999892,PointO24_0005_ChannelSYTO_Spheroid_Bounds_Seq0018.ome0011.tif,0,12,11,1024,302,0.0,0.002055784048502049,0.0,-0.9103509289072895,b'eLuEO5CAG02JNE+J/kYmoLRoSkRitNDLz00F0oZ6JZlp4CIM5iFgkIEcillCghhgH9nZIIqYoNQ0KhVxIDeAbQbR4CgBMsDRibNwo0lRqwCKjuKCxORUck0DBhByUQ0120YfWdAGUoDrGtnoQ4tyfVTfAAVw+BqU4u0AjDkWNg==',8eb7808a029dedaed96497dd63c3fcc2,file:/share/data/cellprofiler/christa/20230905_190025_768/mod/PointO24_0005_ChannelSYTO_Spheroid_Bounds_Seq0018.ome0011.tif,0,0018,0,O24,nan,0011,0,0,0,0,0,/share/data/cellprofiler/christa/20230905_190025_768/mod,Done,65535,0,file:/share/data/cellprofiler/christa/20230905_190025_768/mod/PointO24_0005_ChannelSYTO_Spheroid_Bounds_Seq0018.ome0011.tif,1024
-2,0.0,0.0,0.18000000000000682,0.0,0.6399999999999864,PointO24_0005_ChannelSYTO_Spheroid_Bounds_Seq0018.ome0012.tif,0,13,11,1024,303,0.0,0.0026909615071988822,0.0,-0.9482155749767629,b'eLuEO5CAG02JNE+J/kYmoLRoSkRitNDLz00F0kZ6JZlp4CIM5iFgkIEcillCghhgH9nZIIqYoNQ0KhVxIDeAbQbR4CgBMsDRibNwo0lRqwCKjuKCxORUck0DBhByUQ0120YfWdAGUoDrGtnoQ4tyfVTfAAVw+BqU4u0AjfEWNw==',f0b67b5dd90e47cec4acc20de0238559,file:/share/data/cellprofiler/christa/20230905_190025_768/mod/PointO24_0005_ChannelSYTO_Spheroid_Bounds_Seq0018.ome0012.tif,0,0018,0,O24,nan,0012,0,0,0,0,0,/share/data/cellprofiler/christa/20230905_190025_768/mod,Done,65535,0,file:/share/data/cellprofiler/christa/20230905_190025_768/mod/PointO24_0005_ChannelSYTO_Spheroid_Bounds_Seq0018.ome0012.tif,1024
-2,0.0,0.0,0.20000000000000284,0.0,0.7399999999999949,PointO24_0005_ChannelSYTO_Spheroid_Bounds_Seq0018.ome0013.tif,0,14,11,1024,304,0.0,0.003508262714629307,0.0,-1.0384916691394435,b'eLuEO5CAG02JNE+J/kYmoLRoSkRitNDLz00F0sZ6JZlp4CIM5iFgkIEcillCghhgH9nZIIqYoNQ0KhVxIDeAbQbR4CgBMsDRibNwo0lRqwCKjuKCxORUck0DBhByUQ0120YfWdAGUoDrGtnoQ4tyfVTfAAVw+BqU4u0Aj6kWOA==',01d423779160308d2ef5d15b63ab8512,file:/share/data/cellprofiler/christa/20230905_190025_768/mod/PointO24_0005_ChannelSYTO_Spheroid_Bounds_Seq0018.ome0013.tif,0,0018,0,O24,nan,0013,0,0,0,0,0,/share/data/cellprofiler/christa/20230905_190025_768/mod,Done,65535,0,file:/share/data/cellprofiler/christa/20230905_190025_768/mod/PointO24_0005_ChannelSYTO_Spheroid_Bounds_Seq0018.ome0013.tif,1024
-2,0.0,0.0,0.23999999999999488,0.0,0.6499999999999915,PointO24_0005_ChannelSYTO_Spheroid_Bounds_Seq0018.ome0014.tif,0,15,11,1024,305,0.0,0.004588816523859703,0.0,-1.1196670640926467,b'eLuEO5CAG02JNE+J/kYmoLRoSkRitNDLz00FJUq9ksw0cBEG8xAwyEAOxSwhQQywj+xsEEVMUGoalYo4kBvANoNocJQAGeDoxFm40aSoVQBFR3FBYnIquaYBAwi5qIaabaOPLGgDKcB1jWz0oUW5PqpvgAI4fA1K8XYAkWEWOQ==',2b6c4409b978daffa7f39bc37bb6700c,file:/share/data/cellprofiler/christa/20230905_190025_768/mod/PointO24_0005_ChannelSYTO_Spheroid_Bounds_Seq0018.ome0014.tif,0,0018,0,O24,nan,0014,0,0,0,0,0,/share/data/cellprofiler/christa/20230905_190025_768/mod,Done,65535,0,file:/share/data/cellprofiler/christa/20230905_190025_768/mod/PointO24_0005_ChannelSYTO_Spheroid_Bounds_Seq0018.ome0014.tif,1024
-2,0.0,0.0,0.23999999999999488,0.0,0.7000000000000028,PointO24_0005_ChannelSYTO_Spheroid_Bounds_Seq0018.ome0015.tif,0,16,11,1024,306,0.0,0.005890032132927733,0.0,-1.2013675208982137,b'eLuEO5CAG02JNE+J/kYmoLRoSkRitNDLz00F0qZ6JZlp4CIM5iFgkIEcillCghhgH9nZIIqYoNQ0KhVxIDeAbQbR4CgBMsDRibNwo0lRqwCKjuKCxORUck0DBhByUQ0120YfWdAGUoDrGtnoQ4tyfVTfAAVw+BqU4u0AkxkWOg==',ca6d483607be403ab37ed2ca8b2bbf2b,file:/share/data/cellprofiler/christa/20230905_190025_768/mod/PointO24_0005_ChannelSYTO_Spheroid_Bounds_Seq0018.ome0015.tif,0,0018,0,O24,nan,0015,0,0,0,0,0,/share/data/cellprofiler/christa/20230905_190025_768/mod,Done,65535,0,file:/share/data/cellprofiler/christa/20230905_190025_768/mod/PointO24_0005_ChannelSYTO_Spheroid_Bounds_Seq0018.ome0015.tif,1024
-2,0.0,0.0,0.1799999999999926,0.0,0.6400000000000006,PointO24_0005_ChannelSYTO_Spheroid_Bounds_Seq0018.ome0016.tif,0,17,11,1024,307,0.0,0.007666824858037946,0.0,-1.354010819993304,b'eLuEO5CAG02JNE+J/kYmoLRoSkRitNDLz00F0mZ6JZlp4CIM5iFgkIEcillCghhgH9nZIIqYoNQ0KhVxIDeAbQbR4CgBMsDRibNwo0lRqwCKjuKCxORUck0DBhByUQ0120YfWdAGUoDrGtnoQ4tyfVTfAAVw+BqU4u0AlNEWOw==',4996f2e820d751b5bca9f29ad524416d,file:/share/data/cellprofiler/christa/20230905_190025_768/mod/PointO24_0005_ChannelSYTO_Spheroid_Bounds_Seq0018.ome0016.tif,0,0018,0,O24,nan,0016,0,0,0,0,0,/share/data/cellprofiler/christa/20230905_190025_768/mod,Done,65535,0,file:/share/data/cellprofiler/christa/20230905_190025_768/mod/PointO24_0005_ChannelSYTO_Spheroid_Bounds_Seq0018.ome0016.tif,1024
-2,0.0,0.0,0.19000000000001194,0.0,0.6300000000000097,PointO24_0005_ChannelSYTO_Spheroid_Bounds_Seq0018.ome0017.tif,0,18,11,1024,308,0.0,0.00975655953550007,0.0,-1.799651093823407,b'eLuEO5CAG02JNE+J/kYmoLRoSkRitNDLz00F0uZ6JZlp4CIM5iFgkIEcillCghhgH9nZIIqYoNQ0KhVxIDeAbQbR4CgBMsDRibNwo0lRqwCKjuKCxORUck0DBhByUQ0120YfWdAGUoDrGtnoQ4tyfVTfAAVw+BqU4u0AlokWPA==',f68cd9d07444649590655d0f07f10c48,file:/share/data/cellprofiler/christa/20230905_190025_768/mod/PointO24_0005_ChannelSYTO_Spheroid_Bounds_Seq0018.ome0017.tif,0,0018,0,O24,nan,0017,0,0,0,0,0,/share/data/cellprofiler/christa/20230905_190025_768/mod,Done,65535,0,file:/share/data/cellprofiler/christa/20230905_190025_768/mod/PointO24_0005_ChannelSYTO_Spheroid_Bounds_Seq0018.ome0017.tif,1024
-2,0.0,0.0,0.29000000000000625,0.0,0.5799999999999983,PointO24_0005_ChannelSYTO_Spheroid_Bounds_Seq0018.ome0018.tif,0,19,11,1024,309,0.0,0.015899925282492657,0.0,-2.3633485831994085,b'eLuEO5CAG02JNE+J/kYmoLRoSkRitNDLz00F0yWZaeAiDOYhYJCBHIpZQoIYYB/Z2SCKmKDUNCoVcSA3gG0G0eAoATLA0YmzcKNJUasAio7igsTkVHJNAwYQclENNdtGH1nQBlKA6xrZ6EOLcn1U3wAFcPgalOLtAJhBFj0=',c742af509b2bd05bf4b44589038d7f9f,file:/share/data/cellprofiler/christa/20230905_190025_768/mod/PointO24_0005_ChannelSYTO_Spheroid_Bounds_Seq0018.ome0018.tif,0,0018,0,O24,nan,0018,0,0,0,0,0,/share/data/cellprofiler/christa/20230905_190025_768/mod,Done,65535,0,file:/share/data/cellprofiler/christa/20230905_190025_768/mod/PointO24_0005_ChannelSYTO_Spheroid_Bounds_Seq0018.ome0018.tif,1024
-2,0.0,0.0,0.18999999999998352,0.0,0.5400000000000063,PointO24_0005_ChannelSYTO_Spheroid_Bounds_Seq0018.ome0019.tif,0,20,11,1024,310,0.0,0.021695502191826737,0.0,-2.298621387969962,b'eLuEO5CAG02JNE+J/kYmoLRoSkRitNDLz00F0pZ6JZlp4CIM5iFgkIEcillCghhgH9nZIIqYoNQ0KhVxIDeAbQbR4CgBMsDRibNwo0lRqwCKjuKCxORUck0DBhByUQ0120YfWdAGUoDrGtnoQ4tyfVTfAAVw+BqU4u0AmfkWPg==',b530b0f15116e6056f3e2ec7a4684407,file:/share/data/cellprofiler/christa/20230905_190025_768/mod/PointO24_0005_ChannelSYTO_Spheroid_Bounds_Seq0018.ome0019.tif,0,0018,0,O24,nan,0019,0,0,0,0,0,/share/data/cellprofiler/christa/20230905_190025_768/mod,Done,65535,0,file:/share/data/cellprofiler/christa/20230905_190025_768/mod/PointO24_0005_ChannelSYTO_Spheroid_Bounds_Seq0018.ome0019.tif,1024
-2,0.0,0.0,0.30000000000001137,0.0,0.5999999999999943,PointO24_0005_ChannelSYTO_Spheroid_Bounds_Seq0018.ome0020.tif,0,21,11,1024,311,0.0,0.021848896319610848,0.0,-2.615212461062426,b'eLuEO5CAG02JNE+J/kYmoLRoSkRitNDLz00FmmCgV5KZBi7CYB4CBhnIoZglJIgB9pGdDaKICUpNo1IRB3ID2GYQDY4SIAMcnTgLN5oUtQqg6CguSExOJdc0YAAhF9VQs230kQVtIAW4rpGNPrQo10f1DVAAh69BKd4OAIw6FjY=',6ef231b0404c753f2fd59ce9dfc270f1,file:/share/data/cellprofiler/christa/20230905_190025_768/mod/PointO24_0005_ChannelSYTO_Spheroid_Bounds_Seq0018.ome0020.tif,0,0018,0,O24,nan,0020,0,0,0,0,0,/share/data/cellprofiler/christa/20230905_190025_768/mod,Done,65535,0,file:/share/data/cellprofiler/christa/20230905_190025_768/mod/PointO24_0005_ChannelSYTO_Spheroid_Bounds_Seq0018.ome0020.tif,1024
-2,0.0,0.0,0.18999999999999773,0.0,0.5999999999999801,PointO24_0005_ChannelSYTO_Spheroid_Bounds_Seq0018.ome0021.tif,0,22,11,1024,312,0.0,0.021118497325627886,0.0,-2.7198521345290727,b'eLuEO5CAG02JNE+J/kYmoLRoSkRitNDLz00FmmCoV5KZBi7CYB4CBhnIoZglJIgB9pGdDaKICUpNo1IRB3ID2GYQDY4SIAMcnTgLN5oUtQqg6CguSExOJdc0YAAhF9VQs230kQVtIAW4rpGNPrQo10f1DVAAh69BKd4OAI3yFjc=',d48c29dc1dc1d60dccb7a774164c4f6c,file:/share/data/cellprofiler/christa/20230905_190025_768/mod/PointO24_0005_ChannelSYTO_Spheroid_Bounds_Seq0018.ome0021.tif,0,0018,0,O24,nan,0021,0,0,0,0,0,/share/data/cellprofiler/christa/20230905_190025_768/mod,Done,65535,0,file:/share/data/cellprofiler/christa/20230905_190025_768/mod/PointO24_0005_ChannelSYTO_Spheroid_Bounds_Seq0018.ome0021.tif,1024
-2,0.0,0.0,0.2300000000000182,0.0,0.5999999999999943,PointO24_0005_ChannelSYTO_Spheroid_Bounds_Seq0018.ome0022.tif,0,23,11,1024,313,0.0,0.02001855897921339,0.0,-2.570283826543054,b'eLuEO5CAG02JNE+J/kYmoLRoSkRitNDLz00FmmCkV5KZBi7CYB4CBhnIoZglJIgB9pGdDaKICUpNo1IRB3ID2GYQDY4SIAMcnTgLN5oUtQqg6CguSExOJdc0YAAhF9VQs230kQVtIAW4rpGNPrQo10f1DVAAh69BKd4OAI+qFjg=',b55b0c41bdacc96b5b5566589275099a,file:/share/data/cellprofiler/christa/20230905_190025_768/mod/PointO24_0005_ChannelSYTO_Spheroid_Bounds_Seq0018.ome0022.tif,0,0018,0,O24,nan,0022,0,0,0,0,0,/share/data/cellprofiler/christa/20230905_190025_768/mod,Done,65535,0,file:/share/data/cellprofiler/christa/20230905_190025_768/mod/PointO24_0005_ChannelSYTO_Spheroid_Bounds_Seq0018.ome0022.tif,1024
-2,0.0,0.0,0.18999999999999773,0.0,0.5900000000000034,PointO24_0005_ChannelSYTO_Spheroid_Bounds_Seq0018.ome0023.tif,0,24,11,1024,314,0.0,0.018782302659437318,0.0,-2.237848823150261,b'eLuEO5CAG02JNE+J/kYmoLRoSkRitNDLz00FmmCsV5KZBi7CYB4CBhnIoZglJIgB9pGdDaKICUpNo1IRB3ID2GYQDY4SIAMcnTgLN5oUtQqg6CguSExOJdc0YAAhF9VQs230kQVtIAW4rpGNPrQo10f1DVAAh69BKd4OAJFiFjk=',5073ba4ab0f1e26a2de9712656d511a5,file:/share/data/cellprofiler/christa/20230905_190025_768/mod/PointO24_0005_ChannelSYTO_Spheroid_Bounds_Seq0018.ome0023.tif,0,0018,0,O24,nan,0023,0,0,0,0,0,/share/data/cellprofiler/christa/20230905_190025_768/mod,Done,65535,0,file:/share/data/cellprofiler/christa/20230905_190025_768/mod/PointO24_0005_ChannelSYTO_Spheroid_Bounds_Seq0018.ome0023.tif,1024
-2,0.0,0.0,0.19000000000001194,0.0,0.5499999999999972,PointO24_0005_ChannelSYTO_Spheroid_Bounds_Seq0018.ome0024.tif,0,25,11,1024,315,0.0,0.01743074101325121,0.0,-1.8541580271017641,b'eLuEO5CAG02JNE+J/kYmoLRoSkRitNDLz00FmmCiV5KZBi7CYB4CBhnIoZglJIgB9pGdDaKICUpNo1IRB3ID2GYQDY4SIAMcnTgLN5oUtQqg6CguSExOJdc0YAAhF9VQs230kQVtIAW4rpGNPrQo10f1DVAAh69BKd4OAJMaFjo=',feba899ef0e7bc70206fd5eee302fa17,file:/share/data/cellprofiler/christa/20230905_190025_768/mod/PointO24_0005_ChannelSYTO_Spheroid_Bounds_Seq0018.ome0024.tif,0,0018,0,O24,nan,0024,0,0,0,0,0,/share/data/cellprofiler/christa/20230905_190025_768/mod,Done,65535,0,file:/share/data/cellprofiler/christa/20230905_190025_768/mod/PointO24_0005_ChannelSYTO_Spheroid_Bounds_Seq0018.ome0024.tif,1024
-2,0.0,0.0,0.19000000000001194,0.0,0.5500000000000114,PointO24_0005_ChannelSYTO_Spheroid_Bounds_Seq0018.ome0025.tif,0,26,11,1024,316,0.0,0.01581140075355629,0.0,-1.4274946705571512,b'eLuEO5CAG02JNE+J/kYmoLRoSkRitNDLz00FmaBXkpkGLsJgHgIGGcihmCUkiAH2kZ0NoogJSk2jUhEHcgPYZhANjhIgAxydOAs3mhS1CqDoKC5ITE4l1zRgACEX1VCzbfSRBW0gBbiukY0+tCjXR/UNUACHr0Ep3g4AlNIWOw==',7fd503cddeafbbdddf73d68c0e2aaa1a,file:/share/data/cellprofiler/christa/20230905_190025_768/mod/PointO24_0005_ChannelSYTO_Spheroid_Bounds_Seq0018.ome0025.tif,0,0018,0,O24,nan,0025,0,0,0,0,0,/share/data/cellprofiler/christa/20230905_190025_768/mod,Done,65535,0,file:/share/data/cellprofiler/christa/20230905_190025_768/mod/PointO24_0005_ChannelSYTO_Spheroid_Bounds_Seq0018.ome0025.tif,1024
-2,0.0,0.0,0.17000000000001592,0.0,0.8499999999999943,PointO24_0005_ChannelSYTO_Spheroid_Bounds_Seq0018.ome0026.tif,0,27,11,1024,317,0.0,0.014000570465869963,0.0,-1.0424911231789245,b'eLuEO5CAG02JNE+J/kYmoLRoSkRitNDLz00FmmCmV5KZBi7CYB4CBhnIoZglJIgB9pGdDaKICUpNo1IRB3ID2GYQDY4SIAMcnTgLN5oUtQqg6CguSExOJdc0YAAhF9VQs230kQVtIAW4rpGNPrQo10f1DVAAh69BKd4OAJaKFjw=',cbca936ccd0c7c0c1399384318b69853,file:/share/data/cellprofiler/christa/20230905_190025_768/mod/PointO24_0005_ChannelSYTO_Spheroid_Bounds_Seq0018.ome0026.tif,0,0018,0,O24,nan,0026,0,0,0,0,0,/share/data/cellprofiler/christa/20230905_190025_768/mod,Done,65535,0,file:/share/data/cellprofiler/christa/20230905_190025_768/mod/PointO24_0005_ChannelSYTO_Spheroid_Bounds_Seq0018.ome0026.tif,1024
-2,0.0,0.0,0.2300000000000182,0.0,0.6099999999999852,PointO24_0005_ChannelSYTO_Spheroid_Bounds_Seq0018.ome0027.tif,0,28,11,1024,318,0.0,0.01227564429665851,0.0,-0.797092108116977,b'eLuEO5CAG02JNE+J/kYmoLRoSkRitNDLz00FmmCuV5KZBi7CYB4CBhnIoZglJIgB9pGdDaKICUpNo1IRB3ID2GYQDY4SIAMcnTgLN5oUtQqg6CguSExOJdc0YAAhF9VQs230kQVtIAW4rpGNPrQo10f1DVAAh69BKd4OAJhCFj0=',96fc939866c1acb5acb4180c3f57263b,file:/share/data/cellprofiler/christa/20230905_190025_768/mod/PointO24_0005_ChannelSYTO_Spheroid_Bounds_Seq0018.ome0027.tif,0,0018,0,O24,nan,0027,0,0,0,0,0,/share/data/cellprofiler/christa/20230905_190025_768/mod,Done,65535,0,file:/share/data/cellprofiler/christa/20230905_190025_768/mod/PointO24_0005_ChannelSYTO_Spheroid_Bounds_Seq0018.ome0027.tif,1024
-2,0.0,0.0,0.18999999999998352,0.0,0.6299999999999812,PointO24_0005_ChannelSYTO_Spheroid_Bounds_Seq0018.ome0028.tif,0,29,11,1024,319,0.0,0.010337690619396898,0.0,-0.7417335046390117,b'eLuEO5CAG02JNE+J/kYmoLRoSkRitNDLz00FmmChV5KZBi7CYB4CBhnIoZglJIgB9pGdDaKICUpNo1IRB3ID2GYQDY4SIAMcnTgLN5oUtQqg6CguSExOJdc0YAAhF9VQs230kQVtIAW4rpGNPrQo10f1DVAAh69BKd4OAJn6Fj4=',0e3c56bdfd20a1dd20374715564a0660,file:/share/data/cellprofiler/christa/20230905_190025_768/mod/PointO24_0005_ChannelSYTO_Spheroid_Bounds_Seq0018.ome0028.tif,0,0018,0,O24,nan,0028,0,0,0,0,0,/share/data/cellprofiler/christa/20230905_190025_768/mod,Done,65535,0,file:/share/data/cellprofiler/christa/20230905_190025_768/mod/PointO24_0005_ChannelSYTO_Spheroid_Bounds_Seq0018.ome0028.tif,1024
-2,0.0,0.0,0.20999999999999375,0.0,0.8100000000000023,PointO24_0005_ChannelSYTO_Spheroid_Bounds_Seq0019.ome0000.tif,0,1,12,1024,320,0.0,0.0001565783345205553,0.0,-0.8688913329846378,b'eLuEO5CAG02JNE+J/kYmoLRoSkRitNTLz00FlYd6JZlp4CIM5iFgkIEcillCghhgH9nZIIqYoNQ0KhVxIDeAbQbR4CgBMsDRibNwo0lRqwCKjuKCxORUck0DBhByUQ0120YfWdAGUoDrGtnoQ4tyfVTfAAVw+BqU4u0AiogWNQ==',fcce7a8650baab551b360c693834cf48,file:/share/data/cellprofiler/christa/20230905_190025_768/mod/PointO24_0005_ChannelSYTO_Spheroid_Bounds_Seq0019.ome0000.tif,0,0019,0,O24,nan,0000,0,0,0,0,0,/share/data/cellprofiler/christa/20230905_190025_768/mod,Done,65535,0,file:/share/data/cellprofiler/christa/20230905_190025_768/mod/PointO24_0005_ChannelSYTO_Spheroid_Bounds_Seq0019.ome0000.tif,1024
-2,0.0,0.0,0.21999999999999886,0.0,0.6599999999999966,PointO24_0005_ChannelSYTO_Spheroid_Bounds_Seq0019.ome0001.tif,0,2,12,1024,321,0.0,0.00018967089780160752,0.0,-0.8747600807380839,b'eLuEO5CAG02JNE+J/kYmoLRoSkRitNTLz00FqjXUK8lMAxdhMA8BgwzkUMwSEsQA+8jOBlHEBKWmUamIA7kBbDOIBkcJkAGOTpyFG02KWgVQdBQXJCankmsaMICQi2qo2Tb6yII2kAJc18hGH1qU66P6BiiAw9egFG8HAIxAFjY=',d6c66b8ebaf7e3156dad26c52ae9a3b7,file:/share/data/cellprofiler/christa/20230905_190025_768/mod/PointO24_0005_ChannelSYTO_Spheroid_Bounds_Seq0019.ome0001.tif,0,0019,0,O24,nan,0001,0,0,0,0,0,/share/data/cellprofiler/christa/20230905_190025_768/mod,Done,65535,0,file:/share/data/cellprofiler/christa/20230905_190025_768/mod/PointO24_0005_ChannelSYTO_Spheroid_Bounds_Seq0019.ome0001.tif,1024
-2,0.0,0.0,0.18999999999998352,0.0,0.6299999999999955,PointO24_0005_ChannelSYTO_Spheroid_Bounds_Seq0019.ome0002.tif,0,3,12,1024,322,0.0,0.0002337768902432749,0.0,-0.8668310517897074,b'eLuEO5CAG02JNE+J/kYmoLRoSkRitNTLz00FqjXSK8lMAxdhMA8BgwzkUMwSEsQA+8jOBlHEBKWmUamIA7kBbDOIBkcJkAGOTpyFG02KWgVQdBQXJCankmsaMICQi2qo2Tb6yII2kAJc18hGH1qU66P6BiiAw9egFG8HAI34Fjc=',689cee0b1b241c67402b8942f1b01893,file:/share/data/cellprofiler/christa/20230905_190025_768/mod/PointO24_0005_ChannelSYTO_Spheroid_Bounds_Seq0019.ome0002.tif,0,0019,0,O24,nan,0002,0,0,0,0,0,/share/data/cellprofiler/christa/20230905_190025_768/mod,Done,65535,0,file:/share/data/cellprofiler/christa/20230905_190025_768/mod/PointO24_0005_ChannelSYTO_Spheroid_Bounds_Seq0019.ome0002.tif,1024
-2,0.0,0.0,0.21000000000000796,0.0,0.5900000000000034,PointO24_0005_ChannelSYTO_Spheroid_Bounds_Seq0019.ome0003.tif,0,4,12,1024,323,0.0,0.0002850438516812911,0.0,-0.862054806447684,b'eLuEO5CAG02JNE+J/kYmoLRoSkRitNTLz00FqjXWK8lMAxdhMA8BgwzkUMwSEsQA+8jOBlHEBKWmUamIA7kBbDOIBkcJkAGOTpyFG02KWgVQdBQXJCankmsaMICQi2qo2Tb6yII2kAJc18hGH1qU66P6BiiAw9egFG8HAI+wFjg=',58af21eb0e6cf49e2254dc5de33dd32a,file:/share/data/cellprofiler/christa/20230905_190025_768/mod/PointO24_0005_ChannelSYTO_Spheroid_Bounds_Seq0019.ome0003.tif,0,0019,0,O24,nan,0003,0,0,0,0,0,/share/data/cellprofiler/christa/20230905_190025_768/mod,Done,65535,0,file:/share/data/cellprofiler/christa/20230905_190025_768/mod/PointO24_0005_ChannelSYTO_Spheroid_Bounds_Seq0019.ome0003.tif,1024
-2,0.0,0.0,0.1799999999999926,0.0,0.6099999999999852,PointO24_0005_ChannelSYTO_Spheroid_Bounds_Seq0019.ome0004.tif,0,5,12,1024,324,0.0,0.00035995505994354467,0.0,-0.8566646833740383,b'eLuEO5CAG02JNE+J/kYmoLRoSkRitNTLz00FqjXRK8lMAxdhMA8BgwzkUMwSEsQA+8jOBlHEBKWmUamIA7kBbDOIBkcJkAGOTpyFG02KWgVQdBQXJCankmsaMICQi2qo2Tb6yII2kAJc18hGH1qU66P6BiiAw9egFG8HAJFoFjk=',e80c8fc6c990877d6654ee74a1760c63,file:/share/data/cellprofiler/christa/20230905_190025_768/mod/PointO24_0005_ChannelSYTO_Spheroid_Bounds_Seq0019.ome0004.tif,0,0019,0,O24,nan,0004,0,0,0,0,0,/share/data/cellprofiler/christa/20230905_190025_768/mod,Done,65535,0,file:/share/data/cellprofiler/christa/20230905_190025_768/mod/PointO24_0005_ChannelSYTO_Spheroid_Bounds_Seq0019.ome0004.tif,1024
-2,0.0,0.0,0.21999999999999886,0.0,0.6400000000000148,PointO24_0005_ChannelSYTO_Spheroid_Bounds_Seq0019.ome0005.tif,0,6,12,1024,325,0.0,0.0004513993606288012,0.0,-0.8515555925556967,b'eLuEO5CAG02JNE+J/kYmoLRoSkRitNTLz00FqdUryUwDF2EwDwGDDORQzBISxAD7yM4GUcQEpaZRqYgDuQFsM4gGRwmQAY5OnIUbTYpaBVB0FBckJqeSaxowgJCLaqjZNvrIgjaQAlzXyEYfWpTro/oGKIDD16AUbwcAkyAWOg==',26eece861547089d6574b82fda71c683,file:/share/data/cellprofiler/christa/20230905_190025_768/mod/PointO24_0005_ChannelSYTO_Spheroid_Bounds_Seq0019.ome0005.tif,0,0019,0,O24,nan,0005,0,0,0,0,0,/share/data/cellprofiler/christa/20230905_190025_768/mod,Done,65535,0,file:/share/data/cellprofiler/christa/20230905_190025_768/mod/PointO24_0005_ChannelSYTO_Spheroid_Bounds_Seq0019.ome0005.tif,1024
-2,0.0,0.0,0.21999999999998465,0.0,0.6300000000000097,PointO24_0005_ChannelSYTO_Spheroid_Bounds_Seq0019.ome0006.tif,0,7,12,1024,326,0.0,0.0005777927903052394,0.0,-0.8672529723153712,b'eLuEO5CAG02JNE+J/kYmoLRoSkRitNTLz00FqjXTK8lMAxdhMA8BgwzkUMwSEsQA+8jOBlHEBKWmUamIA7kBbDOIBkcJkAGOTpyFG02KWgVQdBQXJCankmsaMICQi2qo2Tb6yII2kAJc18hGH1qU66P6BiiAw9egFG8HAJTYFjs=',0a614d9f7e406f637f30f84b635639d3,file:/share/data/cellprofiler/christa/20230905_190025_768/mod/PointO24_0005_ChannelSYTO_Spheroid_Bounds_Seq0019.ome0006.tif,0,0019,0,O24,nan,0006,0,0,0,0,0,/share/data/cellprofiler/christa/20230905_190025_768/mod,Done,65535,0,file:/share/data/cellprofiler/christa/20230905_190025_768/mod/PointO24_0005_ChannelSYTO_Spheroid_Bounds_Seq0019.ome0006.tif,1024
-2,0.0,0.0,0.19999999999998863,0.0,0.5699999999999932,PointO24_0005_ChannelSYTO_Spheroid_Bounds_Seq0019.ome0007.tif,0,8,12,1024,327,0.0,0.0007357026144447326,0.0,-0.8572508871767008,b'eLuEO5CAG02JNE+J/kYmoLRoSkRitNTLz00FqjXXK8lMAxdhMA8BgwzkUMwSEsQA+8jOBlHEBKWmUamIA7kBbDOIBkcJkAGOTpyFG02KWgVQdBQXJCankmsaMICQi2qo2Tb6yII2kAJc18hGH1qU66P6BiiAw9egFG8HAJaQFjw=',26e6b1c9aafd4f658818aec61607da1c,file:/share/data/cellprofiler/christa/20230905_190025_768/mod/PointO24_0005_ChannelSYTO_Spheroid_Bounds_Seq0019.ome0007.tif,0,0019,0,O24,nan,0007,0,0,0,0,0,/share/data/cellprofiler/christa/20230905_190025_768/mod,Done,65535,0,file:/share/data/cellprofiler/christa/20230905_190025_768/mod/PointO24_0005_ChannelSYTO_Spheroid_Bounds_Seq0019.ome0007.tif,1024
-2,0.0,0.0,0.18999999999999773,0.0,0.5600000000000023,PointO24_0005_ChannelSYTO_Spheroid_Bounds_Seq0019.ome0008.tif,0,9,12,1024,328,0.0,0.0009395913488352803,0.0,-0.8605084366142107,b'eLuEO5CAG02JNE+J/kYmoLRoSkRitNTLz00FlYl6JZlp4CIM5iFgkIEcillCghhgH9nZIIqYoNQ0KhVxIDeAbQbR4CgBMsDRibNwo0lRqwCKjuKCxORUck0DBhByUQ0120YfWdAGUoDrGtnoQ4tyfVTfAAVw+BqU4u0AmEgWPQ==',0311489fee90ff40b403c6b2ab061731,file:/share/data/cellprofiler/christa/20230905_190025_768/mod/PointO24_0005_ChannelSYTO_Spheroid_Bounds_Seq0019.ome0008.tif,0,0019,0,O24,nan,0008,0,0,0,0,0,/share/data/cellprofiler/christa/20230905_190025_768/mod,Done,65535,0,file:/share/data/cellprofiler/christa/20230905_190025_768/mod/PointO24_0005_ChannelSYTO_Spheroid_Bounds_Seq0019.ome0008.tif,1024
-2,0.0,0.0,0.18999999999999773,0.0,0.6000000000000085,PointO24_0005_ChannelSYTO_Spheroid_Bounds_Seq0019.ome0009.tif,0,10,12,1024,329,0.0,0.0012097438011328175,0.0,-0.8546985730504026,b'eLuEO5CAG02JNE+J/kYmoLRoSkRitNTLz00FqrXUK8lMAxdhMA8BgwzkUMwSEsQA+8jOBlHEBKWmUamIA7kBbDOIBkcJkAGOTpyFG02KWgVQdBQXJCankmsaMICQi2qo2Tb6yII2kAJc18hGH1qU66P6BiiAw9egFG8HAJoAFj4=',dd83e83aac81223fefbf4357e3add1cc,file:/share/data/cellprofiler/christa/20230905_190025_768/mod/PointO24_0005_ChannelSYTO_Spheroid_Bounds_Seq0019.ome0009.tif,0,0019,0,O24,nan,0009,0,0,0,0,0,/share/data/cellprofiler/christa/20230905_190025_768/mod,Done,65535,0,file:/share/data/cellprofiler/christa/20230905_190025_768/mod/PointO24_0005_ChannelSYTO_Spheroid_Bounds_Seq0019.ome0009.tif,1024
-2,0.0,0.0,0.20000000000000284,0.0,0.6099999999999994,PointO24_0005_ChannelSYTO_Spheroid_Bounds_Seq0019.ome0010.tif,0,11,12,1024,330,0.0,0.00156475019717224,0.0,-0.8536309878505682,b'eLuEO5CAG02JNE+J/kYmoLRoSkRitNTLz00F0gZ6JZlp4CIM5iFgkIEcillCghhgH9nZIIqYoNQ0KhVxIDeAbQbR4CgBMsDRibNwo0lRqwCKjuKCxORUck0DBhByUQ0120YfWdAGUoDrGtnoQ4tyfVTfAAVw+BqU4u0AjEEWNg==',913cc316d6229816826f2b12089b33dd,file:/share/data/cellprofiler/christa/20230905_190025_768/mod/PointO24_0005_ChannelSYTO_Spheroid_Bounds_Seq0019.ome0010.tif,0,0019,0,O24,nan,0010,0,0,0,0,0,/share/data/cellprofiler/christa/20230905_190025_768/mod,Done,65535,0,file:/share/data/cellprofiler/christa/20230905_190025_768/mod/PointO24_0005_ChannelSYTO_Spheroid_Bounds_Seq0019.ome0010.tif,1024
-2,0.0,0.0,0.22000000000001307,0.0,0.6200000000000188,PointO24_0005_ChannelSYTO_Spheroid_Bounds_Seq0019.ome0011.tif,0,12,12,1024,331,0.0,0.002055784048502049,0.0,-0.9103509289072895,b'eLuEO5CAG02JNE+J/kYmoLRoSkRitNTLz00F0oZ6JZlp4CIM5iFgkIEcillCghhgH9nZIIqYoNQ0KhVxIDeAbQbR4CgBMsDRibNwo0lRqwCKjuKCxORUck0DBhByUQ0120YfWdAGUoDrGtnoQ4tyfVTfAAVw+BqU4u0AjfkWNw==',8eb7808a029dedaed96497dd63c3fcc2,file:/share/data/cellprofiler/christa/20230905_190025_768/mod/PointO24_0005_ChannelSYTO_Spheroid_Bounds_Seq0019.ome0011.tif,0,0019,0,O24,nan,0011,0,0,0,0,0,/share/data/cellprofiler/christa/20230905_190025_768/mod,Done,65535,0,file:/share/data/cellprofiler/christa/20230905_190025_768/mod/PointO24_0005_ChannelSYTO_Spheroid_Bounds_Seq0019.ome0011.tif,1024
-2,0.0,0.0,0.23000000000000398,0.0,0.6099999999999994,PointO24_0005_ChannelSYTO_Spheroid_Bounds_Seq0019.ome0012.tif,0,13,12,1024,332,0.0,0.0026909615071988822,0.0,-0.9482155749767629,b'eLuEO5CAG02JNE+J/kYmoLRoSkRitNTLz00F0kZ6JZlp4CIM5iFgkIEcillCghhgH9nZIIqYoNQ0KhVxIDeAbQbR4CgBMsDRibNwo0lRqwCKjuKCxORUck0DBhByUQ0120YfWdAGUoDrGtnoQ4tyfVTfAAVw+BqU4u0Aj7EWOA==',f0b67b5dd90e47cec4acc20de0238559,file:/share/data/cellprofiler/christa/20230905_190025_768/mod/PointO24_0005_ChannelSYTO_Spheroid_Bounds_Seq0019.ome0012.tif,0,0019,0,O24,nan,0012,0,0,0,0,0,/share/data/cellprofiler/christa/20230905_190025_768/mod,Done,65535,0,file:/share/data/cellprofiler/christa/20230905_190025_768/mod/PointO24_0005_ChannelSYTO_Spheroid_Bounds_Seq0019.ome0012.tif,1024
-2,0.0,0.0,0.22000000000001307,0.0,0.6799999999999926,PointO24_0005_ChannelSYTO_Spheroid_Bounds_Seq0019.ome0013.tif,0,14,12,1024,333,0.0,0.003508262714629307,0.0,-1.0384916691394435,b'eLuEO5CAG02JNE+J/kYmoLRoSkRitNTLz00F0sZ6JZlp4CIM5iFgkIEcillCghhgH9nZIIqYoNQ0KhVxIDeAbQbR4CgBMsDRibNwo0lRqwCKjuKCxORUck0DBhByUQ0120YfWdAGUoDrGtnoQ4tyfVTfAAVw+BqU4u0AkWkWOQ==',01d423779160308d2ef5d15b63ab8512,file:/share/data/cellprofiler/christa/20230905_190025_768/mod/PointO24_0005_ChannelSYTO_Spheroid_Bounds_Seq0019.ome0013.tif,0,0019,0,O24,nan,0013,0,0,0,0,0,/share/data/cellprofiler/christa/20230905_190025_768/mod,Done,65535,0,file:/share/data/cellprofiler/christa/20230905_190025_768/mod/PointO24_0005_ChannelSYTO_Spheroid_Bounds_Seq0019.ome0013.tif,1024
-2,0.0,0.0,0.20999999999999375,0.0,0.6899999999999835,PointO24_0005_ChannelSYTO_Spheroid_Bounds_Seq0019.ome0014.tif,0,15,12,1024,334,0.0,0.004588816523859703,0.0,-1.1196670640926467,b'eLuEO5CAG02JNE+J/kYmoLRoSkRitNTLz00FJUq9ksw0cBEG8xAwyEAOxSwhQQywj+xsEEVMUGoalYo4kBvANoNocJQAGeDoxFm40aSoVQBFR3FBYnIquaYBAwi5qIaabaOPLGgDKcB1jWz0oUW5PqpvgAI4fA1K8XYAkyEWOg==',2b6c4409b978daffa7f39bc37bb6700c,file:/share/data/cellprofiler/christa/20230905_190025_768/mod/PointO24_0005_ChannelSYTO_Spheroid_Bounds_Seq0019.ome0014.tif,0,0019,0,O24,nan,0014,0,0,0,0,0,/share/data/cellprofiler/christa/20230905_190025_768/mod,Done,65535,0,file:/share/data/cellprofiler/christa/20230905_190025_768/mod/PointO24_0005_ChannelSYTO_Spheroid_Bounds_Seq0019.ome0014.tif,1024
-2,0.0,0.0,0.27000000000001023,0.0,0.7099999999999937,PointO24_0005_ChannelSYTO_Spheroid_Bounds_Seq0019.ome0015.tif,0,16,12,1024,335,0.0,0.005890032132927733,0.0,-1.2013675208982137,b'eLuEO5CAG02JNE+J/kYmoLRoSkRitNTLz00F0qZ6JZlp4CIM5iFgkIEcillCghhgH9nZIIqYoNQ0KhVxIDeAbQbR4CgBMsDRibNwo0lRqwCKjuKCxORUck0DBhByUQ0120YfWdAGUoDrGtnoQ4tyfVTfAAVw+BqU4u0AlNkWOw==',ca6d483607be403ab37ed2ca8b2bbf2b,file:/share/data/cellprofiler/christa/20230905_190025_768/mod/PointO24_0005_ChannelSYTO_Spheroid_Bounds_Seq0019.ome0015.tif,0,0019,0,O24,nan,0015,0,0,0,0,0,/share/data/cellprofiler/christa/20230905_190025_768/mod,Done,65535,0,file:/share/data/cellprofiler/christa/20230905_190025_768/mod/PointO24_0005_ChannelSYTO_Spheroid_Bounds_Seq0019.ome0015.tif,1024
-2,0.0,0.0,0.21000000000000796,0.0,0.6700000000000017,PointO24_0005_ChannelSYTO_Spheroid_Bounds_Seq0019.ome0016.tif,0,17,12,1024,336,0.0,0.007666824858037946,0.0,-1.354010819993304,b'eLuEO5CAG02JNE+J/kYmoLRoSkRitNTLz00F0mZ6JZlp4CIM5iFgkIEcillCghhgH9nZIIqYoNQ0KhVxIDeAbQbR4CgBMsDRibNwo0lRqwCKjuKCxORUck0DBhByUQ0120YfWdAGUoDrGtnoQ4tyfVTfAAVw+BqU4u0AlpEWPA==',4996f2e820d751b5bca9f29ad524416d,file:/share/data/cellprofiler/christa/20230905_190025_768/mod/PointO24_0005_ChannelSYTO_Spheroid_Bounds_Seq0019.ome0016.tif,0,0019,0,O24,nan,0016,0,0,0,0,0,/share/data/cellprofiler/christa/20230905_190025_768/mod,Done,65535,0,file:/share/data/cellprofiler/christa/20230905_190025_768/mod/PointO24_0005_ChannelSYTO_Spheroid_Bounds_Seq0019.ome0016.tif,1024
-2,0.0,0.0,0.20999999999999375,0.0,0.6099999999999994,PointO24_0005_ChannelSYTO_Spheroid_Bounds_Seq0019.ome0017.tif,0,18,12,1024,337,0.0,0.00975655953550007,0.0,-1.799651093823407,b'eLuEO5CAG02JNE+J/kYmoLRoSkRitNTLz00F0uZ6JZlp4CIM5iFgkIEcillCghhgH9nZIIqYoNQ0KhVxIDeAbQbR4CgBMsDRibNwo0lRqwCKjuKCxORUck0DBhByUQ0120YfWdAGUoDrGtnoQ4tyfVTfAAVw+BqU4u0AmEkWPQ==',f68cd9d07444649590655d0f07f10c48,file:/share/data/cellprofiler/christa/20230905_190025_768/mod/PointO24_0005_ChannelSYTO_Spheroid_Bounds_Seq0019.ome0017.tif,0,0019,0,O24,nan,0017,0,0,0,0,0,/share/data/cellprofiler/christa/20230905_190025_768/mod,Done,65535,0,file:/share/data/cellprofiler/christa/20230905_190025_768/mod/PointO24_0005_ChannelSYTO_Spheroid_Bounds_Seq0019.ome0017.tif,1024
-2,0.0,0.0,0.30000000000001137,0.0,0.5899999999999892,PointO24_0005_ChannelSYTO_Spheroid_Bounds_Seq0019.ome0018.tif,0,19,12,1024,338,0.0,0.015899925282492657,0.0,-2.3633485831994085,b'eLuEO5CAG02JNE+J/kYmoLRoSkRitNTLz00F0hZ6JZlp4CIM5iFgkIEcillCghhgH9nZIIqYoNQ0KhVxIDeAbQbR4CgBMsDRibNwo0lRqwCKjuKCxORUck0DBhByUQ0120YfWdAGUoDrGtnoQ4tyfVTfAAVw+BqU4u0AmgEWPg==',c742af509b2bd05bf4b44589038d7f9f,file:/share/data/cellprofiler/christa/20230905_190025_768/mod/PointO24_0005_ChannelSYTO_Spheroid_Bounds_Seq0019.ome0018.tif,0,0019,0,O24,nan,0018,0,0,0,0,0,/share/data/cellprofiler/christa/20230905_190025_768/mod,Done,65535,0,file:/share/data/cellprofiler/christa/20230905_190025_768/mod/PointO24_0005_ChannelSYTO_Spheroid_Bounds_Seq0019.ome0018.tif,1024
-2,0.0,0.0,0.18000000000000682,0.0,0.6099999999999994,PointO24_0005_ChannelSYTO_Spheroid_Bounds_Seq0019.ome0019.tif,0,20,12,1024,339,0.0,0.021695502191826737,0.0,-2.298621387969962,b'eLuEO5CAG02JNE+J/kYmoLRoSkRitNTLz00F0yWZaeAiDOYhYJCBHIpZQoIYYB/Z2SCKmKDUNCoVcSA3gG0G0eAoATLA0YmzcKNJUasAio7igsTkVHJNAwYQclENNdtGH1nQBlKA6xrZ6EOLcn1U3wAFcPgalOLtAJu5Fj8=',b530b0f15116e6056f3e2ec7a4684407,file:/share/data/cellprofiler/christa/20230905_190025_768/mod/PointO24_0005_ChannelSYTO_Spheroid_Bounds_Seq0019.ome0019.tif,0,0019,0,O24,nan,0019,0,0,0,0,0,/share/data/cellprofiler/christa/20230905_190025_768/mod,Done,65535,0,file:/share/data/cellprofiler/christa/20230905_190025_768/mod/PointO24_0005_ChannelSYTO_Spheroid_Bounds_Seq0019.ome0019.tif,1024
-2,0.0,0.0,0.30999999999998806,0.0,0.6299999999999955,PointO24_0005_ChannelSYTO_Spheroid_Bounds_Seq0019.ome0020.tif,0,21,12,1024,340,0.0,0.021848896319610848,0.0,-2.615212461062426,b'eLuEO5CAG02JNE+J/kYmoLRoSkRitNTLz00FmmCgV5KZBi7CYB4CBhnIoZglJIgB9pGdDaKICUpNo1IRB3ID2GYQDY4SIAMcnTgLN5oUtQqg6CguSExOJdc0YAAhF9VQs230kQVtIAW4rpGNPrQo10f1DVAAh69BKd4OAI36Fjc=',6ef231b0404c753f2fd59ce9dfc270f1,file:/share/data/cellprofiler/christa/20230905_190025_768/mod/PointO24_0005_ChannelSYTO_Spheroid_Bounds_Seq0019.ome0020.tif,0,0019,0,O24,nan,0020,0,0,0,0,0,/share/data/cellprofiler/christa/20230905_190025_768/mod,Done,65535,0,file:/share/data/cellprofiler/christa/20230905_190025_768/mod/PointO24_0005_ChannelSYTO_Spheroid_Bounds_Seq0019.ome0020.tif,1024
-2,0.0,0.0,0.18000000000000682,0.0,0.6599999999999824,PointO24_0005_ChannelSYTO_Spheroid_Bounds_Seq0019.ome0021.tif,0,22,12,1024,341,0.0,0.021118497325627886,0.0,-2.7198521345290727,b'eLuEO5CAG02JNE+J/kYmoLRoSkRitNTLz00FmmCoV5KZBi7CYB4CBhnIoZglJIgB9pGdDaKICUpNo1IRB3ID2GYQDY4SIAMcnTgLN5oUtQqg6CguSExOJdc0YAAhF9VQs230kQVtIAW4rpGNPrQo10f1DVAAh69BKd4OAI+yFjg=',d48c29dc1dc1d60dccb7a774164c4f6c,file:/share/data/cellprofiler/christa/20230905_190025_768/mod/PointO24_0005_ChannelSYTO_Spheroid_Bounds_Seq0019.ome0021.tif,0,0019,0,O24,nan,0021,0,0,0,0,0,/share/data/cellprofiler/christa/20230905_190025_768/mod,Done,65535,0,file:/share/data/cellprofiler/christa/20230905_190025_768/mod/PointO24_0005_ChannelSYTO_Spheroid_Bounds_Seq0019.ome0021.tif,1024
-2,0.0,0.0,0.19999999999998863,0.0,0.6400000000000006,PointO24_0005_ChannelSYTO_Spheroid_Bounds_Seq0019.ome0022.tif,0,23,12,1024,342,0.0,0.02001855897921339,0.0,-2.570283826543054,b'eLuEO5CAG02JNE+J/kYmoLRoSkRitNTLz00FmmCkV5KZBi7CYB4CBhnIoZglJIgB9pGdDaKICUpNo1IRB3ID2GYQDY4SIAMcnTgLN5oUtQqg6CguSExOJdc0YAAhF9VQs230kQVtIAW4rpGNPrQo10f1DVAAh69BKd4OAJFqFjk=',b55b0c41bdacc96b5b5566589275099a,file:/share/data/cellprofiler/christa/20230905_190025_768/mod/PointO24_0005_ChannelSYTO_Spheroid_Bounds_Seq0019.ome0022.tif,0,0019,0,O24,nan,0022,0,0,0,0,0,/share/data/cellprofiler/christa/20230905_190025_768/mod,Done,65535,0,file:/share/data/cellprofiler/christa/20230905_190025_768/mod/PointO24_0005_ChannelSYTO_Spheroid_Bounds_Seq0019.ome0022.tif,1024
-2,0.0,0.0,0.18999999999999773,0.0,0.6000000000000085,PointO24_0005_ChannelSYTO_Spheroid_Bounds_Seq0019.ome0023.tif,0,24,12,1024,343,0.0,0.018782302659437318,0.0,-2.237848823150261,b'eLuEO5CAG02JNE+J/kYmoLRoSkRitNTLz00FmmCsV5KZBi7CYB4CBhnIoZglJIgB9pGdDaKICUpNo1IRB3ID2GYQDY4SIAMcnTgLN5oUtQqg6CguSExOJdc0YAAhF9VQs230kQVtIAW4rpGNPrQo10f1DVAAh69BKd4OAJMiFjo=',5073ba4ab0f1e26a2de9712656d511a5,file:/share/data/cellprofiler/christa/20230905_190025_768/mod/PointO24_0005_ChannelSYTO_Spheroid_Bounds_Seq0019.ome0023.tif,0,0019,0,O24,nan,0023,0,0,0,0,0,/share/data/cellprofiler/christa/20230905_190025_768/mod,Done,65535,0,file:/share/data/cellprofiler/christa/20230905_190025_768/mod/PointO24_0005_ChannelSYTO_Spheroid_Bounds_Seq0019.ome0023.tif,1024
-2,0.0,0.0,0.20000000000000284,0.0,0.6100000000000136,PointO24_0005_ChannelSYTO_Spheroid_Bounds_Seq0019.ome0024.tif,0,25,12,1024,344,0.0,0.01743074101325121,0.0,-1.8541580271017641,b'eLuEO5CAG02JNE+J/kYmoLRoSkRitNTLz00FmmCiV5KZBi7CYB4CBhnIoZglJIgB9pGdDaKICUpNo1IRB3ID2GYQDY4SIAMcnTgLN5oUtQqg6CguSExOJdc0YAAhF9VQs230kQVtIAW4rpGNPrQo10f1DVAAh69BKd4OAJTaFjs=',feba899ef0e7bc70206fd5eee302fa17,file:/share/data/cellprofiler/christa/20230905_190025_768/mod/PointO24_0005_ChannelSYTO_Spheroid_Bounds_Seq0019.ome0024.tif,0,0019,0,O24,nan,0024,0,0,0,0,0,/share/data/cellprofiler/christa/20230905_190025_768/mod,Done,65535,0,file:/share/data/cellprofiler/christa/20230905_190025_768/mod/PointO24_0005_ChannelSYTO_Spheroid_Bounds_Seq0019.ome0024.tif,1024
-2,0.0,0.0,0.20000000000000284,0.0,0.7299999999999898,PointO24_0005_ChannelSYTO_Spheroid_Bounds_Seq0019.ome0025.tif,0,26,12,1024,345,0.0,0.01581140075355629,0.0,-1.4274946705571512,b'eLuEO5CAG02JNE+J/kYmoLRoSkRitNTLz00FmaBXkpkGLsJgHgIGGcihmCUkiAH2kZ0NoogJSk2jUhEHcgPYZhANjhIgAxydOAs3mhS1CqDoKC5ITE4l1zRgACEX1VCzbfSRBW0gBbiukY0+tCjXR/UNUACHr0Ep3g4AlpIWPA==',7fd503cddeafbbdddf73d68c0e2aaa1a,file:/share/data/cellprofiler/christa/20230905_190025_768/mod/PointO24_0005_ChannelSYTO_Spheroid_Bounds_Seq0019.ome0025.tif,0,0019,0,O24,nan,0025,0,0,0,0,0,/share/data/cellprofiler/christa/20230905_190025_768/mod,Done,65535,0,file:/share/data/cellprofiler/christa/20230905_190025_768/mod/PointO24_0005_ChannelSYTO_Spheroid_Bounds_Seq0019.ome0025.tif,1024
-2,0.0,0.0,0.20999999999999375,0.0,0.6599999999999824,PointO24_0005_ChannelSYTO_Spheroid_Bounds_Seq0019.ome0026.tif,0,27,12,1024,346,0.0,0.014000570465869963,0.0,-1.0424911231789245,b'eLuEO5CAG02JNE+J/kYmoLRoSkRitNTLz00FmmCmV5KZBi7CYB4CBhnIoZglJIgB9pGdDaKICUpNo1IRB3ID2GYQDY4SIAMcnTgLN5oUtQqg6CguSExOJdc0YAAhF9VQs230kQVtIAW4rpGNPrQo10f1DVAAh69BKd4OAJhKFj0=',cbca936ccd0c7c0c1399384318b69853,file:/share/data/cellprofiler/christa/20230905_190025_768/mod/PointO24_0005_ChannelSYTO_Spheroid_Bounds_Seq0019.ome0026.tif,0,0019,0,O24,nan,0026,0,0,0,0,0,/share/data/cellprofiler/christa/20230905_190025_768/mod,Done,65535,0,file:/share/data/cellprofiler/christa/20230905_190025_768/mod/PointO24_0005_ChannelSYTO_Spheroid_Bounds_Seq0019.ome0026.tif,1024
-2,0.0,0.0,0.25,0.0,0.6999999999999886,PointO24_0005_ChannelSYTO_Spheroid_Bounds_Seq0019.ome0027.tif,0,28,12,1024,347,0.0,0.01227564429665851,0.0,-0.797092108116977,b'eLuEO5CAG02JNE+J/kYmoLRoSkRitNTLz00FmmCuV5KZBi7CYB4CBhnIoZglJIgB9pGdDaKICUpNo1IRB3ID2GYQDY4SIAMcnTgLN5oUtQqg6CguSExOJdc0YAAhF9VQs230kQVtIAW4rpGNPrQo10f1DVAAh69BKd4OAJoCFj4=',96fc939866c1acb5acb4180c3f57263b,file:/share/data/cellprofiler/christa/20230905_190025_768/mod/PointO24_0005_ChannelSYTO_Spheroid_Bounds_Seq0019.ome0027.tif,0,0019,0,O24,nan,0027,0,0,0,0,0,/share/data/cellprofiler/christa/20230905_190025_768/mod,Done,65535,0,file:/share/data/cellprofiler/christa/20230905_190025_768/mod/PointO24_0005_ChannelSYTO_Spheroid_Bounds_Seq0019.ome0027.tif,1024
-2,0.0,0.0,0.1599999999999966,0.0,0.6899999999999977,PointO24_0005_ChannelSYTO_Spheroid_Bounds_Seq0019.ome0028.tif,0,29,12,1024,348,0.0,0.010337690619396898,0.0,-0.7417335046390117,b'eLuEO5CAG02JNE+J/kYmoLRoSkRitNTLz00FmmChV5KZBi7CYB4CBhnIoZglJIgB9pGdDaKICUpNo1IRB3ID2GYQDY4SIAMcnTgLN5oUtQqg6CguSExOJdc0YAAhF9VQs230kQVtIAW4rpGNPrQo10f1DVAAh69BKd4OAJu6Fj8=',0e3c56bdfd20a1dd20374715564a0660,file:/share/data/cellprofiler/christa/20230905_190025_768/mod/PointO24_0005_ChannelSYTO_Spheroid_Bounds_Seq0019.ome0028.tif,0,0019,0,O24,nan,0028,0,0,0,0,0,/share/data/cellprofiler/christa/20230905_190025_768/mod,Done,65535,0,file:/share/data/cellprofiler/christa/20230905_190025_768/mod/PointO24_0005_ChannelSYTO_Spheroid_Bounds_Seq0019.ome0028.tif,1024
-2,0.0,0.0,0.1799999999999926,0.0,0.6799999999999926,PointP08_0006_ChannelSYTO_Spheroid_Bounds_Seq0020.ome0000.tif,0,1,13,1024,349,0.0,7.369230007849281e-05,0.0,-0.9218525598074472,b'eLuEO5CAG02JNE+JAQbgtGhGOJ0ZGejl56aCykO9ksw0cBEG8xAwyEAOxSwhQQywj+xsEEVMUGoalYo4kBvANoNocJQAGeDoxFm40aSoVQBFR3FBYnIquaYBAwi5qIaabaOPLGgDKcB1jWz0oUW5PqpvgAI4fA1K8XYAhCgWMQ==',f669d30e5ddd860e4be6ff8131cd167e,file:/share/data/cellprofiler/christa/20230905_190025_768/mod/PointP08_0006_ChannelSYTO_Spheroid_Bounds_Seq0020.ome0000.tif,0,0020,0,P08,nan,0000,0,0,0,0,0,/share/data/cellprofiler/christa/20230905_190025_768/mod,Done,65535,0,file:/share/data/cellprofiler/christa/20230905_190025_768/mod/PointP08_0006_ChannelSYTO_Spheroid_Bounds_Seq0020.ome0000.tif,1024
-2,0.0,0.0,0.20999999999999375,0.0,0.5999999999999943,PointP08_0006_ChannelSYTO_Spheroid_Bounds_Seq0020.ome0001.tif,0,2,13,1024,350,0.0,8.761475416383085e-05,0.0,-0.9264890627643062,b'eLuEO5CAG02JNE+JAQbgtGhGOJ0ZGejl56YC1RrqlWSmgYswmIeAQQZyKGYJCWKAfWRngyhiglLTqFTEgdwAthlEg6MEyABHJ87CjSZFrQIoOooLEpNTyTUNGEDIRTXUbBt9ZEEbSAGua2SjDy3K9VF9AxTA4WtQircDAIXgFjI=',ecf0942e791e7c33bdaef65b8c5e4c98,file:/share/data/cellprofiler/christa/20230905_190025_768/mod/PointP08_0006_ChannelSYTO_Spheroid_Bounds_Seq0020.ome0001.tif,0,0020,0,P08,nan,0001,0,0,0,0,0,/share/data/cellprofiler/christa/20230905_190025_768/mod,Done,65535,0,file:/share/data/cellprofiler/christa/20230905_190025_768/mod/PointP08_0006_ChannelSYTO_Spheroid_Bounds_Seq0020.ome0001.tif,1024
-2,0.0,0.0,0.21000000000000796,0.0,0.6700000000000017,PointP08_0006_ChannelSYTO_Spheroid_Bounds_Seq0020.ome0002.tif,0,3,13,1024,351,0.0,0.00010584689157023583,0.0,-0.9167851361621153,b'eLuEO5CAG02JNE+JAQbgtGhGOJ0ZGejl56YC1RrplWSmgYswmIeAQQZyKGYJCWKAfWRngyhiglLTqFTEgdwAthlEg6MEyABHJ87CjSZFrQIoOooLEpNTyTUNGEDIRTXUbBt9ZEEbSAGua2SjDy3K9VF9AxTA4WtQircDAIeYFjM=',d918d576c45c81e2bde53c32d628bc29,file:/share/data/cellprofiler/christa/20230905_190025_768/mod/PointP08_0006_ChannelSYTO_Spheroid_Bounds_Seq0020.ome0002.tif,0,0020,0,P08,nan,0002,0,0,0,0,0,/share/data/cellprofiler/christa/20230905_190025_768/mod,Done,65535,0,file:/share/data/cellprofiler/christa/20230905_190025_768/mod/PointP08_0006_ChannelSYTO_Spheroid_Bounds_Seq0020.ome0002.tif,1024
-2,0.0,0.0,0.21999999999999886,0.0,0.769999999999996,PointP08_0006_ChannelSYTO_Spheroid_Bounds_Seq0020.ome0003.tif,0,4,13,1024,352,0.0,0.00012930788144557706,0.0,-0.9084771830110157,b'eLuEO5CAG02JNE+JAQbgtGhGOJ0ZGejl56YC1RrrlWSmgYswmIeAQQZyKGYJCWKAfWRngyhiglLTqFTEgdwAthlEg6MEyABHJ87CjSZFrQIoOooLEpNTyTUNGEDIRTXUbBt9ZEEbSAGua2SjDy3K9VF9AxTA4WtQircDAIlQFjQ=',6c414a3a92d8ad9bb7689ac6d704a013,file:/share/data/cellprofiler/christa/20230905_190025_768/mod/PointP08_0006_ChannelSYTO_Spheroid_Bounds_Seq0020.ome0003.tif,0,0020,0,P08,nan,0003,0,0,0,0,0,/share/data/cellprofiler/christa/20230905_190025_768/mod,Done,65535,0,file:/share/data/cellprofiler/christa/20230905_190025_768/mod/PointP08_0006_ChannelSYTO_Spheroid_Bounds_Seq0020.ome0003.tif,1024
-2,0.0,0.0,0.20999999999999375,0.0,0.6899999999999977,PointP08_0006_ChannelSYTO_Spheroid_Bounds_Seq0020.ome0004.tif,0,5,13,1024,353,0.0,0.00015963814044880849,0.0,-0.9228276398126429,b'eLuEO5CAG02JNE+JAQbgtGhGOJ0ZGejl56YC1ZrolWSmgYswmIeAQQZyKGYJCWKAfWRngyhiglLTqFTEgdwAthlEg6MEyABHJ87CjSZFrQIoOooLEpNTyTUNGEDIRTXUbBt9ZEEbSAGua2SjDy3K9VF9AxTA4WtQircDAIsIFjU=',9fc74376044922409a868b2baee046ef,file:/share/data/cellprofiler/christa/20230905_190025_768/mod/PointP08_0006_ChannelSYTO_Spheroid_Bounds_Seq0020.ome0004.tif,0,0020,0,P08,nan,0004,0,0,0,0,0,/share/data/cellprofiler/christa/20230905_190025_768/mod,Done,65535,0,file:/share/data/cellprofiler/christa/20230905_190025_768/mod/PointP08_0006_ChannelSYTO_Spheroid_Bounds_Seq0020.ome0004.tif,1024
-2,0.0,0.0,0.28000000000000114,0.0,0.6700000000000017,PointP08_0006_ChannelSYTO_Spheroid_Bounds_Seq0020.ome0005.tif,0,6,13,1024,354,0.0,0.00020074003474225262,0.0,-0.9227383126809695,b'eLuEO5CAG02JNE+JAQbgtGhGOJ0ZGejl56YC1ZrqlWSmgYswmIeAQQZyKGYJCWKAfWRngyhiglLTqFTEgdwAthlEg6MEyABHJ87CjSZFrQIoOooLEpNTyTUNGEDIRTXUbBt9ZEEbSAGua2SjDy3K9VF9AxTA4WtQircDAIzAFjY=',d1d973e6dff163ab42e2bf8a86b68cb9,file:/share/data/cellprofiler/christa/20230905_190025_768/mod/PointP08_0006_ChannelSYTO_Spheroid_Bounds_Seq0020.ome0005.tif,0,0020,0,P08,nan,0005,0,0,0,0,0,/share/data/cellprofiler/christa/20230905_190025_768/mod,Done,65535,0,file:/share/data/cellprofiler/christa/20230905_190025_768/mod/PointP08_0006_ChannelSYTO_Spheroid_Bounds_Seq0020.ome0005.tif,1024
-2,0.0,0.0,0.3399999999999892,0.0,0.5999999999999943,PointP08_0006_ChannelSYTO_Spheroid_Bounds_Seq0020.ome0006.tif,0,7,13,1024,355,0.0,0.00025526509567245885,0.0,-0.9189376770143094,b'eLuEO5CAG02JNE+JAQbgtGhGOJ0ZGejl56aC1OqVZKaBizCYh4BBBnIoZgkJYoB9ZGeDKGKCUtOoVMSB3AC2GUSDowTIAEcnzsKNJkWtAig6igsSk1PJNQ0YQMhFNdRsG31kQRtIAa5rZKMPLcr1UX0DFMDha1CKtwMAjngWNw==',884633470618e3ff0a63ba99c017d2cd,file:/share/data/cellprofiler/christa/20230905_190025_768/mod/PointP08_0006_ChannelSYTO_Spheroid_Bounds_Seq0020.ome0006.tif,0,0020,0,P08,nan,0006,0,0,0,0,0,/share/data/cellprofiler/christa/20230905_190025_768/mod,Done,65535,0,file:/share/data/cellprofiler/christa/20230905_190025_768/mod/PointP08_0006_ChannelSYTO_Spheroid_Bounds_Seq0020.ome0006.tif,1024
-2,0.0,0.0,0.3200000000000074,0.0,0.6900000000000119,PointP08_0006_ChannelSYTO_Spheroid_Bounds_Seq0020.ome0007.tif,0,8,13,1024,356,0.0,0.00032011613860899457,0.0,-0.9206010831686247,b'eLuEO5CAG02JNE+JAQbgtGhGOJ0ZGejl56YC1ZrrlWSmgYswmIeAQQZyKGYJCWKAfWRngyhiglLTqFTEgdwAthlEg6MEyABHJ87CjSZFrQIoOooLEpNTyTUNGEDIRTXUbBt9ZEEbSAGua2SjDy3K9VF9AxTA4WtQircDAJAwFjg=',f3124f646036b703ef0631619fc01bd1,file:/share/data/cellprofiler/christa/20230905_190025_768/mod/PointP08_0006_ChannelSYTO_Spheroid_Bounds_Seq0020.ome0007.tif,0,0020,0,P08,nan,0007,0,0,0,0,0,/share/data/cellprofiler/christa/20230905_190025_768/mod,Done,65535,0,file:/share/data/cellprofiler/christa/20230905_190025_768/mod/PointP08_0006_ChannelSYTO_Spheroid_Bounds_Seq0020.ome0007.tif,1024
-2,0.0,0.0,0.21999999999998465,0.0,0.6600000000000108,PointP08_0006_ChannelSYTO_Spheroid_Bounds_Seq0020.ome0008.tif,0,9,13,1024,357,0.0,0.00040547813257794127,0.0,-0.9195592380617967,b'eLuEO5CAG02JNE+JAQbgtGhGOJ0ZGejl56aCykS9ksw0cBEG8xAwyEAOxSwhQQywj+xsEEVMUGoalYo4kBvANoNocJQAGeDoxFm40aSoVQBFR3FBYnIquaYBAwi5qIaabaOPLGgDKcB1jWz0oUW5PqpvgAI4fA1K8XYAkegWOQ==',1f918a6d540f42c3fd3752f632595424,file:/share/data/cellprofiler/christa/20230905_190025_768/mod/PointP08_0006_ChannelSYTO_Spheroid_Bounds_Seq0020.ome0008.tif,0,0020,0,P08,nan,0008,0,0,0,0,0,/share/data/cellprofiler/christa/20230905_190025_768/mod,Done,65535,0,file:/share/data/cellprofiler/christa/20230905_190025_768/mod/PointP08_0006_ChannelSYTO_Spheroid_Bounds_Seq0020.ome0008.tif,1024
-2,0.0,0.0,0.20999999999999375,0.0,0.730000000000004,PointP08_0006_ChannelSYTO_Spheroid_Bounds_Seq0020.ome0009.tif,0,10,13,1024,358,0.0,0.0005277139765924186,0.0,-0.9229030196525386,b'eLuEO5CAG02JNE+JAQbgtGhGOJ0ZGejl56YC1VrqlWSmgYswmIeAQQZyKGYJCWKAfWRngyhiglLTqFTEgdwAthlEg6MEyABHJ87CjSZFrQIoOooLEpNTyTUNGEDIRTXUbBt9ZEEbSAGua2SjDy3K9VF9AxTA4WtQircDAJOgFjo=',86b9f3e7a769f85a6c5652c7266ad9a2,file:/share/data/cellprofiler/christa/20230905_190025_768/mod/PointP08_0006_ChannelSYTO_Spheroid_Bounds_Seq0020.ome0009.tif,0,0020,0,P08,nan,0009,0,0,0,0,0,/share/data/cellprofiler/christa/20230905_190025_768/mod,Done,65535,0,file:/share/data/cellprofiler/christa/20230905_190025_768/mod/PointP08_0006_ChannelSYTO_Spheroid_Bounds_Seq0020.ome0009.tif,1024
-2,0.0,0.0,0.269999999999996,0.0,0.6200000000000045,PointP08_0006_ChannelSYTO_Spheroid_Bounds_Seq0020.ome0010.tif,0,11,13,1024,359,0.0,0.0006850605465876719,0.0,-0.9166076322264853,b'eLuEO5CAG02JNE+JAQbgtGhGOJ0ZGejl56YCE6WBXklmGrgIg3kIGGQgh2KWkCAG2Ed2NogiJig1jUpFHMgNYJtBNDhKgAxwdOIs3GhS1CqAoqO4IDE5lVzTgAGEXFRDzbbRRxa0gRTgukY2+tCiXB/VN0ABHL4GpXg7AIXhFjI=',8b9fad290d296d69e38af4d3167006ae,file:/share/data/cellprofiler/christa/20230905_190025_768/mod/PointP08_0006_ChannelSYTO_Spheroid_Bounds_Seq0020.ome0010.tif,0,0020,0,P08,nan,0010,0,0,0,0,0,/share/data/cellprofiler/christa/20230905_190025_768/mod,Done,65535,0,file:/share/data/cellprofiler/christa/20230905_190025_768/mod/PointP08_0006_ChannelSYTO_Spheroid_Bounds_Seq0020.ome0010.tif,1024
-2,0.0,0.0,0.22999999999998977,0.0,0.5999999999999943,PointP08_0006_ChannelSYTO_Spheroid_Bounds_Seq0020.ome0011.tif,0,12,13,1024,360,0.0,0.0009228096112574064,0.0,-0.9296208866716025,b'eLuEO5CAG02JNE+JAQbgtGhGOJ0ZGejl56YCE6WhXklmGrgIg3kIGGQgh2KWkCAG2Ed2NogiJig1jUpFHMgNYJtBNDhKgAxwdOIs3GhS1CqAoqO4IDE5lVzTgAGEXFRDzbbRRxa0gRTgukY2+tCiXB/VN0ABHL4GpXg7AIeZFjM=',18adc27f61ead93a2890be98f00853f6,file:/share/data/cellprofiler/christa/20230905_190025_768/mod/PointP08_0006_ChannelSYTO_Spheroid_Bounds_Seq0020.ome0011.tif,0,0020,0,P08,nan,0011,0,0,0,0,0,/share/data/cellprofiler/christa/20230905_190025_768/mod,Done,65535,0,file:/share/data/cellprofiler/christa/20230905_190025_768/mod/PointP08_0006_ChannelSYTO_Spheroid_Bounds_Seq0020.ome0011.tif,1024
-2,0.0,0.0,0.2500000000000142,0.0,0.7199999999999847,PointP08_0006_ChannelSYTO_Spheroid_Bounds_Seq0020.ome0012.tif,0,13,13,1024,361,0.0,0.0012124513649194465,0.0,-0.9746026361209579,b'eLuEO5CAG02JNE+JAQbgtGhGOJ0ZGejl56YCE6WRXklmGrgIg3kIGGQgh2KWkCAG2Ed2NogiJig1jUpFHMgNYJtBNDhKgAxwdOIs3GhS1CqAoqO4IDE5lVzTgAGEXFRDzbbRRxa0gRTgukY2+tCiXB/VN0ABHL4GpXg7AIlRFjQ=',5b2edfa410bf31a13233816726e7a9be,file:/share/data/cellprofiler/christa/20230905_190025_768/mod/PointP08_0006_ChannelSYTO_Spheroid_Bounds_Seq0020.ome0012.tif,0,0020,0,P08,nan,0012,0,0,0,0,0,/share/data/cellprofiler/christa/20230905_190025_768/mod,Done,65535,0,file:/share/data/cellprofiler/christa/20230905_190025_768/mod/PointP08_0006_ChannelSYTO_Spheroid_Bounds_Seq0020.ome0012.tif,1024
-2,0.0,0.0,0.19999999999998863,0.0,0.7600000000000051,PointP08_0006_ChannelSYTO_Spheroid_Bounds_Seq0020.ome0013.tif,0,14,13,1024,362,0.0,0.0015883392724742912,0.0,-1.0047073129883872,b'eLuEO5CAG02JNE+JAQbgtGhGOJ0ZGejl56YCE6WxXklmGrgIg3kIGGQgh2KWkCAG2Ed2NogiJig1jUpFHMgNYJtBNDhKgAxwdOIs3GhS1CqAoqO4IDE5lVzTgAGEXFRDzbbRRxa0gRTgukY2+tCiXB/VN0ABHL4GpXg7AIsJFjU=',713e8c7f85eb657d760d9e56612b8a00,file:/share/data/cellprofiler/christa/20230905_190025_768/mod/PointP08_0006_ChannelSYTO_Spheroid_Bounds_Seq0020.ome0013.tif,0,0020,0,P08,nan,0013,0,0,0,0,0,/share/data/cellprofiler/christa/20230905_190025_768/mod,Done,65535,0,file:/share/data/cellprofiler/christa/20230905_190025_768/mod/PointP08_0006_ChannelSYTO_Spheroid_Bounds_Seq0020.ome0013.tif,1024
-2,0.0,0.0,0.25,0.0,0.6400000000000006,PointP08_0006_ChannelSYTO_Spheroid_Bounds_Seq0020.ome0014.tif,0,15,13,1024,363,0.0,0.0021023542329702757,0.0,-1.0662280153484702,b'eLuEO5CAG02JNE+JAQbgtGhGOJ0ZGejl56aCEqVeSWYauAiDeQgYZCCHYpaQIAbYR3Y2iCImKDWNSkUcyA1gm0E0OEqADHB04izcaFLUKoCio7ggMTmVXNOAAYRcVEPNttFHFrSBFOC6Rjb60KJcH9U3QAEcvgaleDsAjMEWNg==',9e4aa05cc10ef12aea0c6fcc433b5e2e,file:/share/data/cellprofiler/christa/20230905_190025_768/mod/PointP08_0006_ChannelSYTO_Spheroid_Bounds_Seq0020.ome0014.tif,0,0020,0,P08,nan,0014,0,0,0,0,0,/share/data/cellprofiler/christa/20230905_190025_768/mod,Done,65535,0,file:/share/data/cellprofiler/christa/20230905_190025_768/mod/PointP08_0006_ChannelSYTO_Spheroid_Bounds_Seq0020.ome0014.tif,1024
-2,0.0,0.0,0.2400000000000091,0.0,0.5800000000000125,PointP08_0006_ChannelSYTO_Spheroid_Bounds_Seq0020.ome0015.tif,0,16,13,1024,364,0.0,0.0027310584851278816,0.0,-1.2099633878691765,b'eLuEO5CAG02JNE+JAQbgtGhGOJ0ZGejl56YCE6WpXklmGrgIg3kIGGQgh2KWkCAG2Ed2NogiJig1jUpFHMgNYJtBNDhKgAxwdOIs3GhS1CqAoqO4IDE5lVzTgAGEXFRDzbbRRxa0gRTgukY2+tCiXB/VN0ABHL4GpXg7AI55Fjc=',b9e3c17c6e1fd675a39c1e0a95e575ac,file:/share/data/cellprofiler/christa/20230905_190025_768/mod/PointP08_0006_ChannelSYTO_Spheroid_Bounds_Seq0020.ome0015.tif,0,0020,0,P08,nan,0015,0,0,0,0,0,/share/data/cellprofiler/christa/20230905_190025_768/mod,Done,65535,0,file:/share/data/cellprofiler/christa/20230905_190025_768/mod/PointP08_0006_ChannelSYTO_Spheroid_Bounds_Seq0020.ome0015.tif,1024
-2,0.0,0.0,0.18999999999998352,0.0,0.5799999999999983,PointP08_0006_ChannelSYTO_Spheroid_Bounds_Seq0020.ome0016.tif,0,17,13,1024,365,0.0,0.0035247052983276095,0.0,-1.4482034601319937,b'eLuEO5CAG02JNE+JAQbgtGhGOJ0ZGejl56YCE6WZXklmGrgIg3kIGGQgh2KWkCAG2Ed2NogiJig1jUpFHMgNYJtBNDhKgAxwdOIs3GhS1CqAoqO4IDE5lVzTgAGEXFRDzbbRRxa0gRTgukY2+tCiXB/VN0ABHL4GpXg7AJAxFjg=',69aa9bd9c8c926e73faaa043606fc985,file:/share/data/cellprofiler/christa/20230905_190025_768/mod/PointP08_0006_ChannelSYTO_Spheroid_Bounds_Seq0020.ome0016.tif,0,0020,0,P08,nan,0016,0,0,0,0,0,/share/data/cellprofiler/christa/20230905_190025_768/mod,Done,65535,0,file:/share/data/cellprofiler/christa/20230905_190025_768/mod/PointP08_0006_ChannelSYTO_Spheroid_Bounds_Seq0020.ome0016.tif,1024
-2,0.0,0.0,0.19999999999998863,0.0,0.5699999999999932,PointP08_0006_ChannelSYTO_Spheroid_Bounds_Seq0020.ome0017.tif,0,18,13,1024,366,0.0,0.004487014436593469,0.0,-1.6711859611370015,b'eLuEO5CAG02JNE+JAQbgtGhGOJ0ZGejl56YCE6W5XklmGrgIg3kIGGQgh2KWkCAG2Ed2NogiJig1jUpFHMgNYJtBNDhKgAxwdOIs3GhS1CqAoqO4IDE5lVzTgAGEXFRDzbbRRxa0gRTgukY2+tCiXB/VN0ABHL4GpXg7AJHpFjk=',80ac60efb0c0ecf73fa08941cf7013dd,file:/share/data/cellprofiler/christa/20230905_190025_768/mod/PointP08_0006_ChannelSYTO_Spheroid_Bounds_Seq0020.ome0017.tif,0,0020,0,P08,nan,0017,0,0,0,0,0,/share/data/cellprofiler/christa/20230905_190025_768/mod,Done,65535,0,file:/share/data/cellprofiler/christa/20230905_190025_768/mod/PointP08_0006_ChannelSYTO_Spheroid_Bounds_Seq0020.ome0017.tif,1024
-2,0.0,0.0,0.19000000000001194,0.0,0.5899999999999892,PointP08_0006_ChannelSYTO_Spheroid_Bounds_Seq0020.ome0018.tif,0,19,13,1024,367,0.0,0.010961382070217783,0.0,-2.0200932547524726,b'eLuEO5CAG02JNE+JAQbgtGhGOJ0ZGejl56YCE6WFXklmGrgIg3kIGGQgh2KWkCAG2Ed2NogiJig1jUpFHMgNYJtBNDhKgAxwdOIs3GhS1CqAoqO4IDE5lVzTgAGEXFRDzbbRRxa0gRTgukY2+tCiXB/VN0ABHL4GpXg7AJOhFjo=',9848e4650963bc3926f00ef0d2b62e28,file:/share/data/cellprofiler/christa/20230905_190025_768/mod/PointP08_0006_ChannelSYTO_Spheroid_Bounds_Seq0020.ome0018.tif,0,0020,0,P08,nan,0018,0,0,0,0,0,/share/data/cellprofiler/christa/20230905_190025_768/mod,Done,65535,0,file:/share/data/cellprofiler/christa/20230905_190025_768/mod/PointP08_0006_ChannelSYTO_Spheroid_Bounds_Seq0020.ome0018.tif,1024
-2,0.0,0.0,0.20999999999999375,0.0,0.6700000000000017,PointP08_0006_ChannelSYTO_Spheroid_Bounds_Seq0020.ome0019.tif,0,20,13,1024,368,0.0,0.012469593966579264,0.0,-2.320915540101826,b'eLuEO5CAG02JNE+JAQbgtGhGOJ0ZGejl56YCE6WlXklmGrgIg3kIGGQgh2KWkCAG2Ed2NogiJig1jUpFHMgNYJtBNDhKgAxwdOIs3GhS1CqAoqO4IDE5lVzTgAGEXFRDzbbRRxa0gRTgukY2+tCiXB/VN0ABHL4GpXg7AJVZFjs=',243fa8cd0e461b77dc409e46f07f39c3,file:/share/data/cellprofiler/christa/20230905_190025_768/mod/PointP08_0006_ChannelSYTO_Spheroid_Bounds_Seq0020.ome0019.tif,0,0020,0,P08,nan,0019,0,0,0,0,0,/share/data/cellprofiler/christa/20230905_190025_768/mod,Done,65535,0,file:/share/data/cellprofiler/christa/20230905_190025_768/mod/PointP08_0006_ChannelSYTO_Spheroid_Bounds_Seq0020.ome0019.tif,1024
-2,0.0,0.0,0.18000000000000682,0.0,0.5100000000000051,PointP08_0006_ChannelSYTO_Spheroid_Bounds_Seq0020.ome0020.tif,0,21,13,1024,369,0.0,0.01144521024075032,0.0,-2.570159165134499,b'eLuEO5CAG02JNE+JAQbgtGhGOJ0ZGejl56aC6ZLMNHARBvMQMMhADsUsIUEMsI/sbBBFTFBqGpWKOJAbwDaDaHCUABng6MRZuNGkqFUARUdxQWJyKrmmAQMIuaiGmm2jjyxoAynAdY1s9KFFuT6qb4ACOHwNSvF2AIeaFjM=',26dc1c69a416091c5ec53e041c04af99,file:/share/data/cellprofiler/christa/20230905_190025_768/mod/PointP08_0006_ChannelSYTO_Spheroid_Bounds_Seq0020.ome0020.tif,0,0020,0,P08,nan,0020,0,0,0,0,0,/share/data/cellprofiler/christa/20230905_190025_768/mod,Done,65535,0,file:/share/data/cellprofiler/christa/20230905_190025_768/mod/PointP08_0006_ChannelSYTO_Spheroid_Bounds_Seq0020.ome0020.tif,1024
-2,0.0,0.0,0.20000000000000284,0.0,0.5600000000000023,PointP08_0006_ChannelSYTO_Spheroid_Bounds_Seq0020.ome0021.tif,0,22,13,1024,370,0.0,0.010515503841256022,0.0,-2.6456736331155057,b'eLuEO5CAG02JNE+JAQbgtGhGOJ0ZGejl56YCaUO9ksw0cBEG8xAwyEAOxSwhQQywj+xsEEVMUGoalYo4kBvANoNocJQAGeDoxFm40aSoVQBFR3FBYnIquaYBAwi5qIaabaOPLGgDKcB1jWz0oUW5PqpvgAI4fA1K8XYAiVIWNA==',a8fed7efa481194af9c22426410fcd0f,file:/share/data/cellprofiler/christa/20230905_190025_768/mod/PointP08_0006_ChannelSYTO_Spheroid_Bounds_Seq0020.ome0021.tif,0,0020,0,P08,nan,0021,0,0,0,0,0,/share/data/cellprofiler/christa/20230905_190025_768/mod,Done,65535,0,file:/share/data/cellprofiler/christa/20230905_190025_768/mod/PointP08_0006_ChannelSYTO_Spheroid_Bounds_Seq0020.ome0021.tif,1024
-2,0.0,0.0,0.19999999999998863,0.0,0.5400000000000063,PointP08_0006_ChannelSYTO_Spheroid_Bounds_Seq0020.ome0022.tif,0,23,13,1024,371,0.0,0.00963390192035413,0.0,-2.442854904024379,b'eLuEO5CAG02JNE+JAQbgtGhGOJ0ZGejl56YCaSO9ksw0cBEG8xAwyEAOxSwhQQywj+xsEEVMUGoalYo4kBvANoNocJQAGeDoxFm40aSoVQBFR3FBYnIquaYBAwi5qIaabaOPLGgDKcB1jWz0oUW5PqpvgAI4fA1K8XYAiwoWNQ==',846950f8d0c6cbc64f3420dd0353b6ee,file:/share/data/cellprofiler/christa/20230905_190025_768/mod/PointP08_0006_ChannelSYTO_Spheroid_Bounds_Seq0020.ome0022.tif,0,0020,0,P08,nan,0022,0,0,0,0,0,/share/data/cellprofiler/christa/20230905_190025_768/mod,Done,65535,0,file:/share/data/cellprofiler/christa/20230905_190025_768/mod/PointP08_0006_ChannelSYTO_Spheroid_Bounds_Seq0020.ome0022.tif,1024
-2,0.0,0.0,0.1700000000000017,0.0,0.539999999999992,PointP08_0006_ChannelSYTO_Spheroid_Bounds_Seq0020.ome0023.tif,0,24,13,1024,372,0.0,0.008858040256036022,0.0,-2.0221617621112515,b'eLuEO5CAG02JNE+JAQbgtGhGOJ0ZGejl56YCaWO9ksw0cBEG8xAwyEAOxSwhQQywj+xsEEVMUGoalYo4kBvANoNocJQAGeDoxFm40aSoVQBFR3FBYnIquaYBAwi5qIaabaOPLGgDKcB1jWz0oUW5PqpvgAI4fA1K8XYAjMIWNg==',8d1fc715975184914bf899c08a8396c9,file:/share/data/cellprofiler/christa/20230905_190025_768/mod/PointP08_0006_ChannelSYTO_Spheroid_Bounds_Seq0020.ome0023.tif,0,0020,0,P08,nan,0023,0,0,0,0,0,/share/data/cellprofiler/christa/20230905_190025_768/mod,Done,65535,0,file:/share/data/cellprofiler/christa/20230905_190025_768/mod/PointP08_0006_ChannelSYTO_Spheroid_Bounds_Seq0020.ome0023.tif,1024
-2,0.0,0.0,0.22000000000001307,0.0,0.519999999999996,PointP08_0006_ChannelSYTO_Spheroid_Bounds_Seq0020.ome0024.tif,0,25,13,1024,373,0.0,0.008063199552524195,0.0,-1.5848886089730352,b'eLuEO5CAG02JNE+JAQbgtGhGOJ0ZGejl56YCaRO9ksw0cBEG8xAwyEAOxSwhQQywj+xsEEVMUGoalYo4kBvANoNocJQAGeDoxFm40aSoVQBFR3FBYnIquaYBAwi5qIaabaOPLGgDKcB1jWz0oUW5PqpvgAI4fA1K8XYAjnoWNw==',bbeb669cc01d6ac39c1b23c5fb082c55,file:/share/data/cellprofiler/christa/20230905_190025_768/mod/PointP08_0006_ChannelSYTO_Spheroid_Bounds_Seq0020.ome0024.tif,0,0020,0,P08,nan,0024,0,0,0,0,0,/share/data/cellprofiler/christa/20230905_190025_768/mod,Done,65535,0,file:/share/data/cellprofiler/christa/20230905_190025_768/mod/PointP08_0006_ChannelSYTO_Spheroid_Bounds_Seq0020.ome0024.tif,1024
-2,0.0,0.0,0.20000000000001705,0.0,0.6400000000000148,PointP08_0006_ChannelSYTO_Spheroid_Bounds_Seq0020.ome0025.tif,0,26,13,1024,374,0.0,0.007345979191252152,0.0,-1.1212655315512745,b'eLuEO5CAG02JNE+JAQbgtGhGOJ0ZGejl56aCTNAryUwDF2EwDwGDDORQzBISxAD7yM4GUcQEpaZRqYgDuQFsM4gGRwmQAY5OnIUbTYpaBVB0FBckJqeSaxowgJCLaqjZNvrIgjaQAlzXyEYfWpTro/oGKIDD16AUbwcAkDIWOA==',0714ccebe6b477bce3cb59a79984f3ab,file:/share/data/cellprofiler/christa/20230905_190025_768/mod/PointP08_0006_ChannelSYTO_Spheroid_Bounds_Seq0020.ome0025.tif,0,0020,0,P08,nan,0025,0,0,0,0,0,/share/data/cellprofiler/christa/20230905_190025_768/mod,Done,65535,0,file:/share/data/cellprofiler/christa/20230905_190025_768/mod/PointP08_0006_ChannelSYTO_Spheroid_Bounds_Seq0020.ome0025.tif,1024
-2,0.0,0.0,0.20999999999999375,0.0,0.6800000000000068,PointP08_0006_ChannelSYTO_Spheroid_Bounds_Seq0020.ome0026.tif,0,27,13,1024,375,0.0,0.0065244989920494306,0.0,-0.8070851053699687,b'eLuEO5CAG02JNE+JAQbgtGhGOJ0ZGejl56YCaTO9ksw0cBEG8xAwyEAOxSwhQQywj+xsEEVMUGoalYo4kBvANoNocJQAGeDoxFm40aSoVQBFR3FBYnIquaYBAwi5qIaabaOPLGgDKcB1jWz0oUW5PqpvgAI4fA1K8XYAkeoWOQ==',6b80e6fbd0ba8faf2fb21244fb9f5ce3,file:/share/data/cellprofiler/christa/20230905_190025_768/mod/PointP08_0006_ChannelSYTO_Spheroid_Bounds_Seq0020.ome0026.tif,0,0020,0,P08,nan,0026,0,0,0,0,0,/share/data/cellprofiler/christa/20230905_190025_768/mod,Done,65535,0,file:/share/data/cellprofiler/christa/20230905_190025_768/mod/PointP08_0006_ChannelSYTO_Spheroid_Bounds_Seq0020.ome0026.tif,1024
-2,0.0,0.010000000000005116,0.22999999999998977,0.0,0.6399999999999864,PointP08_0006_ChannelSYTO_Spheroid_Bounds_Seq0020.ome0027.tif,0,28,13,1024,376,0.0,0.005731984221671842,0.0,-0.6438820178059289,b'eLuEO5CAG02JNE+JAQbgtGhGOJ0ZGejl56YCaXO9ksw0cBEG8xAwyEAOxSwhQQywj+xsEEVMUGoalYo4kBvANoNocJQAGeDoxFm40aSoVQBFR3FBYnIquaYBAwi5qIaabaOPLGgDKcB1jWz0oUW5PqpvgAI4fA1K8XYAk6IWOg==',a7d60d0ac485e103130d862e7eeec99e,file:/share/data/cellprofiler/christa/20230905_190025_768/mod/PointP08_0006_ChannelSYTO_Spheroid_Bounds_Seq0020.ome0027.tif,0,0020,0,P08,nan,0027,0,0,0,0,0,/share/data/cellprofiler/christa/20230905_190025_768/mod,Done,65535,0,file:/share/data/cellprofiler/christa/20230905_190025_768/mod/PointP08_0006_ChannelSYTO_Spheroid_Bounds_Seq0020.ome0027.tif,1024
-2,0.0,0.0,0.19000000000001194,0.0,0.5800000000000125,PointP08_0006_ChannelSYTO_Spheroid_Bounds_Seq0020.ome0028.tif,0,29,13,1024,377,0.0,0.004880436051714591,0.0,-0.6023912509035207,b'eLuEO5CAG02JNE+JAQbgtGhGOJ0ZGejl56YCaQu9ksw0cBEG8xAwyEAOxSwhQQywj+xsEEVMUGoalYo4kBvANoNocJQAGeDoxFm40aSoVQBFR3FBYnIquaYBAwi5qIaabaOPLGgDKcB1jWz0oUW5PqpvgAI4fA1K8XYAlVoWOw==',1ef33414500b43219e3f636556ccb4c6,file:/share/data/cellprofiler/christa/20230905_190025_768/mod/PointP08_0006_ChannelSYTO_Spheroid_Bounds_Seq0020.ome0028.tif,0,0020,0,P08,nan,0028,0,0,0,0,0,/share/data/cellprofiler/christa/20230905_190025_768/mod,Done,65535,0,file:/share/data/cellprofiler/christa/20230905_190025_768/mod/PointP08_0006_ChannelSYTO_Spheroid_Bounds_Seq0020.ome0028.tif,1024
-2,0.0,0.0,0.20999999999999375,0.0,0.789999999999992,PointP08_0006_ChannelSYTO_Spheroid_Bounds_Seq0021.ome0000.tif,0,1,14,1024,378,0.0,7.369230007849281e-05,0.0,-0.9218525598074472,b'eLuEO5CAG02JNE+JAQbgtGhGOJ0ZGerl56aCykO9ksw0cBEG8xAwyEAOxSwhQQywj+xsEEVMUGoalYo4kBvANoNocJQAGeDoxFm40aSoVQBFR3FBYnIquaYBAwi5qIaabaOPLGgDKcB1jWz0oUW5PqpvgAI4fA1K8XYAhegWMg==',f669d30e5ddd860e4be6ff8131cd167e,file:/share/data/cellprofiler/christa/20230905_190025_768/mod/PointP08_0006_ChannelSYTO_Spheroid_Bounds_Seq0021.ome0000.tif,0,0021,0,P08,nan,0000,0,0,0,0,0,/share/data/cellprofiler/christa/20230905_190025_768/mod,Done,65535,0,file:/share/data/cellprofiler/christa/20230905_190025_768/mod/PointP08_0006_ChannelSYTO_Spheroid_Bounds_Seq0021.ome0000.tif,1024
-2,0.0,0.0,0.21999999999999886,0.0,0.6800000000000068,PointP08_0006_ChannelSYTO_Spheroid_Bounds_Seq0021.ome0001.tif,0,2,14,1024,379,0.0,8.761475416383085e-05,0.0,-0.9264890627643062,b'eLuEO5CAG02JNE+JAQbgtGhGOJ0ZGerl56YC1RrqlWSmgYswmIeAQQZyKGYJCWKAfWRngyhiglLTqFTEgdwAthlEg6MEyABHJ87CjSZFrQIoOooLEpNTyTUNGEDIRTXUbBt9ZEEbSAGua2SjDy3K9VF9AxTA4WtQircDAIegFjM=',ecf0942e791e7c33bdaef65b8c5e4c98,file:/share/data/cellprofiler/christa/20230905_190025_768/mod/PointP08_0006_ChannelSYTO_Spheroid_Bounds_Seq0021.ome0001.tif,0,0021,0,P08,nan,0001,0,0,0,0,0,/share/data/cellprofiler/christa/20230905_190025_768/mod,Done,65535,0,file:/share/data/cellprofiler/christa/20230905_190025_768/mod/PointP08_0006_ChannelSYTO_Spheroid_Bounds_Seq0021.ome0001.tif,1024
-2,0.0,0.0,0.20000000000000284,0.0,0.6200000000000045,PointP08_0006_ChannelSYTO_Spheroid_Bounds_Seq0021.ome0002.tif,0,3,14,1024,380,0.0,0.00010584689157023583,0.0,-0.9167851361621153,b'eLuEO5CAG02JNE+JAQbgtGhGOJ0ZGerl56YC1RrplWSmgYswmIeAQQZyKGYJCWKAfWRngyhiglLTqFTEgdwAthlEg6MEyABHJ87CjSZFrQIoOooLEpNTyTUNGEDIRTXUbBt9ZEEbSAGua2SjDy3K9VF9AxTA4WtQircDAIlYFjQ=',d918d576c45c81e2bde53c32d628bc29,file:/share/data/cellprofiler/christa/20230905_190025_768/mod/PointP08_0006_ChannelSYTO_Spheroid_Bounds_Seq0021.ome0002.tif,0,0021,0,P08,nan,0002,0,0,0,0,0,/share/data/cellprofiler/christa/20230905_190025_768/mod,Done,65535,0,file:/share/data/cellprofiler/christa/20230905_190025_768/mod/PointP08_0006_ChannelSYTO_Spheroid_Bounds_Seq0021.ome0002.tif,1024
-2,0.0,0.0,0.22999999999998977,0.0,0.6199999999999903,PointP08_0006_ChannelSYTO_Spheroid_Bounds_Seq0021.ome0003.tif,0,4,14,1024,381,0.0,0.00012930788144557706,0.0,-0.9084771830110157,b'eLuEO5CAG02JNE+JAQbgtGhGOJ0ZGerl56YC1RrrlWSmgYswmIeAQQZyKGYJCWKAfWRngyhiglLTqFTEgdwAthlEg6MEyABHJ87CjSZFrQIoOooLEpNTyTUNGEDIRTXUbBt9ZEEbSAGua2SjDy3K9VF9AxTA4WtQircDAIsQFjU=',6c414a3a92d8ad9bb7689ac6d704a013,file:/share/data/cellprofiler/christa/20230905_190025_768/mod/PointP08_0006_ChannelSYTO_Spheroid_Bounds_Seq0021.ome0003.tif,0,0021,0,P08,nan,0003,0,0,0,0,0,/share/data/cellprofiler/christa/20230905_190025_768/mod,Done,65535,0,file:/share/data/cellprofiler/christa/20230905_190025_768/mod/PointP08_0006_ChannelSYTO_Spheroid_Bounds_Seq0021.ome0003.tif,1024
-2,0.0,0.0,0.1799999999999926,0.0,0.6000000000000085,PointP08_0006_ChannelSYTO_Spheroid_Bounds_Seq0021.ome0004.tif,0,5,14,1024,382,0.0,0.00015963814044880849,0.0,-0.9228276398126429,b'eLuEO5CAG02JNE+JAQbgtGhGOJ0ZGerl56YC1ZrolWSmgYswmIeAQQZyKGYJCWKAfWRngyhiglLTqFTEgdwAthlEg6MEyABHJ87CjSZFrQIoOooLEpNTyTUNGEDIRTXUbBt9ZEEbSAGua2SjDy3K9VF9AxTA4WtQircDAIzIFjY=',9fc74376044922409a868b2baee046ef,file:/share/data/cellprofiler/christa/20230905_190025_768/mod/PointP08_0006_ChannelSYTO_Spheroid_Bounds_Seq0021.ome0004.tif,0,0021,0,P08,nan,0004,0,0,0,0,0,/share/data/cellprofiler/christa/20230905_190025_768/mod,Done,65535,0,file:/share/data/cellprofiler/christa/20230905_190025_768/mod/PointP08_0006_ChannelSYTO_Spheroid_Bounds_Seq0021.ome0004.tif,1024
-2,0.0,0.0,0.23999999999999488,0.0,0.6100000000000136,PointP08_0006_ChannelSYTO_Spheroid_Bounds_Seq0021.ome0005.tif,0,6,14,1024,383,0.0,0.00020074003474225262,0.0,-0.9227383126809695,b'eLuEO5CAG02JNE+JAQbgtGhGOJ0ZGerl56YC1ZrqlWSmgYswmIeAQQZyKGYJCWKAfWRngyhiglLTqFTEgdwAthlEg6MEyABHJ87CjSZFrQIoOooLEpNTyTUNGEDIRTXUbBt9ZEEbSAGua2SjDy3K9VF9AxTA4WtQircDAI6AFjc=',d1d973e6dff163ab42e2bf8a86b68cb9,file:/share/data/cellprofiler/christa/20230905_190025_768/mod/PointP08_0006_ChannelSYTO_Spheroid_Bounds_Seq0021.ome0005.tif,0,0021,0,P08,nan,0005,0,0,0,0,0,/share/data/cellprofiler/christa/20230905_190025_768/mod,Done,65535,0,file:/share/data/cellprofiler/christa/20230905_190025_768/mod/PointP08_0006_ChannelSYTO_Spheroid_Bounds_Seq0021.ome0005.tif,1024
-2,0.0,0.0,0.2499999999999858,0.0,0.6599999999999966,PointP08_0006_ChannelSYTO_Spheroid_Bounds_Seq0021.ome0006.tif,0,7,14,1024,384,0.0,0.00025526509567245885,0.0,-0.9189376770143094,b'eLuEO5CAG02JNE+JAQbgtGhGOJ0ZGerl56aC1OqVZKaBizCYh4BBBnIoZgkJYoB9ZGeDKGKCUtOoVMSB3AC2GUSDowTIAEcnzsKNJkWtAig6igsSk1PJNQ0YQMhFNdRsG31kQRtIAa5rZKMPLcr1UX0DFMDha1CKtwMAkDgWOA==',884633470618e3ff0a63ba99c017d2cd,file:/share/data/cellprofiler/christa/20230905_190025_768/mod/PointP08_0006_ChannelSYTO_Spheroid_Bounds_Seq0021.ome0006.tif,0,0021,0,P08,nan,0006,0,0,0,0,0,/share/data/cellprofiler/christa/20230905_190025_768/mod,Done,65535,0,file:/share/data/cellprofiler/christa/20230905_190025_768/mod/PointP08_0006_ChannelSYTO_Spheroid_Bounds_Seq0021.ome0006.tif,1024
-2,0.0,0.0,0.21000000000000796,0.0,0.6299999999999955,PointP08_0006_ChannelSYTO_Spheroid_Bounds_Seq0021.ome0007.tif,0,8,14,1024,385,0.0,0.00032011613860899457,0.0,-0.9206010831686247,b'eLuEO5CAG02JNE+JAQbgtGhGOJ0ZGerl56YC1ZrrlWSmgYswmIeAQQZyKGYJCWKAfWRngyhiglLTqFTEgdwAthlEg6MEyABHJ87CjSZFrQIoOooLEpNTyTUNGEDIRTXUbBt9ZEEbSAGua2SjDy3K9VF9AxTA4WtQircDAJHwFjk=',f3124f646036b703ef0631619fc01bd1,file:/share/data/cellprofiler/christa/20230905_190025_768/mod/PointP08_0006_ChannelSYTO_Spheroid_Bounds_Seq0021.ome0007.tif,0,0021,0,P08,nan,0007,0,0,0,0,0,/share/data/cellprofiler/christa/20230905_190025_768/mod,Done,65535,0,file:/share/data/cellprofiler/christa/20230905_190025_768/mod/PointP08_0006_ChannelSYTO_Spheroid_Bounds_Seq0021.ome0007.tif,1024
-2,0.0,0.0,0.18999999999999773,0.0,0.5799999999999983,PointP08_0006_ChannelSYTO_Spheroid_Bounds_Seq0021.ome0008.tif,0,9,14,1024,386,0.0,0.00040547813257794127,0.0,-0.9195592380617967,b'eLuEO5CAG02JNE+JAQbgtGhGOJ0ZGerl56aCykS9ksw0cBEG8xAwyEAOxSwhQQywj+xsEEVMUGoalYo4kBvANoNocJQAGeDoxFm40aSoVQBFR3FBYnIquaYBAwi5qIaabaOPLGgDKcB1jWz0oUW5PqpvgAI4fA1K8XYAk6gWOg==',1f918a6d540f42c3fd3752f632595424,file:/share/data/cellprofiler/christa/20230905_190025_768/mod/PointP08_0006_ChannelSYTO_Spheroid_Bounds_Seq0021.ome0008.tif,0,0021,0,P08,nan,0008,0,0,0,0,0,/share/data/cellprofiler/christa/20230905_190025_768/mod,Done,65535,0,file:/share/data/cellprofiler/christa/20230905_190025_768/mod/PointP08_0006_ChannelSYTO_Spheroid_Bounds_Seq0021.ome0008.tif,1024
-2,0.0,0.0,0.20999999999999375,0.0,0.5900000000000034,PointP08_0006_ChannelSYTO_Spheroid_Bounds_Seq0021.ome0009.tif,0,10,14,1024,387,0.0,0.0005277139765924186,0.0,-0.9229030196525386,b'eLuEO5CAG02JNE+JAQbgtGhGOJ0ZGerl56YC1VrqlWSmgYswmIeAQQZyKGYJCWKAfWRngyhiglLTqFTEgdwAthlEg6MEyABHJ87CjSZFrQIoOooLEpNTyTUNGEDIRTXUbBt9ZEEbSAGua2SjDy3K9VF9AxTA4WtQircDAJVgFjs=',86b9f3e7a769f85a6c5652c7266ad9a2,file:/share/data/cellprofiler/christa/20230905_190025_768/mod/PointP08_0006_ChannelSYTO_Spheroid_Bounds_Seq0021.ome0009.tif,0,0021,0,P08,nan,0009,0,0,0,0,0,/share/data/cellprofiler/christa/20230905_190025_768/mod,Done,65535,0,file:/share/data/cellprofiler/christa/20230905_190025_768/mod/PointP08_0006_ChannelSYTO_Spheroid_Bounds_Seq0021.ome0009.tif,1024
-2,0.0,0.0,0.23999999999999488,0.0,0.5799999999999841,PointP08_0006_ChannelSYTO_Spheroid_Bounds_Seq0021.ome0010.tif,0,11,14,1024,388,0.0,0.0006850605465876719,0.0,-0.9166076322264853,b'eLuEO5CAG02JNE+JAQbgtGhGOJ0ZGerl56YCE6WBXklmGrgIg3kIGGQgh2KWkCAG2Ed2NogiJig1jUpFHMgNYJtBNDhKgAxwdOIs3GhS1CqAoqO4IDE5lVzTgAGEXFRDzbbRRxa0gRTgukY2+tCiXB/VN0ABHL4GpXg7AIehFjM=',8b9fad290d296d69e38af4d3167006ae,file:/share/data/cellprofiler/christa/20230905_190025_768/mod/PointP08_0006_ChannelSYTO_Spheroid_Bounds_Seq0021.ome0010.tif,0,0021,0,P08,nan,0010,0,0,0,0,0,/share/data/cellprofiler/christa/20230905_190025_768/mod,Done,65535,0,file:/share/data/cellprofiler/christa/20230905_190025_768/mod/PointP08_0006_ChannelSYTO_Spheroid_Bounds_Seq0021.ome0010.tif,1024
-2,0.0,0.0,0.19999999999998863,0.0,0.6400000000000006,PointP08_0006_ChannelSYTO_Spheroid_Bounds_Seq0021.ome0011.tif,0,12,14,1024,389,0.0,0.0009228096112574064,0.0,-0.9296208866716025,b'eLuEO5CAG02JNE+JAQbgtGhGOJ0ZGerl56YCE6WhXklmGrgIg3kIGGQgh2KWkCAG2Ed2NogiJig1jUpFHMgNYJtBNDhKgAxwdOIs3GhS1CqAoqO4IDE5lVzTgAGEXFRDzbbRRxa0gRTgukY2+tCiXB/VN0ABHL4GpXg7AIlZFjQ=',18adc27f61ead93a2890be98f00853f6,file:/share/data/cellprofiler/christa/20230905_190025_768/mod/PointP08_0006_ChannelSYTO_Spheroid_Bounds_Seq0021.ome0011.tif,0,0021,0,P08,nan,0011,0,0,0,0,0,/share/data/cellprofiler/christa/20230905_190025_768/mod,Done,65535,0,file:/share/data/cellprofiler/christa/20230905_190025_768/mod/PointP08_0006_ChannelSYTO_Spheroid_Bounds_Seq0021.ome0011.tif,1024
-2,0.0,0.0,0.21000000000000796,0.0,0.730000000000004,PointP08_0006_ChannelSYTO_Spheroid_Bounds_Seq0021.ome0012.tif,0,13,14,1024,390,0.0,0.0012124513649194465,0.0,-0.9746026361209579,b'eLuEO5CAG02JNE+JAQbgtGhGOJ0ZGerl56YCE6WRXklmGrgIg3kIGGQgh2KWkCAG2Ed2NogiJig1jUpFHMgNYJtBNDhKgAxwdOIs3GhS1CqAoqO4IDE5lVzTgAGEXFRDzbbRRxa0gRTgukY2+tCiXB/VN0ABHL4GpXg7AIsRFjU=',5b2edfa410bf31a13233816726e7a9be,file:/share/data/cellprofiler/christa/20230905_190025_768/mod/PointP08_0006_ChannelSYTO_Spheroid_Bounds_Seq0021.ome0012.tif,0,0021,0,P08,nan,0012,0,0,0,0,0,/share/data/cellprofiler/christa/20230905_190025_768/mod,Done,65535,0,file:/share/data/cellprofiler/christa/20230905_190025_768/mod/PointP08_0006_ChannelSYTO_Spheroid_Bounds_Seq0021.ome0012.tif,1024
-2,0.0,0.0,0.21999999999999886,0.0,0.6599999999999824,PointP08_0006_ChannelSYTO_Spheroid_Bounds_Seq0021.ome0013.tif,0,14,14,1024,391,0.0,0.0015883392724742912,0.0,-1.0047073129883872,b'eLuEO5CAG02JNE+JAQbgtGhGOJ0ZGerl56YCE6WxXklmGrgIg3kIGGQgh2KWkCAG2Ed2NogiJig1jUpFHMgNYJtBNDhKgAxwdOIs3GhS1CqAoqO4IDE5lVzTgAGEXFRDzbbRRxa0gRTgukY2+tCiXB/VN0ABHL4GpXg7AIzJFjY=',713e8c7f85eb657d760d9e56612b8a00,file:/share/data/cellprofiler/christa/20230905_190025_768/mod/PointP08_0006_ChannelSYTO_Spheroid_Bounds_Seq0021.ome0013.tif,0,0021,0,P08,nan,0013,0,0,0,0,0,/share/data/cellprofiler/christa/20230905_190025_768/mod,Done,65535,0,file:/share/data/cellprofiler/christa/20230905_190025_768/mod/PointP08_0006_ChannelSYTO_Spheroid_Bounds_Seq0021.ome0013.tif,1024
-2,0.0,0.0,0.21999999999999886,0.0,0.6199999999999903,PointP08_0006_ChannelSYTO_Spheroid_Bounds_Seq0021.ome0014.tif,0,15,14,1024,392,0.0,0.0021023542329702757,0.0,-1.0662280153484702,b'eLuEO5CAG02JNE+JAQbgtGhGOJ0ZGerl56aCEqVeSWYauAiDeQgYZCCHYpaQIAbYR3Y2iCImKDWNSkUcyA1gm0E0OEqADHB04izcaFLUKoCio7ggMTmVXNOAAYRcVEPNttFHFrSBFOC6Rjb60KJcH9U3QAEcvgaleDsAjoEWNw==',9e4aa05cc10ef12aea0c6fcc433b5e2e,file:/share/data/cellprofiler/christa/20230905_190025_768/mod/PointP08_0006_ChannelSYTO_Spheroid_Bounds_Seq0021.ome0014.tif,0,0021,0,P08,nan,0014,0,0,0,0,0,/share/data/cellprofiler/christa/20230905_190025_768/mod,Done,65535,0,file:/share/data/cellprofiler/christa/20230905_190025_768/mod/PointP08_0006_ChannelSYTO_Spheroid_Bounds_Seq0021.ome0014.tif,1024
-2,0.0,0.0,0.23999999999999488,0.0,0.6099999999999994,PointP08_0006_ChannelSYTO_Spheroid_Bounds_Seq0021.ome0015.tif,0,16,14,1024,393,0.0,0.0027310584851278816,0.0,-1.2099633878691765,b'eLuEO5CAG02JNE+JAQbgtGhGOJ0ZGerl56YCE6WpXklmGrgIg3kIGGQgh2KWkCAG2Ed2NogiJig1jUpFHMgNYJtBNDhKgAxwdOIs3GhS1CqAoqO4IDE5lVzTgAGEXFRDzbbRRxa0gRTgukY2+tCiXB/VN0ABHL4GpXg7AJA5Fjg=',b9e3c17c6e1fd675a39c1e0a95e575ac,file:/share/data/cellprofiler/christa/20230905_190025_768/mod/PointP08_0006_ChannelSYTO_Spheroid_Bounds_Seq0021.ome0015.tif,0,0021,0,P08,nan,0015,0,0,0,0,0,/share/data/cellprofiler/christa/20230905_190025_768/mod,Done,65535,0,file:/share/data/cellprofiler/christa/20230905_190025_768/mod/PointP08_0006_ChannelSYTO_Spheroid_Bounds_Seq0021.ome0015.tif,1024
-2,0.0,0.0,0.19999999999998863,0.0,0.6700000000000017,PointP08_0006_ChannelSYTO_Spheroid_Bounds_Seq0021.ome0016.tif,0,17,14,1024,394,0.0,0.0035247052983276095,0.0,-1.4482034601319937,b'eLuEO5CAG02JNE+JAQbgtGhGOJ0ZGerl56YCE6WZXklmGrgIg3kIGGQgh2KWkCAG2Ed2NogiJig1jUpFHMgNYJtBNDhKgAxwdOIs3GhS1CqAoqO4IDE5lVzTgAGEXFRDzbbRRxa0gRTgukY2+tCiXB/VN0ABHL4GpXg7AJHxFjk=',69aa9bd9c8c926e73faaa043606fc985,file:/share/data/cellprofiler/christa/20230905_190025_768/mod/PointP08_0006_ChannelSYTO_Spheroid_Bounds_Seq0021.ome0016.tif,0,0021,0,P08,nan,0016,0,0,0,0,0,/share/data/cellprofiler/christa/20230905_190025_768/mod,Done,65535,0,file:/share/data/cellprofiler/christa/20230905_190025_768/mod/PointP08_0006_ChannelSYTO_Spheroid_Bounds_Seq0021.ome0016.tif,1024
-2,0.0,0.0,0.19000000000001194,0.0,0.6299999999999955,PointP08_0006_ChannelSYTO_Spheroid_Bounds_Seq0021.ome0017.tif,0,18,14,1024,395,0.0,0.004487014436593469,0.0,-1.6711859611370015,b'eLuEO5CAG02JNE+JAQbgtGhGOJ0ZGerl56YCE6W5XklmGrgIg3kIGGQgh2KWkCAG2Ed2NogiJig1jUpFHMgNYJtBNDhKgAxwdOIs3GhS1CqAoqO4IDE5lVzTgAGEXFRDzbbRRxa0gRTgukY2+tCiXB/VN0ABHL4GpXg7AJOpFjo=',80ac60efb0c0ecf73fa08941cf7013dd,file:/share/data/cellprofiler/christa/20230905_190025_768/mod/PointP08_0006_ChannelSYTO_Spheroid_Bounds_Seq0021.ome0017.tif,0,0021,0,P08,nan,0017,0,0,0,0,0,/share/data/cellprofiler/christa/20230905_190025_768/mod,Done,65535,0,file:/share/data/cellprofiler/christa/20230905_190025_768/mod/PointP08_0006_ChannelSYTO_Spheroid_Bounds_Seq0021.ome0017.tif,1024
-2,0.0,0.0,0.2600000000000051,0.0,0.6200000000000045,PointP08_0006_ChannelSYTO_Spheroid_Bounds_Seq0021.ome0018.tif,0,19,14,1024,396,0.0,0.010961382070217783,0.0,-2.0200932547524726,b'eLuEO5CAG02JNE+JAQbgtGhGOJ0ZGerl56YCE6WFXklmGrgIg3kIGGQgh2KWkCAG2Ed2NogiJig1jUpFHMgNYJtBNDhKgAxwdOIs3GhS1CqAoqO4IDE5lVzTgAGEXFRDzbbRRxa0gRTgukY2+tCiXB/VN0ABHL4GpXg7AJVhFjs=',9848e4650963bc3926f00ef0d2b62e28,file:/share/data/cellprofiler/christa/20230905_190025_768/mod/PointP08_0006_ChannelSYTO_Spheroid_Bounds_Seq0021.ome0018.tif,0,0021,0,P08,nan,0018,0,0,0,0,0,/share/data/cellprofiler/christa/20230905_190025_768/mod,Done,65535,0,file:/share/data/cellprofiler/christa/20230905_190025_768/mod/PointP08_0006_ChannelSYTO_Spheroid_Bounds_Seq0021.ome0018.tif,1024
-2,0.0,0.0,0.19999999999998863,0.0,0.5799999999999983,PointP08_0006_ChannelSYTO_Spheroid_Bounds_Seq0021.ome0019.tif,0,20,14,1024,397,0.0,0.012469593966579264,0.0,-2.320915540101826,b'eLuEO5CAG02JNE+JAQbgtGhGOJ0ZGerl56YCE6WlXklmGrgIg3kIGGQgh2KWkCAG2Ed2NogiJig1jUpFHMgNYJtBNDhKgAxwdOIs3GhS1CqAoqO4IDE5lVzTgAGEXFRDzbbRRxa0gRTgukY2+tCiXB/VN0ABHL4GpXg7AJcZFjw=',243fa8cd0e461b77dc409e46f07f39c3,file:/share/data/cellprofiler/christa/20230905_190025_768/mod/PointP08_0006_ChannelSYTO_Spheroid_Bounds_Seq0021.ome0019.tif,0,0021,0,P08,nan,0019,0,0,0,0,0,/share/data/cellprofiler/christa/20230905_190025_768/mod,Done,65535,0,file:/share/data/cellprofiler/christa/20230905_190025_768/mod/PointP08_0006_ChannelSYTO_Spheroid_Bounds_Seq0021.ome0019.tif,1024
-2,0.0,0.0,0.29999999999999716,0.0,0.5999999999999943,PointP08_0006_ChannelSYTO_Spheroid_Bounds_Seq0021.ome0020.tif,0,21,14,1024,398,0.0,0.01144521024075032,0.0,-2.570159165134499,b'eLuEO5CAG02JNE+JAQbgtGhGOJ0ZGerl56YCaQO9ksw0cBEG8xAwyEAOxSwhQQywj+xsEEVMUGoalYo4kBvANoNocJQAGeDoxFm40aSoVQBFR3FBYnIquaYBAwi5qIaabaOPLGgDKcB1jWz0oUW5PqpvgAI4fA1K8XYAiVoWNA==',26dc1c69a416091c5ec53e041c04af99,file:/share/data/cellprofiler/christa/20230905_190025_768/mod/PointP08_0006_ChannelSYTO_Spheroid_Bounds_Seq0021.ome0020.tif,0,0021,0,P08,nan,0020,0,0,0,0,0,/share/data/cellprofiler/christa/20230905_190025_768/mod,Done,65535,0,file:/share/data/cellprofiler/christa/20230905_190025_768/mod/PointP08_0006_ChannelSYTO_Spheroid_Bounds_Seq0021.ome0020.tif,1024
-2,0.0,0.0,0.19000000000001194,0.0,0.5699999999999932,PointP08_0006_ChannelSYTO_Spheroid_Bounds_Seq0021.ome0021.tif,0,22,14,1024,399,0.0,0.010515503841256022,0.0,-2.6456736331155057,b'eLuEO5CAG02JNE+JAQbgtGhGOJ0ZGerl56aC6ZLMNHARBvMQMMhADsUsIUEMsI/sbBBFTFBqGpWKOJAbwDaDaHCUABng6MRZuNGkqFUARUdxQWJyKrmmAQMIuaiGmm2jjyxoAynAdY1s9KFFuT6qb4ACOHwNSvF2AIsSFjU=',a8fed7efa481194af9c22426410fcd0f,file:/share/data/cellprofiler/christa/20230905_190025_768/mod/PointP08_0006_ChannelSYTO_Spheroid_Bounds_Seq0021.ome0021.tif,0,0021,0,P08,nan,0021,0,0,0,0,0,/share/data/cellprofiler/christa/20230905_190025_768/mod,Done,65535,0,file:/share/data/cellprofiler/christa/20230905_190025_768/mod/PointP08_0006_ChannelSYTO_Spheroid_Bounds_Seq0021.ome0021.tif,1024
-2,0.0,0.0,0.21999999999999886,0.0,0.6100000000000136,PointP08_0006_ChannelSYTO_Spheroid_Bounds_Seq0021.ome0022.tif,0,23,14,1024,400,0.0,0.00963390192035413,0.0,-2.442854904024379,b'eLuEO5CAG02JNE+JAQbgtGhGOJ0ZGerl56YCaSO9ksw0cBEG8xAwyEAOxSwhQQywj+xsEEVMUGoalYo4kBvANoNocJQAGeDoxFm40aSoVQBFR3FBYnIquaYBAwi5qIaabaOPLGgDKcB1jWz0oUW5PqpvgAI4fA1K8XYAjMoWNg==',846950f8d0c6cbc64f3420dd0353b6ee,file:/share/data/cellprofiler/christa/20230905_190025_768/mod/PointP08_0006_ChannelSYTO_Spheroid_Bounds_Seq0021.ome0022.tif,0,0021,0,P08,nan,0022,0,0,0,0,0,/share/data/cellprofiler/christa/20230905_190025_768/mod,Done,65535,0,file:/share/data/cellprofiler/christa/20230905_190025_768/mod/PointP08_0006_ChannelSYTO_Spheroid_Bounds_Seq0021.ome0022.tif,1024
-2,0.0,0.0,0.19000000000001194,0.0,0.6499999999999915,PointP08_0006_ChannelSYTO_Spheroid_Bounds_Seq0021.ome0023.tif,0,24,14,1024,401,0.0,0.008858040256036022,0.0,-2.0221617621112515,b'eLuEO5CAG02JNE+JAQbgtGhGOJ0ZGerl56YCaWO9ksw0cBEG8xAwyEAOxSwhQQywj+xsEEVMUGoalYo4kBvANoNocJQAGeDoxFm40aSoVQBFR3FBYnIquaYBAwi5qIaabaOPLGgDKcB1jWz0oUW5PqpvgAI4fA1K8XYAjoIWNw==',8d1fc715975184914bf899c08a8396c9,file:/share/data/cellprofiler/christa/20230905_190025_768/mod/PointP08_0006_ChannelSYTO_Spheroid_Bounds_Seq0021.ome0023.tif,0,0021,0,P08,nan,0023,0,0,0,0,0,/share/data/cellprofiler/christa/20230905_190025_768/mod,Done,65535,0,file:/share/data/cellprofiler/christa/20230905_190025_768/mod/PointP08_0006_ChannelSYTO_Spheroid_Bounds_Seq0021.ome0023.tif,1024
-2,0.0,0.0,0.21000000000000796,0.0,0.6099999999999994,PointP08_0006_ChannelSYTO_Spheroid_Bounds_Seq0021.ome0024.tif,0,25,14,1024,402,0.0,0.008063199552524195,0.0,-1.5848886089730352,b'eLuEO5CAG02JNE+JAQbgtGhGOJ0ZGerl56YCaRO9ksw0cBEG8xAwyEAOxSwhQQywj+xsEEVMUGoalYo4kBvANoNocJQAGeDoxFm40aSoVQBFR3FBYnIquaYBAwi5qIaabaOPLGgDKcB1jWz0oUW5PqpvgAI4fA1K8XYAkDoWOA==',bbeb669cc01d6ac39c1b23c5fb082c55,file:/share/data/cellprofiler/christa/20230905_190025_768/mod/PointP08_0006_ChannelSYTO_Spheroid_Bounds_Seq0021.ome0024.tif,0,0021,0,P08,nan,0024,0,0,0,0,0,/share/data/cellprofiler/christa/20230905_190025_768/mod,Done,65535,0,file:/share/data/cellprofiler/christa/20230905_190025_768/mod/PointP08_0006_ChannelSYTO_Spheroid_Bounds_Seq0021.ome0024.tif,1024
-2,0.0,0.0,0.21000000000000796,0.0,0.6599999999999966,PointP08_0006_ChannelSYTO_Spheroid_Bounds_Seq0021.ome0025.tif,0,26,14,1024,403,0.0,0.007345979191252152,0.0,-1.1212655315512745,b'eLuEO5CAG02JNE+JAQbgtGhGOJ0ZGerl56aCTNAryUwDF2EwDwGDDORQzBISxAD7yM4GUcQEpaZRqYgDuQFsM4gGRwmQAY5OnIUbTYpaBVB0FBckJqeSaxowgJCLaqjZNvrIgjaQAlzXyEYfWpTro/oGKIDD16AUbwcAkfIWOQ==',0714ccebe6b477bce3cb59a79984f3ab,file:/share/data/cellprofiler/christa/20230905_190025_768/mod/PointP08_0006_ChannelSYTO_Spheroid_Bounds_Seq0021.ome0025.tif,0,0021,0,P08,nan,0025,0,0,0,0,0,/share/data/cellprofiler/christa/20230905_190025_768/mod,Done,65535,0,file:/share/data/cellprofiler/christa/20230905_190025_768/mod/PointP08_0006_ChannelSYTO_Spheroid_Bounds_Seq0021.ome0025.tif,1024
-2,0.0,0.0,0.19999999999998863,0.0,0.6000000000000085,PointP08_0006_ChannelSYTO_Spheroid_Bounds_Seq0021.ome0026.tif,0,27,14,1024,404,0.0,0.0065244989920494306,0.0,-0.8070851053699687,b'eLuEO5CAG02JNE+JAQbgtGhGOJ0ZGerl56YCaTO9ksw0cBEG8xAwyEAOxSwhQQywj+xsEEVMUGoalYo4kBvANoNocJQAGeDoxFm40aSoVQBFR3FBYnIquaYBAwi5qIaabaOPLGgDKcB1jWz0oUW5PqpvgAI4fA1K8XYAk6oWOg==',6b80e6fbd0ba8faf2fb21244fb9f5ce3,file:/share/data/cellprofiler/christa/20230905_190025_768/mod/PointP08_0006_ChannelSYTO_Spheroid_Bounds_Seq0021.ome0026.tif,0,0021,0,P08,nan,0026,0,0,0,0,0,/share/data/cellprofiler/christa/20230905_190025_768/mod,Done,65535,0,file:/share/data/cellprofiler/christa/20230905_190025_768/mod/PointP08_0006_ChannelSYTO_Spheroid_Bounds_Seq0021.ome0026.tif,1024
-2,0.010000000000005116,0.0,0.22000000000001307,0.0,0.7200000000000131,PointP08_0006_ChannelSYTO_Spheroid_Bounds_Seq0021.ome0027.tif,0,28,14,1024,405,0.0,0.005731984221671842,0.0,-0.6438820178059289,b'eLuEO5CAG02JNE+JAQbgtGhGOJ0ZGerl56YCaXO9ksw0cBEG8xAwyEAOxSwhQQywj+xsEEVMUGoalYo4kBvANoNocJQAGeDoxFm40aSoVQBFR3FBYnIquaYBAwi5qIaabaOPLGgDKcB1jWz0oUW5PqpvgAI4fA1K8XYAlWIWOw==',a7d60d0ac485e103130d862e7eeec99e,file:/share/data/cellprofiler/christa/20230905_190025_768/mod/PointP08_0006_ChannelSYTO_Spheroid_Bounds_Seq0021.ome0027.tif,0,0021,0,P08,nan,0027,0,0,0,0,0,/share/data/cellprofiler/christa/20230905_190025_768/mod,Done,65535,0,file:/share/data/cellprofiler/christa/20230905_190025_768/mod/PointP08_0006_ChannelSYTO_Spheroid_Bounds_Seq0021.ome0027.tif,1024
-2,0.0,0.0,0.18999999999999773,0.0,0.6699999999999875,PointP08_0006_ChannelSYTO_Spheroid_Bounds_Seq0021.ome0028.tif,0,29,14,1024,406,0.0,0.004880436051714591,0.0,-0.6023912509035207,b'eLuEO5CAG02JNE+JAQbgtGhGOJ0ZGerl56YCaQu9ksw0cBEG8xAwyEAOxSwhQQywj+xsEEVMUGoalYo4kBvANoNocJQAGeDoxFm40aSoVQBFR3FBYnIquaYBAwi5qIaabaOPLGgDKcB1jWz0oUW5PqpvgAI4fA1K8XYAlxoWPA==',1ef33414500b43219e3f636556ccb4c6,file:/share/data/cellprofiler/christa/20230905_190025_768/mod/PointP08_0006_ChannelSYTO_Spheroid_Bounds_Seq0021.ome0028.tif,0,0021,0,P08,nan,0028,0,0,0,0,0,/share/data/cellprofiler/christa/20230905_190025_768/mod,Done,65535,0,file:/share/data/cellprofiler/christa/20230905_190025_768/mod/PointP08_0006_ChannelSYTO_Spheroid_Bounds_Seq0021.ome0028.tif,1024
-2,0.0,0.0,0.19999999999998863,0.0,0.7200000000000131,PointP19_0007_ChannelSYTO_Spheroid_Bounds_Seq0022.ome0000.tif,0,1,15,1024,407,0.0,5.54284174033595e-05,0.0,-0.9166396920908284,b'eLuEO5CAG02JNE+JAYaWoLRoTjidGRnp5eemgspDvZLMNHARBvMQMMhADsUsIUEMsI/sbBBFTFBqGpWKOJAbwDaDaHCUABng6MRZuNGkqFUARUdxQWJyKrmmAQMIuaiGmm2jjyxoAynAdY1s9KFFuT6qb4ACOHwNSvF2AI1fFjY=',65997976cc95a304b1750ead8a6073ef,file:/share/data/cellprofiler/christa/20230905_190025_768/mod/PointP19_0007_ChannelSYTO_Spheroid_Bounds_Seq0022.ome0000.tif,0,0022,0,P19,nan,0000,0,0,0,0,0,/share/data/cellprofiler/christa/20230905_190025_768/mod,Done,65535,0,file:/share/data/cellprofiler/christa/20230905_190025_768/mod/PointP19_0007_ChannelSYTO_Spheroid_Bounds_Seq0022.ome0000.tif,1024
-2,0.0,0.0,0.22999999999998977,0.0,0.8400000000000034,PointP19_0007_ChannelSYTO_Spheroid_Bounds_Seq0022.ome0001.tif,0,2,15,1024,408,0.0,6.409497094283285e-05,0.0,-0.9129583584184277,b'eLuEO5CAG02JNE+JAYaWoLRoTjidGRnp5eemAtUa6pVkpoGLMJiHgEEGcihmCQligH1kZ4MoYoJS06hUxIHcALYZRIOjBMgARyfOwo0mRa0CKDqKCxKTU8k1DRhAyEU11GwbfWRBG0gBrmtkow8tyvVRfQMUwOFrUIq3AwCPFxY3',b76d4de896f2572ca8e54ffa27beaa49,file:/share/data/cellprofiler/christa/20230905_190025_768/mod/PointP19_0007_ChannelSYTO_Spheroid_Bounds_Seq0022.ome0001.tif,0,0022,0,P19,nan,0001,0,0,0,0,0,/share/data/cellprofiler/christa/20230905_190025_768/mod,Done,65535,0,file:/share/data/cellprofiler/christa/20230905_190025_768/mod/PointP19_0007_ChannelSYTO_Spheroid_Bounds_Seq0022.ome0001.tif,1024
-2,0.0,0.0,0.21999999999999886,0.0,0.6500000000000057,PointP19_0007_ChannelSYTO_Spheroid_Bounds_Seq0022.ome0002.tif,0,3,15,1024,409,0.0,7.640621745831378e-05,0.0,-0.9061358638214997,b'eLuEO5CAG02JNE+JAYaWoLRoTjidGRnp5eemAtUa6ZVkpoGLMJiHgEEGcihmCQligH1kZ4MoYoJS06hUxIHcALYZRIOjBMgARyfOwo0mRa0CKDqKCxKTU8k1DRhAyEU11GwbfWRBG0gBrmtkow8tyvVRfQMUwOFrUIq3AwCQzxY4',c4a685315b92c3829689138e09c58ef1,file:/share/data/cellprofiler/christa/20230905_190025_768/mod/PointP19_0007_ChannelSYTO_Spheroid_Bounds_Seq0022.ome0002.tif,0,0022,0,P19,nan,0002,0,0,0,0,0,/share/data/cellprofiler/christa/20230905_190025_768/mod,Done,65535,0,file:/share/data/cellprofiler/christa/20230905_190025_768/mod/PointP19_0007_ChannelSYTO_Spheroid_Bounds_Seq0022.ome0002.tif,1024
-2,0.0,0.0,0.20999999999999375,0.0,0.6099999999999994,PointP19_0007_ChannelSYTO_Spheroid_Bounds_Seq0022.ome0003.tif,0,4,15,1024,410,0.0,9.185126439880458e-05,0.0,-0.9069813107509411,b'eLuEO5CAG02JNE+JAYaWoLRoTjidGRnp5eemAtUa65VkpoGLMJiHgEEGcihmCQligH1kZ4MoYoJS06hUxIHcALYZRIOjBMgARyfOwo0mRa0CKDqKCxKTU8k1DRhAyEU11GwbfWRBG0gBrmtkow8tyvVRfQMUwOFrUIq3AwCShxY5',ab15e3ce8c5df291810274967fe4a754,file:/share/data/cellprofiler/christa/20230905_190025_768/mod/PointP19_0007_ChannelSYTO_Spheroid_Bounds_Seq0022.ome0003.tif,0,0022,0,P19,nan,0003,0,0,0,0,0,/share/data/cellprofiler/christa/20230905_190025_768/mod,Done,65535,0,file:/share/data/cellprofiler/christa/20230905_190025_768/mod/PointP19_0007_ChannelSYTO_Spheroid_Bounds_Seq0022.ome0003.tif,1024
-2,0.0,0.0,0.21000000000000796,0.0,0.6400000000000006,PointP19_0007_ChannelSYTO_Spheroid_Bounds_Seq0022.ome0004.tif,0,5,15,1024,411,0.0,0.00011026996570936076,0.0,-0.9129160760659084,b'eLuEO5CAG02JNE+JAYaWoLRoTjidGRnp5eemAtWa6JVkpoGLMJiHgEEGcihmCQligH1kZ4MoYoJS06hUxIHcALYZRIOjBMgARyfOwo0mRa0CKDqKCxKTU8k1DRhAyEU11GwbfWRBG0gBrmtkow8tyvVRfQMUwOFrUIq3AwCUPxY6',f7fbb3eda0fe9bdda8525a5e91d46b37,file:/share/data/cellprofiler/christa/20230905_190025_768/mod/PointP19_0007_ChannelSYTO_Spheroid_Bounds_Seq0022.ome0004.tif,0,0022,0,P19,nan,0004,0,0,0,0,0,/share/data/cellprofiler/christa/20230905_190025_768/mod,Done,65535,0,file:/share/data/cellprofiler/christa/20230905_190025_768/mod/PointP19_0007_ChannelSYTO_Spheroid_Bounds_Seq0022.ome0004.tif,1024
-2,0.0,0.0,0.25,0.0,0.6899999999999977,PointP19_0007_ChannelSYTO_Spheroid_Bounds_Seq0022.ome0005.tif,0,6,15,1024,412,0.0,0.0001361600173159887,0.0,-0.9076450346403855,b'eLuEO5CAG02JNE+JAYaWoLRoTjidGRnp5eemAtWa6pVkpoGLMJiHgEEGcihmCQligH1kZ4MoYoJS06hUxIHcALYZRIOjBMgARyfOwo0mRa0CKDqKCxKTU8k1DRhAyEU11GwbfWRBG0gBrmtkow8tyvVRfQMUwOFrUIq3AwCV9xY7',fcd89ca8501471b91f710addfa695521,file:/share/data/cellprofiler/christa/20230905_190025_768/mod/PointP19_0007_ChannelSYTO_Spheroid_Bounds_Seq0022.ome0005.tif,0,0022,0,P19,nan,0005,0,0,0,0,0,/share/data/cellprofiler/christa/20230905_190025_768/mod,Done,65535,0,file:/share/data/cellprofiler/christa/20230905_190025_768/mod/PointP19_0007_ChannelSYTO_Spheroid_Bounds_Seq0022.ome0005.tif,1024
-2,0.0,0.0,0.269999999999996,0.0,0.6599999999999966,PointP19_0007_ChannelSYTO_Spheroid_Bounds_Seq0022.ome0006.tif,0,7,15,1024,413,0.0,0.00016840105584841613,0.0,-0.9131182711093824,b'eLuEO5CAG02JNE+JAYaWoLRoTjidGRnp5eemAtWa6ZVkpoGLMJiHgEEGcihmCQligH1kZ4MoYoJS06hUxIHcALYZRIOjBMgARyfOwo0mRa0CKDqKCxKTU8k1DRhAyEU11GwbfWRBG0gBrmtkow8tyvVRfQMUwOFrUIq3AwCXrxY8',ec65c2104d6fbc905c54b6e4eea68c6f,file:/share/data/cellprofiler/christa/20230905_190025_768/mod/PointP19_0007_ChannelSYTO_Spheroid_Bounds_Seq0022.ome0006.tif,0,0022,0,P19,nan,0006,0,0,0,0,0,/share/data/cellprofiler/christa/20230905_190025_768/mod,Done,65535,0,file:/share/data/cellprofiler/christa/20230905_190025_768/mod/PointP19_0007_ChannelSYTO_Spheroid_Bounds_Seq0022.ome0006.tif,1024
-2,0.0,0.0,0.2500000000000142,0.0,0.6500000000000057,PointP19_0007_ChannelSYTO_Spheroid_Bounds_Seq0022.ome0007.tif,0,8,15,1024,414,0.0,0.00021050063086242352,0.0,-0.917824261471842,b'eLuEO5CAG02JNE+JAYaWoLRoTjidGRnp5eemgtTqlWSmgYswmIeAQQZyKGYJCWKAfWRngyhiglLTqFTEgdwAthlEg6MEyABHJ87CjSZFrQIoOooLEpNTyTUNGEDIRTXUbBt9ZEEbSAGua2SjDy3K9VF9AxTA4WtQircDAJlnFj0=',e22d78a2d463d880da89164da7949caa,file:/share/data/cellprofiler/christa/20230905_190025_768/mod/PointP19_0007_ChannelSYTO_Spheroid_Bounds_Seq0022.ome0007.tif,0,0022,0,P19,nan,0007,0,0,0,0,0,/share/data/cellprofiler/christa/20230905_190025_768/mod,Done,65535,0,file:/share/data/cellprofiler/christa/20230905_190025_768/mod/PointP19_0007_ChannelSYTO_Spheroid_Bounds_Seq0022.ome0007.tif,1024
-2,0.0,0.0,0.18999999999999773,0.0,0.6700000000000017,PointP19_0007_ChannelSYTO_Spheroid_Bounds_Seq0022.ome0008.tif,0,9,15,1024,415,0.0,0.0002691490665876838,0.0,-0.9129199040123112,b'eLuEO5CAG02JNE+JAYaWoLRoTjidGRnp5eemgspEvZLMNHARBvMQMMhADsUsIUEMsI/sbBBFTFBqGpWKOJAbwDaDaHCUABng6MRZuNGkqFUARUdxQWJyKrmmAQMIuaiGmm2jjyxoAynAdY1s9KFFuT6qb4ACOHwNSvF2AJsfFj4=',f9f665baacde64343601e16c4753c2f2,file:/share/data/cellprofiler/christa/20230905_190025_768/mod/PointP19_0007_ChannelSYTO_Spheroid_Bounds_Seq0022.ome0008.tif,0,0022,0,P19,nan,0008,0,0,0,0,0,/share/data/cellprofiler/christa/20230905_190025_768/mod,Done,65535,0,file:/share/data/cellprofiler/christa/20230905_190025_768/mod/PointP19_0007_ChannelSYTO_Spheroid_Bounds_Seq0022.ome0008.tif,1024
-2,0.0,0.0,0.19999999999998863,0.0,0.7799999999999869,PointP19_0007_ChannelSYTO_Spheroid_Bounds_Seq0022.ome0009.tif,0,10,15,1024,416,0.0,0.00033785195973383924,0.0,-0.9100188373394328,b'eLuEO5CAG02JNE+JAYaWoLRoTjidGRnp5eemAtVa6pVkpoGLMJiHgEEGcihmCQligH1kZ4MoYoJS06hUxIHcALYZRIOjBMgARyfOwo0mRa0CKDqKCxKTU8k1DRhAyEU11GwbfWRBG0gBrmtkow8tyvVRfQMUwOFrUIq3AwCc1xY/',4f4dc7596319a7b62265d88eaddd4437,file:/share/data/cellprofiler/christa/20230905_190025_768/mod/PointP19_0007_ChannelSYTO_Spheroid_Bounds_Seq0022.ome0009.tif,0,0022,0,P19,nan,0009,0,0,0,0,0,/share/data/cellprofiler/christa/20230905_190025_768/mod,Done,65535,0,file:/share/data/cellprofiler/christa/20230905_190025_768/mod/PointP19_0007_ChannelSYTO_Spheroid_Bounds_Seq0022.ome0009.tif,1024
-2,0.0,0.0,0.2400000000000091,0.0,0.7099999999999937,PointP19_0007_ChannelSYTO_Spheroid_Bounds_Seq0022.ome0010.tif,0,11,15,1024,417,0.0,0.0004361347979195654,0.0,-0.9147396738301067,b'eLuEO5CAG02JNE+JAYaWoLRoTjidGRnp5eemAhOlgV5JZhq4CIN5CBhkIIdilpAgBthHdjaIIiYoNY1KRRzIDWCbQTQ4SoAMcHTiLNxoUtQqgKKjuCAxOZVc04ABhFxUQ8220UcWtIEU4LpGNvrQolwf1TdAARy+BqV4OwCPGBY3',89dcae5dfc68ac973e0a0359c5bab526,file:/share/data/cellprofiler/christa/20230905_190025_768/mod/PointP19_0007_ChannelSYTO_Spheroid_Bounds_Seq0022.ome0010.tif,0,0022,0,P19,nan,0010,0,0,0,0,0,/share/data/cellprofiler/christa/20230905_190025_768/mod,Done,65535,0,file:/share/data/cellprofiler/christa/20230905_190025_768/mod/PointP19_0007_ChannelSYTO_Spheroid_Bounds_Seq0022.ome0010.tif,1024
-2,0.0,0.0,0.22000000000001307,0.0,0.6700000000000017,PointP19_0007_ChannelSYTO_Spheroid_Bounds_Seq0022.ome0011.tif,0,12,15,1024,418,0.0,0.0005636188025441248,0.0,-0.9006576911741667,b'eLuEO5CAG02JNE+JAYaWoLRoTjidGRnp5eemAhOloV5JZhq4CIN5CBhkIIdilpAgBthHdjaIIiYoNY1KRRzIDWCbQTQ4SoAMcHTiLNxoUtQqgKKjuCAxOZVc04ABhFxUQ8220UcWtIEU4LpGNvrQolwf1TdAARy+BqV4OwCQ0BY4',b769c4bd09ad10fd19eefda933df36a9,file:/share/data/cellprofiler/christa/20230905_190025_768/mod/PointP19_0007_ChannelSYTO_Spheroid_Bounds_Seq0022.ome0011.tif,0,0022,0,P19,nan,0011,0,0,0,0,0,/share/data/cellprofiler/christa/20230905_190025_768/mod,Done,65535,0,file:/share/data/cellprofiler/christa/20230905_190025_768/mod/PointP19_0007_ChannelSYTO_Spheroid_Bounds_Seq0022.ome0011.tif,1024
-2,0.0,0.0,0.27000000000001023,0.0,0.730000000000004,PointP19_0007_ChannelSYTO_Spheroid_Bounds_Seq0022.ome0012.tif,0,13,15,1024,419,0.0,0.0007402897994497765,0.0,-0.9113083715743667,b'eLuEO5CAG02JNE+JAYaWoLRoTjidGRnp5eemAhOlkV5JZhq4CIN5CBhkIIdilpAgBthHdjaIIiYoNY1KRRzIDWCbQTQ4SoAMcHTiLNxoUtQqgKKjuCAxOZVc04ABhFxUQ8220UcWtIEU4LpGNvrQolwf1TdAARy+BqV4OwCSiBY5',a5b05df77441496dfa36708e479bd49b,file:/share/data/cellprofiler/christa/20230905_190025_768/mod/PointP19_0007_ChannelSYTO_Spheroid_Bounds_Seq0022.ome0012.tif,0,0022,0,P19,nan,0012,0,0,0,0,0,/share/data/cellprofiler/christa/20230905_190025_768/mod,Done,65535,0,file:/share/data/cellprofiler/christa/20230905_190025_768/mod/PointP19_0007_ChannelSYTO_Spheroid_Bounds_Seq0022.ome0012.tif,1024
-2,0.0,0.0,0.18999999999998352,0.0,0.6499999999999915,PointP19_0007_ChannelSYTO_Spheroid_Bounds_Seq0022.ome0013.tif,0,14,15,1024,420,0.0,0.000965287643239694,0.0,-0.9539405605190424,b'eLuEO5CAG02JNE+JAYaWoLRoTjidGRnp5eemAhOlsV5JZhq4CIN5CBhkIIdilpAgBthHdjaIIiYoNY1KRRzIDWCbQTQ4SoAMcHTiLNxoUtQqgKKjuCAxOZVc04ABhFxUQ8220UcWtIEU4LpGNvrQolwf1TdAARy+BqV4OwCUQBY6',bf1d5d372fcc996aa4ffde980b313395,file:/share/data/cellprofiler/christa/20230905_190025_768/mod/PointP19_0007_ChannelSYTO_Spheroid_Bounds_Seq0022.ome0013.tif,0,0022,0,P19,nan,0013,0,0,0,0,0,/share/data/cellprofiler/christa/20230905_190025_768/mod,Done,65535,0,file:/share/data/cellprofiler/christa/20230905_190025_768/mod/PointP19_0007_ChannelSYTO_Spheroid_Bounds_Seq0022.ome0013.tif,1024
-2,0.0,0.0,0.21999999999999886,0.0,0.6200000000000045,PointP19_0007_ChannelSYTO_Spheroid_Bounds_Seq0022.ome0014.tif,0,15,15,1024,421,0.0,0.0012779883020863374,0.0,-1.0019150236154453,b'eLuEO5CAG02JNE+JAYaWoLRoTjidGRnp5eemghKlXklmGrgIg3kIGGQgh2KWkCAG2Ed2NogiJig1jUpFHMgNYJtBNDhKgAxwdOIs3GhS1CqAoqO4IDE5lVzTgAGEXFRDzbbRRxa0gRTgukY2+tCiXB/VN0ABHL4GpXg7AJX4Fjs=',bada867529f7e5dd2ea7e462e95fd1e4,file:/share/data/cellprofiler/christa/20230905_190025_768/mod/PointP19_0007_ChannelSYTO_Spheroid_Bounds_Seq0022.ome0014.tif,0,0022,0,P19,nan,0014,0,0,0,0,0,/share/data/cellprofiler/christa/20230905_190025_768/mod,Done,65535,0,file:/share/data/cellprofiler/christa/20230905_190025_768/mod/PointP19_0007_ChannelSYTO_Spheroid_Bounds_Seq0022.ome0014.tif,1024
-2,0.0,0.0,0.25,0.0,0.6099999999999994,PointP19_0007_ChannelSYTO_Spheroid_Bounds_Seq0022.ome0015.tif,0,16,15,1024,422,0.0,0.0016645132778048317,0.0,-1.0306999068037397,b'eLuEO5CAG02JNE+JAYaWoLRoTjidGRnp5eemAhOlqV5JZhq4CIN5CBhkIIdilpAgBthHdjaIIiYoNY1KRRzIDWCbQTQ4SoAMcHTiLNxoUtQqgKKjuCAxOZVc04ABhFxUQ8220UcWtIEU4LpGNvrQolwf1TdAARy+BqV4OwCXsBY8',a05e18e567db8033bed87650f42c7266,file:/share/data/cellprofiler/christa/20230905_190025_768/mod/PointP19_0007_ChannelSYTO_Spheroid_Bounds_Seq0022.ome0015.tif,0,0022,0,P19,nan,0015,0,0,0,0,0,/share/data/cellprofiler/christa/20230905_190025_768/mod,Done,65535,0,file:/share/data/cellprofiler/christa/20230905_190025_768/mod/PointP19_0007_ChannelSYTO_Spheroid_Bounds_Seq0022.ome0015.tif,1024
-2,0.0,0.0,0.1699999999999875,0.0,0.6000000000000085,PointP19_0007_ChannelSYTO_Spheroid_Bounds_Seq0022.ome0016.tif,0,17,15,1024,423,0.0,0.0021912199768464864,0.0,-1.0948187818480457,b'eLuEO5CAG02JNE+JAYaWoLRoTjidGRnp5eemAhOlmV5JZhq4CIN5CBhkIIdilpAgBthHdjaIIiYoNY1KRRzIDWCbQTQ4SoAMcHTiLNxoUtQqgKKjuCAxOZVc04ABhFxUQ8220UcWtIEU4LpGNvrQolwf1TdAARy+BqV4OwCZaBY9',09adcbde4feaec01cb9c084b86732b12,file:/share/data/cellprofiler/christa/20230905_190025_768/mod/PointP19_0007_ChannelSYTO_Spheroid_Bounds_Seq0022.ome0016.tif,0,0022,0,P19,nan,0016,0,0,0,0,0,/share/data/cellprofiler/christa/20230905_190025_768/mod,Done,65535,0,file:/share/data/cellprofiler/christa/20230905_190025_768/mod/PointP19_0007_ChannelSYTO_Spheroid_Bounds_Seq0022.ome0016.tif,1024
-2,0.0,0.0,0.18999999999999773,0.0,0.6000000000000085,PointP19_0007_ChannelSYTO_Spheroid_Bounds_Seq0022.ome0017.tif,0,18,15,1024,424,0.0,0.0028391224737779144,0.0,-1.2222742313497381,b'eLuEO5CAG02JNE+JAYaWoLRoTjidGRnp5eemAhOluV5JZhq4CIN5CBhkIIdilpAgBthHdjaIIiYoNY1KRRzIDWCbQTQ4SoAMcHTiLNxoUtQqgKKjuCAxOZVc04ABhFxUQ8220UcWtIEU4LpGNvrQolwf1TdAARy+BqV4OwCbIBY+',550c28bc4051541e12214f497ee31a3b,file:/share/data/cellprofiler/christa/20230905_190025_768/mod/PointP19_0007_ChannelSYTO_Spheroid_Bounds_Seq0022.ome0017.tif,0,0022,0,P19,nan,0017,0,0,0,0,0,/share/data/cellprofiler/christa/20230905_190025_768/mod,Done,65535,0,file:/share/data/cellprofiler/christa/20230905_190025_768/mod/PointP19_0007_ChannelSYTO_Spheroid_Bounds_Seq0022.ome0017.tif,1024
-2,0.0,0.0,0.23999999999999488,0.0,0.6299999999999955,PointP19_0007_ChannelSYTO_Spheroid_Bounds_Seq0022.ome0018.tif,0,19,15,1024,425,0.0,0.00358597443741636,0.0,-1.4438373797350061,b'eLuEO5CAG02JNE+JAYaWoLRoTjidGRnp5eemAhOlhV5JZhq4CIN5CBhkIIdilpAgBthHdjaIIiYoNY1KRRzIDWCbQTQ4SoAMcHTiLNxoUtQqgKKjuCAxOZVc04ABhFxUQ8220UcWtIEU4LpGNvrQolwf1TdAARy+BqV4OwCc2BY/',2502e3e69e10d3a7f645c199834ab14f,file:/share/data/cellprofiler/christa/20230905_190025_768/mod/PointP19_0007_ChannelSYTO_Spheroid_Bounds_Seq0022.ome0018.tif,0,0022,0,P19,nan,0018,0,0,0,0,0,/share/data/cellprofiler/christa/20230905_190025_768/mod,Done,65535,0,file:/share/data/cellprofiler/christa/20230905_190025_768/mod/PointP19_0007_ChannelSYTO_Spheroid_Bounds_Seq0022.ome0018.tif,1024
-2,0.0,0.0,0.21000000000000796,0.0,0.6200000000000045,PointP19_0007_ChannelSYTO_Spheroid_Bounds_Seq0022.ome0019.tif,0,20,15,1024,426,0.0,0.0053333481683073255,0.0,-2.31392448124049,b'eLuEO5CAG02JNE+JAYaWoLRoTjidGRnp5eemAhOlpV5JZhq4CIN5CBhkIIdilpAgBthHdjaIIiYoNY1KRRzIDWCbQTQ4SoAMcHTiLNxoUtQqgKKjuCAxOZVc04ABhFxUQ8220UcWtIEU4LpGNvrQolwf1TdAARy+BqV4OwCekBZA',7879f1e4249cdb0019310946e8ef4bfb,file:/share/data/cellprofiler/christa/20230905_190025_768/mod/PointP19_0007_ChannelSYTO_Spheroid_Bounds_Seq0022.ome0019.tif,0,0022,0,P19,nan,0019,0,0,0,0,0,/share/data/cellprofiler/christa/20230905_190025_768/mod,Done,65535,0,file:/share/data/cellprofiler/christa/20230905_190025_768/mod/PointP19_0007_ChannelSYTO_Spheroid_Bounds_Seq0022.ome0019.tif,1024
-2,0.0,0.0,0.29000000000000625,0.0,0.6400000000000006,PointP19_0007_ChannelSYTO_Spheroid_Bounds_Seq0022.ome0020.tif,0,21,15,1024,427,0.0,0.009195972781620505,0.0,-2.243049547228189,b'eLuEO5CAG02JNE+JAYaWoLRoTjidGRnp5eemAmkDvZLMNHARBvMQMMhADsUsIUEMsI/sbBBFTFBqGpWKOJAbwDaDaHCUABng6MRZuNGkqFUARUdxQWJyKrmmAQMIuaiGmm2jjyxoAynAdY1s9KFFuT6qb4ACOHwNSvF2AJDRFjg=',858a6cf014e618ec0c555a6ee28faf1a,file:/share/data/cellprofiler/christa/20230905_190025_768/mod/PointP19_0007_ChannelSYTO_Spheroid_Bounds_Seq0022.ome0020.tif,0,0022,0,P19,nan,0020,0,0,0,0,0,/share/data/cellprofiler/christa/20230905_190025_768/mod,Done,65535,0,file:/share/data/cellprofiler/christa/20230905_190025_768/mod/PointP19_0007_ChannelSYTO_Spheroid_Bounds_Seq0022.ome0020.tif,1024
-2,0.0,0.0,0.1799999999999926,0.0,0.6099999999999994,PointP19_0007_ChannelSYTO_Spheroid_Bounds_Seq0022.ome0021.tif,0,22,15,1024,428,0.0,0.009436803296902609,0.0,-2.5872745070465,b'eLuEO5CAG02JNE+JAYaWoLRoTjidGRnp5eemAmlDvZLMNHARBvMQMMhADsUsIUEMsI/sbBBFTFBqGpWKOJAbwDaDaHCUABng6MRZuNGkqFUARUdxQWJyKrmmAQMIuaiGmm2jjyxoAynAdY1s9KFFuT6qb4ACOHwNSvF2AJKJFjk=',a72814c0df193b1586004044bfcbe279,file:/share/data/cellprofiler/christa/20230905_190025_768/mod/PointP19_0007_ChannelSYTO_Spheroid_Bounds_Seq0022.ome0021.tif,0,0022,0,P19,nan,0021,0,0,0,0,0,/share/data/cellprofiler/christa/20230905_190025_768/mod,Done,65535,0,file:/share/data/cellprofiler/christa/20230905_190025_768/mod/PointP19_0007_ChannelSYTO_Spheroid_Bounds_Seq0022.ome0021.tif,1024
-2,0.0,0.0,0.2300000000000182,0.0,0.6799999999999926,PointP19_0007_ChannelSYTO_Spheroid_Bounds_Seq0022.ome0022.tif,0,23,15,1024,429,0.0,0.008921457541509727,0.0,-2.7014264885967183,b'eLuEO5CAG02JNE+JAYaWoLRoTjidGRnp5eemgumSzDRwEQbzEDDIQA7FLCFBDLCP7GwQRUxQahqVijiQG8A2g2hwlAAZ4OjEWbjRpKhVAEVHcUFiciq5pgEDCLmohppto48saAMpwHWNbPShRbk+qm+AAjh8DUrxdgCUQRY6',bdfcb16868ec2bef167dad9b108a0395,file:/share/data/cellprofiler/christa/20230905_190025_768/mod/PointP19_0007_ChannelSYTO_Spheroid_Bounds_Seq0022.ome0022.tif,0,0022,0,P19,nan,0022,0,0,0,0,0,/share/data/cellprofiler/christa/20230905_190025_768/mod,Done,65535,0,file:/share/data/cellprofiler/christa/20230905_190025_768/mod/PointP19_0007_ChannelSYTO_Spheroid_Bounds_Seq0022.ome0022.tif,1024
-2,0.0,0.0,0.21000000000000796,0.0,0.7000000000000028,PointP19_0007_ChannelSYTO_Spheroid_Bounds_Seq0022.ome0023.tif,0,24,15,1024,430,0.0,0.008386286733488433,0.0,-2.5001078193953337,b'eLuEO5CAG02JNE+JAYaWoLRoTjidGRnp5eemAmljvZLMNHARBvMQMMhADsUsIUEMsI/sbBBFTFBqGpWKOJAbwDaDaHCUABng6MRZuNGkqFUARUdxQWJyKrmmAQMIuaiGmm2jjyxoAynAdY1s9KFFuT6qb4ACOHwNSvF2AJX5Fjs=',3aa2c1aaa33d216e4f0ab8b72f36bc79,file:/share/data/cellprofiler/christa/20230905_190025_768/mod/PointP19_0007_ChannelSYTO_Spheroid_Bounds_Seq0022.ome0023.tif,0,0022,0,P19,nan,0023,0,0,0,0,0,/share/data/cellprofiler/christa/20230905_190025_768/mod,Done,65535,0,file:/share/data/cellprofiler/christa/20230905_190025_768/mod/PointP19_0007_ChannelSYTO_Spheroid_Bounds_Seq0022.ome0023.tif,1024
-2,0.0,0.0,0.22999999999998977,0.0,0.6699999999999875,PointP19_0007_ChannelSYTO_Spheroid_Bounds_Seq0022.ome0024.tif,0,25,15,1024,431,0.0,0.008013518644814612,0.0,-2.081508787687762,b'eLuEO5CAG02JNE+JAYaWoLRoTjidGRnp5eemAmkTvZLMNHARBvMQMMhADsUsIUEMsI/sbBBFTFBqGpWKOJAbwDaDaHCUABng6MRZuNGkqFUARUdxQWJyKrmmAQMIuaiGmm2jjyxoAynAdY1s9KFFuT6qb4ACOHwNSvF2AJexFjw=',6a11470ddc6049451c64cb12ab56ddac,file:/share/data/cellprofiler/christa/20230905_190025_768/mod/PointP19_0007_ChannelSYTO_Spheroid_Bounds_Seq0022.ome0024.tif,0,0022,0,P19,nan,0024,0,0,0,0,0,/share/data/cellprofiler/christa/20230905_190025_768/mod,Done,65535,0,file:/share/data/cellprofiler/christa/20230905_190025_768/mod/PointP19_0007_ChannelSYTO_Spheroid_Bounds_Seq0022.ome0024.tif,1024
-2,0.0,0.0,0.21000000000000796,0.0,0.6199999999999903,PointP19_0007_ChannelSYTO_Spheroid_Bounds_Seq0022.ome0025.tif,0,26,15,1024,432,0.0,0.007429237229044799,0.0,-1.549648129104959,b'eLuEO5CAG02JNE+JAYaWoLRoTjidGRnp5eemgkzQK8lMAxdhMA8BgwzkUMwSEsQA+8jOBlHEBKWmUamIA7kBbDOIBkcJkAGOTpyFG02KWgVQdBQXJCankmsaMICQi2qo2Tb6yII2kAJc18hGH1qU66P6BiiAw9egFG8HAJlpFj0=',0983f44dd069cbf295efd8cfaac309b2,file:/share/data/cellprofiler/christa/20230905_190025_768/mod/PointP19_0007_ChannelSYTO_Spheroid_Bounds_Seq0022.ome0025.tif,0,0022,0,P19,nan,0025,0,0,0,0,0,/share/data/cellprofiler/christa/20230905_190025_768/mod,Done,65535,0,file:/share/data/cellprofiler/christa/20230905_190025_768/mod/PointP19_0007_ChannelSYTO_Spheroid_Bounds_Seq0022.ome0025.tif,1024
-2,0.0,0.0,0.18999999999999773,0.0,0.6399999999999864,PointP19_0007_ChannelSYTO_Spheroid_Bounds_Seq0022.ome0026.tif,0,27,15,1024,433,0.0,0.00679432721827422,0.0,-1.1331679435233166,b'eLuEO5CAG02JNE+JAYaWoLRoTjidGRnp5eemAmkzvZLMNHARBvMQMMhADsUsIUEMsI/sbBBFTFBqGpWKOJAbwDaDaHCUABng6MRZuNGkqFUARUdxQWJyKrmmAQMIuaiGmm2jjyxoAynAdY1s9KFFuT6qb4ACOHwNSvF2AJshFj4=',d57536896c524e58d69dee92ab98ba2b,file:/share/data/cellprofiler/christa/20230905_190025_768/mod/PointP19_0007_ChannelSYTO_Spheroid_Bounds_Seq0022.ome0026.tif,0,0022,0,P19,nan,0026,0,0,0,0,0,/share/data/cellprofiler/christa/20230905_190025_768/mod,Done,65535,0,file:/share/data/cellprofiler/christa/20230905_190025_768/mod/PointP19_0007_ChannelSYTO_Spheroid_Bounds_Seq0022.ome0026.tif,1024
-2,0.0,0.0,0.21000000000000796,0.0,0.6300000000000097,PointP19_0007_ChannelSYTO_Spheroid_Bounds_Seq0022.ome0027.tif,0,28,15,1024,434,0.0,0.006160635073119006,0.0,-0.8814984762308197,b'eLuEO5CAG02JNE+JAYaWoLRoTjidGRnp5eemAmlzvZLMNHARBvMQMMhADsUsIUEMsI/sbBBFTFBqGpWKOJAbwDaDaHCUABng6MRZuNGkqFUARUdxQWJyKrmmAQMIuaiGmm2jjyxoAynAdY1s9KFFuT6qb4ACOHwNSvF2AJzZFj8=',76af5da53bdbdafdb75b95ea0d4aec7a,file:/share/data/cellprofiler/christa/20230905_190025_768/mod/PointP19_0007_ChannelSYTO_Spheroid_Bounds_Seq0022.ome0027.tif,0,0022,0,P19,nan,0027,0,0,0,0,0,/share/data/cellprofiler/christa/20230905_190025_768/mod,Done,65535,0,file:/share/data/cellprofiler/christa/20230905_190025_768/mod/PointP19_0007_ChannelSYTO_Spheroid_Bounds_Seq0022.ome0027.tif,1024
-2,0.0,0.0,0.18999999999999773,0.0,0.5999999999999943,PointP19_0007_ChannelSYTO_Spheroid_Bounds_Seq0022.ome0028.tif,0,29,15,1024,435,0.0,0.005466664173240747,0.0,-0.7931963446743022,b'eLuEO5CAG02JNE+JAYaWoLRoTjidGRnp5eemAmkLvZLMNHARBvMQMMhADsUsIUEMsI/sbBBFTFBqGpWKOJAbwDaDaHCUABng6MRZuNGkqFUARUdxQWJyKrmmAQMIuaiGmm2jjyxoAynAdY1s9KFFuT6qb4ACOHwNSvF2AJ6RFkA=',7ea08133334ee2f62fcb3812c858b701,file:/share/data/cellprofiler/christa/20230905_190025_768/mod/PointP19_0007_ChannelSYTO_Spheroid_Bounds_Seq0022.ome0028.tif,0,0022,0,P19,nan,0028,0,0,0,0,0,/share/data/cellprofiler/christa/20230905_190025_768/mod,Done,65535,0,file:/share/data/cellprofiler/christa/20230905_190025_768/mod/PointP19_0007_ChannelSYTO_Spheroid_Bounds_Seq0022.ome0028.tif,1024
-2,0.0,0.0,0.1699999999999875,0.0,0.6400000000000006,PointP19_0007_ChannelSYTO_Spheroid_Bounds_Seq0023.ome0000.tif,0,1,16,1024,436,0.0,5.54284174033595e-05,0.0,-0.9166396920908284,b'eLuEO5CAG02JNE+JAYaWoLRoTjidGRnr5eemgspDvZLMNHARBvMQMMhADsUsIUEMsI/sbBBFTFBqGpWKOJAbwDaDaHCUABng6MRZuNGkqFUARUdxQWJyKrmmAQMIuaiGmm2jjyxoAynAdY1s9KFFuT6qb4ACOHwNSvF2AI8fFjc=',65997976cc95a304b1750ead8a6073ef,file:/share/data/cellprofiler/christa/20230905_190025_768/mod/PointP19_0007_ChannelSYTO_Spheroid_Bounds_Seq0023.ome0000.tif,0,0023,0,P19,nan,0000,0,0,0,0,0,/share/data/cellprofiler/christa/20230905_190025_768/mod,Done,65535,0,file:/share/data/cellprofiler/christa/20230905_190025_768/mod/PointP19_0007_ChannelSYTO_Spheroid_Bounds_Seq0023.ome0000.tif,1024
-2,0.0,0.0,0.20000000000000284,0.0,0.5900000000000034,PointP19_0007_ChannelSYTO_Spheroid_Bounds_Seq0023.ome0001.tif,0,2,16,1024,437,0.0,6.409497094283285e-05,0.0,-0.9129583584184277,b'eLuEO5CAG02JNE+JAYaWoLRoTjidGRnr5eemAtUa6pVkpoGLMJiHgEEGcihmCQligH1kZ4MoYoJS06hUxIHcALYZRIOjBMgARyfOwo0mRa0CKDqKCxKTU8k1DRhAyEU11GwbfWRBG0gBrmtkow8tyvVRfQMUwOFrUIq3AwCQ1xY4',b76d4de896f2572ca8e54ffa27beaa49,file:/share/data/cellprofiler/christa/20230905_190025_768/mod/PointP19_0007_ChannelSYTO_Spheroid_Bounds_Seq0023.ome0001.tif,0,0023,0,P19,nan,0001,0,0,0,0,0,/share/data/cellprofiler/christa/20230905_190025_768/mod,Done,65535,0,file:/share/data/cellprofiler/christa/20230905_190025_768/mod/PointP19_0007_ChannelSYTO_Spheroid_Bounds_Seq0023.ome0001.tif,1024
-2,0.0,0.0,0.20999999999999375,0.0,0.6299999999999955,PointP19_0007_ChannelSYTO_Spheroid_Bounds_Seq0023.ome0002.tif,0,3,16,1024,438,0.0,7.640621745831378e-05,0.0,-0.9061358638214997,b'eLuEO5CAG02JNE+JAYaWoLRoTjidGRnr5eemAtUa6ZVkpoGLMJiHgEEGcihmCQligH1kZ4MoYoJS06hUxIHcALYZRIOjBMgARyfOwo0mRa0CKDqKCxKTU8k1DRhAyEU11GwbfWRBG0gBrmtkow8tyvVRfQMUwOFrUIq3AwCSjxY5',c4a685315b92c3829689138e09c58ef1,file:/share/data/cellprofiler/christa/20230905_190025_768/mod/PointP19_0007_ChannelSYTO_Spheroid_Bounds_Seq0023.ome0002.tif,0,0023,0,P19,nan,0002,0,0,0,0,0,/share/data/cellprofiler/christa/20230905_190025_768/mod,Done,65535,0,file:/share/data/cellprofiler/christa/20230905_190025_768/mod/PointP19_0007_ChannelSYTO_Spheroid_Bounds_Seq0023.ome0002.tif,1024
-2,0.0,0.0,0.19000000000001194,0.0,0.5699999999999932,PointP19_0007_ChannelSYTO_Spheroid_Bounds_Seq0023.ome0003.tif,0,4,16,1024,439,0.0,9.185126439880458e-05,0.0,-0.9069813107509411,b'eLuEO5CAG02JNE+JAYaWoLRoTjidGRnr5eemAtUa65VkpoGLMJiHgEEGcihmCQligH1kZ4MoYoJS06hUxIHcALYZRIOjBMgARyfOwo0mRa0CKDqKCxKTU8k1DRhAyEU11GwbfWRBG0gBrmtkow8tyvVRfQMUwOFrUIq3AwCURxY6',ab15e3ce8c5df291810274967fe4a754,file:/share/data/cellprofiler/christa/20230905_190025_768/mod/PointP19_0007_ChannelSYTO_Spheroid_Bounds_Seq0023.ome0003.tif,0,0023,0,P19,nan,0003,0,0,0,0,0,/share/data/cellprofiler/christa/20230905_190025_768/mod,Done,65535,0,file:/share/data/cellprofiler/christa/20230905_190025_768/mod/PointP19_0007_ChannelSYTO_Spheroid_Bounds_Seq0023.ome0003.tif,1024
-2,0.0,0.0,0.25,0.0,0.5799999999999983,PointP19_0007_ChannelSYTO_Spheroid_Bounds_Seq0023.ome0004.tif,0,5,16,1024,440,0.0,0.00011026996570936076,0.0,-0.9129160760659084,b'eLuEO5CAG02JNE+JAYaWoLRoTjidGRnr5eemAtWa6JVkpoGLMJiHgEEGcihmCQligH1kZ4MoYoJS06hUxIHcALYZRIOjBMgARyfOwo0mRa0CKDqKCxKTU8k1DRhAyEU11GwbfWRBG0gBrmtkow8tyvVRfQMUwOFrUIq3AwCV/xY7',f7fbb3eda0fe9bdda8525a5e91d46b37,file:/share/data/cellprofiler/christa/20230905_190025_768/mod/PointP19_0007_ChannelSYTO_Spheroid_Bounds_Seq0023.ome0004.tif,0,0023,0,P19,nan,0004,0,0,0,0,0,/share/data/cellprofiler/christa/20230905_190025_768/mod,Done,65535,0,file:/share/data/cellprofiler/christa/20230905_190025_768/mod/PointP19_0007_ChannelSYTO_Spheroid_Bounds_Seq0023.ome0004.tif,1024
-2,0.0,0.0,0.21000000000000796,0.0,0.6199999999999903,PointP19_0007_ChannelSYTO_Spheroid_Bounds_Seq0023.ome0005.tif,0,6,16,1024,441,0.0,0.0001361600173159887,0.0,-0.9076450346403855,b'eLuEO5CAG02JNE+JAYaWoLRoTjidGRnr5eemAtWa6pVkpoGLMJiHgEEGcihmCQligH1kZ4MoYoJS06hUxIHcALYZRIOjBMgARyfOwo0mRa0CKDqKCxKTU8k1DRhAyEU11GwbfWRBG0gBrmtkow8tyvVRfQMUwOFrUIq3AwCXtxY8',fcd89ca8501471b91f710addfa695521,file:/share/data/cellprofiler/christa/20230905_190025_768/mod/PointP19_0007_ChannelSYTO_Spheroid_Bounds_Seq0023.ome0005.tif,0,0023,0,P19,nan,0005,0,0,0,0,0,/share/data/cellprofiler/christa/20230905_190025_768/mod,Done,65535,0,file:/share/data/cellprofiler/christa/20230905_190025_768/mod/PointP19_0007_ChannelSYTO_Spheroid_Bounds_Seq0023.ome0005.tif,1024
-2,0.0,0.0,0.18999999999999773,0.0,0.6599999999999966,PointP19_0007_ChannelSYTO_Spheroid_Bounds_Seq0023.ome0006.tif,0,7,16,1024,442,0.0,0.00016840105584841613,0.0,-0.9131182711093824,b'eLuEO5CAG02JNE+JAYaWoLRoTjidGRnr5eemAtWa6ZVkpoGLMJiHgEEGcihmCQligH1kZ4MoYoJS06hUxIHcALYZRIOjBMgARyfOwo0mRa0CKDqKCxKTU8k1DRhAyEU11GwbfWRBG0gBrmtkow8tyvVRfQMUwOFrUIq3AwCZbxY9',ec65c2104d6fbc905c54b6e4eea68c6f,file:/share/data/cellprofiler/christa/20230905_190025_768/mod/PointP19_0007_ChannelSYTO_Spheroid_Bounds_Seq0023.ome0006.tif,0,0023,0,P19,nan,0006,0,0,0,0,0,/share/data/cellprofiler/christa/20230905_190025_768/mod,Done,65535,0,file:/share/data/cellprofiler/christa/20230905_190025_768/mod/PointP19_0007_ChannelSYTO_Spheroid_Bounds_Seq0023.ome0006.tif,1024
-2,0.0,0.0,0.25,0.0,0.5699999999999932,PointP19_0007_ChannelSYTO_Spheroid_Bounds_Seq0023.ome0007.tif,0,8,16,1024,443,0.0,0.00021050063086242352,0.0,-0.917824261471842,b'eLuEO5CAG02JNE+JAYaWoLRoTjidGRnr5eemgtTqlWSmgYswmIeAQQZyKGYJCWKAfWRngyhiglLTqFTEgdwAthlEg6MEyABHJ87CjSZFrQIoOooLEpNTyTUNGEDIRTXUbBt9ZEEbSAGua2SjDy3K9VF9AxTA4WtQircDAJsnFj4=',e22d78a2d463d880da89164da7949caa,file:/share/data/cellprofiler/christa/20230905_190025_768/mod/PointP19_0007_ChannelSYTO_Spheroid_Bounds_Seq0023.ome0007.tif,0,0023,0,P19,nan,0007,0,0,0,0,0,/share/data/cellprofiler/christa/20230905_190025_768/mod,Done,65535,0,file:/share/data/cellprofiler/christa/20230905_190025_768/mod/PointP19_0007_ChannelSYTO_Spheroid_Bounds_Seq0023.ome0007.tif,1024
-2,0.0,0.0,0.20999999999999375,0.0,0.5799999999999983,PointP19_0007_ChannelSYTO_Spheroid_Bounds_Seq0023.ome0008.tif,0,9,16,1024,444,0.0,0.0002691490665876838,0.0,-0.9129199040123112,b'eLuEO5CAG02JNE+JAYaWoLRoTjidGRnr5eemgspEvZLMNHARBvMQMMhADsUsIUEMsI/sbBBFTFBqGpWKOJAbwDaDaHCUABng6MRZuNGkqFUARUdxQWJyKrmmAQMIuaiGmm2jjyxoAynAdY1s9KFFuT6qb4ACOHwNSvF2AJzfFj8=',f9f665baacde64343601e16c4753c2f2,file:/share/data/cellprofiler/christa/20230905_190025_768/mod/PointP19_0007_ChannelSYTO_Spheroid_Bounds_Seq0023.ome0008.tif,0,0023,0,P19,nan,0008,0,0,0,0,0,/share/data/cellprofiler/christa/20230905_190025_768/mod,Done,65535,0,file:/share/data/cellprofiler/christa/20230905_190025_768/mod/PointP19_0007_ChannelSYTO_Spheroid_Bounds_Seq0023.ome0008.tif,1024
-2,0.0,0.0,0.20000000000001705,0.0,0.5999999999999943,PointP19_0007_ChannelSYTO_Spheroid_Bounds_Seq0023.ome0009.tif,0,10,16,1024,445,0.0,0.00033785195973383924,0.0,-0.9100188373394328,b'eLuEO5CAG02JNE+JAYaWoLRoTjidGRnr5eemAtVa6pVkpoGLMJiHgEEGcihmCQligH1kZ4MoYoJS06hUxIHcALYZRIOjBMgARyfOwo0mRa0CKDqKCxKTU8k1DRhAyEU11GwbfWRBG0gBrmtkow8tyvVRfQMUwOFrUIq3AwCelxZA',4f4dc7596319a7b62265d88eaddd4437,file:/share/data/cellprofiler/christa/20230905_190025_768/mod/PointP19_0007_ChannelSYTO_Spheroid_Bounds_Seq0023.ome0009.tif,0,0023,0,P19,nan,0009,0,0,0,0,0,/share/data/cellprofiler/christa/20230905_190025_768/mod,Done,65535,0,file:/share/data/cellprofiler/christa/20230905_190025_768/mod/PointP19_0007_ChannelSYTO_Spheroid_Bounds_Seq0023.ome0009.tif,1024
-2,0.0,0.0,0.21999999999998465,0.0,0.6799999999999784,PointP19_0007_ChannelSYTO_Spheroid_Bounds_Seq0023.ome0010.tif,0,11,16,1024,446,0.0,0.0004361347979195654,0.0,-0.9147396738301067,b'eLuEO5CAG02JNE+JAYaWoLRoTjidGRnr5eemAhOlgV5JZhq4CIN5CBhkIIdilpAgBthHdjaIIiYoNY1KRRzIDWCbQTQ4SoAMcHTiLNxoUtQqgKKjuCAxOZVc04ABhFxUQ8220UcWtIEU4LpGNvrQolwf1TdAARy+BqV4OwCQ2BY4',89dcae5dfc68ac973e0a0359c5bab526,file:/share/data/cellprofiler/christa/20230905_190025_768/mod/PointP19_0007_ChannelSYTO_Spheroid_Bounds_Seq0023.ome0010.tif,0,0023,0,P19,nan,0010,0,0,0,0,0,/share/data/cellprofiler/christa/20230905_190025_768/mod,Done,65535,0,file:/share/data/cellprofiler/christa/20230905_190025_768/mod/PointP19_0007_ChannelSYTO_Spheroid_Bounds_Seq0023.ome0010.tif,1024
-2,0.0,0.0,0.21000000000000796,0.0,0.6000000000000085,PointP19_0007_ChannelSYTO_Spheroid_Bounds_Seq0023.ome0011.tif,0,12,16,1024,447,0.0,0.0005636188025441248,0.0,-0.9006576911741667,b'eLuEO5CAG02JNE+JAYaWoLRoTjidGRnr5eemAhOloV5JZhq4CIN5CBhkIIdilpAgBthHdjaIIiYoNY1KRRzIDWCbQTQ4SoAMcHTiLNxoUtQqgKKjuCAxOZVc04ABhFxUQ8220UcWtIEU4LpGNvrQolwf1TdAARy+BqV4OwCSkBY5',b769c4bd09ad10fd19eefda933df36a9,file:/share/data/cellprofiler/christa/20230905_190025_768/mod/PointP19_0007_ChannelSYTO_Spheroid_Bounds_Seq0023.ome0011.tif,0,0023,0,P19,nan,0011,0,0,0,0,0,/share/data/cellprofiler/christa/20230905_190025_768/mod,Done,65535,0,file:/share/data/cellprofiler/christa/20230905_190025_768/mod/PointP19_0007_ChannelSYTO_Spheroid_Bounds_Seq0023.ome0011.tif,1024
-2,0.0,0.0,0.19999999999998863,0.0,0.5799999999999983,PointP19_0007_ChannelSYTO_Spheroid_Bounds_Seq0023.ome0012.tif,0,13,16,1024,448,0.0,0.0007402897994497765,0.0,-0.9113083715743667,b'eLuEO5CAG02JNE+JAYaWoLRoTjidGRnr5eemAhOlkV5JZhq4CIN5CBhkIIdilpAgBthHdjaIIiYoNY1KRRzIDWCbQTQ4SoAMcHTiLNxoUtQqgKKjuCAxOZVc04ABhFxUQ8220UcWtIEU4LpGNvrQolwf1TdAARy+BqV4OwCUSBY6',a5b05df77441496dfa36708e479bd49b,file:/share/data/cellprofiler/christa/20230905_190025_768/mod/PointP19_0007_ChannelSYTO_Spheroid_Bounds_Seq0023.ome0012.tif,0,0023,0,P19,nan,0012,0,0,0,0,0,/share/data/cellprofiler/christa/20230905_190025_768/mod,Done,65535,0,file:/share/data/cellprofiler/christa/20230905_190025_768/mod/PointP19_0007_ChannelSYTO_Spheroid_Bounds_Seq0023.ome0012.tif,1024
-2,0.0,0.0,0.18000000000000682,0.0,0.5900000000000034,PointP19_0007_ChannelSYTO_Spheroid_Bounds_Seq0023.ome0013.tif,0,14,16,1024,449,0.0,0.000965287643239694,0.0,-0.9539405605190424,b'eLuEO5CAG02JNE+JAYaWoLRoTjidGRnr5eemAhOlsV5JZhq4CIN5CBhkIIdilpAgBthHdjaIIiYoNY1KRRzIDWCbQTQ4SoAMcHTiLNxoUtQqgKKjuCAxOZVc04ABhFxUQ8220UcWtIEU4LpGNvrQolwf1TdAARy+BqV4OwCWABY7',bf1d5d372fcc996aa4ffde980b313395,file:/share/data/cellprofiler/christa/20230905_190025_768/mod/PointP19_0007_ChannelSYTO_Spheroid_Bounds_Seq0023.ome0013.tif,0,0023,0,P19,nan,0013,0,0,0,0,0,/share/data/cellprofiler/christa/20230905_190025_768/mod,Done,65535,0,file:/share/data/cellprofiler/christa/20230905_190025_768/mod/PointP19_0007_ChannelSYTO_Spheroid_Bounds_Seq0023.ome0013.tif,1024
-2,0.0,0.0,0.1700000000000017,0.0,0.6000000000000085,PointP19_0007_ChannelSYTO_Spheroid_Bounds_Seq0023.ome0014.tif,0,15,16,1024,450,0.0,0.0012779883020863374,0.0,-1.0019150236154453,b'eLuEO5CAG02JNE+JAYaWoLRoTjidGRnr5eemghKlXklmGrgIg3kIGGQgh2KWkCAG2Ed2NogiJig1jUpFHMgNYJtBNDhKgAxwdOIs3GhS1CqAoqO4IDE5lVzTgAGEXFRDzbbRRxa0gRTgukY2+tCiXB/VN0ABHL4GpXg7AJe4Fjw=',bada867529f7e5dd2ea7e462e95fd1e4,file:/share/data/cellprofiler/christa/20230905_190025_768/mod/PointP19_0007_ChannelSYTO_Spheroid_Bounds_Seq0023.ome0014.tif,0,0023,0,P19,nan,0014,0,0,0,0,0,/share/data/cellprofiler/christa/20230905_190025_768/mod,Done,65535,0,file:/share/data/cellprofiler/christa/20230905_190025_768/mod/PointP19_0007_ChannelSYTO_Spheroid_Bounds_Seq0023.ome0014.tif,1024
-2,0.0,0.0,0.18000000000000682,0.0,0.5600000000000023,PointP19_0007_ChannelSYTO_Spheroid_Bounds_Seq0023.ome0015.tif,0,16,16,1024,451,0.0,0.0016645132778048317,0.0,-1.0306999068037397,b'eLuEO5CAG02JNE+JAYaWoLRoTjidGRnr5eemAhOlqV5JZhq4CIN5CBhkIIdilpAgBthHdjaIIiYoNY1KRRzIDWCbQTQ4SoAMcHTiLNxoUtQqgKKjuCAxOZVc04ABhFxUQ8220UcWtIEU4LpGNvrQolwf1TdAARy+BqV4OwCZcBY9',a05e18e567db8033bed87650f42c7266,file:/share/data/cellprofiler/christa/20230905_190025_768/mod/PointP19_0007_ChannelSYTO_Spheroid_Bounds_Seq0023.ome0015.tif,0,0023,0,P19,nan,0015,0,0,0,0,0,/share/data/cellprofiler/christa/20230905_190025_768/mod,Done,65535,0,file:/share/data/cellprofiler/christa/20230905_190025_768/mod/PointP19_0007_ChannelSYTO_Spheroid_Bounds_Seq0023.ome0015.tif,1024
-2,0.0,0.0,0.18999999999999773,0.0,0.5699999999999932,PointP19_0007_ChannelSYTO_Spheroid_Bounds_Seq0023.ome0016.tif,0,17,16,1024,452,0.0,0.0021912199768464864,0.0,-1.0948187818480457,b'eLuEO5CAG02JNE+JAYaWoLRoTjidGRnr5eemAhOlmV5JZhq4CIN5CBhkIIdilpAgBthHdjaIIiYoNY1KRRzIDWCbQTQ4SoAMcHTiLNxoUtQqgKKjuCAxOZVc04ABhFxUQ8220UcWtIEU4LpGNvrQolwf1TdAARy+BqV4OwCbKBY+',09adcbde4feaec01cb9c084b86732b12,file:/share/data/cellprofiler/christa/20230905_190025_768/mod/PointP19_0007_ChannelSYTO_Spheroid_Bounds_Seq0023.ome0016.tif,0,0023,0,P19,nan,0016,0,0,0,0,0,/share/data/cellprofiler/christa/20230905_190025_768/mod,Done,65535,0,file:/share/data/cellprofiler/christa/20230905_190025_768/mod/PointP19_0007_ChannelSYTO_Spheroid_Bounds_Seq0023.ome0016.tif,1024
-2,0.0,0.0,0.25,0.0,0.6299999999999955,PointP19_0007_ChannelSYTO_Spheroid_Bounds_Seq0023.ome0017.tif,0,18,16,1024,453,0.0,0.0028391224737779144,0.0,-1.2222742313497381,b'eLuEO5CAG02JNE+JAYaWoLRoTjidGRnr5eemAhOluV5JZhq4CIN5CBhkIIdilpAgBthHdjaIIiYoNY1KRRzIDWCbQTQ4SoAMcHTiLNxoUtQqgKKjuCAxOZVc04ABhFxUQ8220UcWtIEU4LpGNvrQolwf1TdAARy+BqV4OwCc4BY/',550c28bc4051541e12214f497ee31a3b,file:/share/data/cellprofiler/christa/20230905_190025_768/mod/PointP19_0007_ChannelSYTO_Spheroid_Bounds_Seq0023.ome0017.tif,0,0023,0,P19,nan,0017,0,0,0,0,0,/share/data/cellprofiler/christa/20230905_190025_768/mod,Done,65535,0,file:/share/data/cellprofiler/christa/20230905_190025_768/mod/PointP19_0007_ChannelSYTO_Spheroid_Bounds_Seq0023.ome0017.tif,1024
-2,0.0,0.0,0.38000000000000966,0.0,0.769999999999996,PointP19_0007_ChannelSYTO_Spheroid_Bounds_Seq0023.ome0018.tif,0,19,16,1024,454,0.0,0.00358597443741636,0.0,-1.4438373797350061,b'eLuEO5CAG02JNE+JAYaWoLRoTjidGRnr5eemAhOlhV5JZhq4CIN5CBhkIIdilpAgBthHdjaIIiYoNY1KRRzIDWCbQTQ4SoAMcHTiLNxoUtQqgKKjuCAxOZVc04ABhFxUQ8220UcWtIEU4LpGNvrQolwf1TdAARy+BqV4OwCemBZA',2502e3e69e10d3a7f645c199834ab14f,file:/share/data/cellprofiler/christa/20230905_190025_768/mod/PointP19_0007_ChannelSYTO_Spheroid_Bounds_Seq0023.ome0018.tif,0,0023,0,P19,nan,0018,0,0,0,0,0,/share/data/cellprofiler/christa/20230905_190025_768/mod,Done,65535,0,file:/share/data/cellprofiler/christa/20230905_190025_768/mod/PointP19_0007_ChannelSYTO_Spheroid_Bounds_Seq0023.ome0018.tif,1024
-2,0.0,0.0,0.23999999999999488,0.0,0.6899999999999977,PointP19_0007_ChannelSYTO_Spheroid_Bounds_Seq0023.ome0019.tif,0,20,16,1024,455,0.0,0.0053333481683073255,0.0,-2.31392448124049,b'eLuEO5CAG02JNE+JAYaWoLRoTjidGRnr5eemAhOlpV5JZhq4CIN5CBhkIIdilpAgBthHdjaIIiYoNY1KRRzIDWCbQTQ4SoAMcHTiLNxoUtQqgKKjuCAxOZVc04ABhFxUQ8220UcWtIEU4LpGNvrQolwf1TdAARy+BqV4OwCgUBZB',7879f1e4249cdb0019310946e8ef4bfb,file:/share/data/cellprofiler/christa/20230905_190025_768/mod/PointP19_0007_ChannelSYTO_Spheroid_Bounds_Seq0023.ome0019.tif,0,0023,0,P19,nan,0019,0,0,0,0,0,/share/data/cellprofiler/christa/20230905_190025_768/mod,Done,65535,0,file:/share/data/cellprofiler/christa/20230905_190025_768/mod/PointP19_0007_ChannelSYTO_Spheroid_Bounds_Seq0023.ome0019.tif,1024
-2,0.0,0.0,0.27000000000001023,0.0,0.7400000000000091,PointP19_0007_ChannelSYTO_Spheroid_Bounds_Seq0023.ome0020.tif,0,21,16,1024,456,0.0,0.009195972781620505,0.0,-2.243049547228189,b'eLuEO5CAG02JNE+JAYaWoLRoTjidGRnr5eemAmkDvZLMNHARBvMQMMhADsUsIUEMsI/sbBBFTFBqGpWKOJAbwDaDaHCUABng6MRZuNGkqFUARUdxQWJyKrmmAQMIuaiGmm2jjyxoAynAdY1s9KFFuT6qb4ACOHwNSvF2AJKRFjk=',858a6cf014e618ec0c555a6ee28faf1a,file:/share/data/cellprofiler/christa/20230905_190025_768/mod/PointP19_0007_ChannelSYTO_Spheroid_Bounds_Seq0023.ome0020.tif,0,0023,0,P19,nan,0020,0,0,0,0,0,/share/data/cellprofiler/christa/20230905_190025_768/mod,Done,65535,0,file:/share/data/cellprofiler/christa/20230905_190025_768/mod/PointP19_0007_ChannelSYTO_Spheroid_Bounds_Seq0023.ome0020.tif,1024
-2,0.0,0.0,0.21999999999999886,0.0,0.6200000000000045,PointP19_0007_ChannelSYTO_Spheroid_Bounds_Seq0023.ome0021.tif,0,22,16,1024,457,0.0,0.009436803296902609,0.0,-2.5872745070465,b'eLuEO5CAG02JNE+JAYaWoLRoTjidGRnr5eemAmlDvZLMNHARBvMQMMhADsUsIUEMsI/sbBBFTFBqGpWKOJAbwDaDaHCUABng6MRZuNGkqFUARUdxQWJyKrmmAQMIuaiGmm2jjyxoAynAdY1s9KFFuT6qb4ACOHwNSvF2AJRJFjo=',a72814c0df193b1586004044bfcbe279,file:/share/data/cellprofiler/christa/20230905_190025_768/mod/PointP19_0007_ChannelSYTO_Spheroid_Bounds_Seq0023.ome0021.tif,0,0023,0,P19,nan,0021,0,0,0,0,0,/share/data/cellprofiler/christa/20230905_190025_768/mod,Done,65535,0,file:/share/data/cellprofiler/christa/20230905_190025_768/mod/PointP19_0007_ChannelSYTO_Spheroid_Bounds_Seq0023.ome0021.tif,1024
-2,0.0,0.0,0.17000000000001592,0.0,0.6099999999999852,PointP19_0007_ChannelSYTO_Spheroid_Bounds_Seq0023.ome0022.tif,0,23,16,1024,458,0.0,0.008921457541509727,0.0,-2.7014264885967183,b'eLuEO5CAG02JNE+JAYaWoLRoTjidGRnr5eemAmkjvZLMNHARBvMQMMhADsUsIUEMsI/sbBBFTFBqGpWKOJAbwDaDaHCUABng6MRZuNGkqFUARUdxQWJyKrmmAQMIuaiGmm2jjyxoAynAdY1s9KFFuT6qb4ACOHwNSvF2AJYBFjs=',bdfcb16868ec2bef167dad9b108a0395,file:/share/data/cellprofiler/christa/20230905_190025_768/mod/PointP19_0007_ChannelSYTO_Spheroid_Bounds_Seq0023.ome0022.tif,0,0023,0,P19,nan,0022,0,0,0,0,0,/share/data/cellprofiler/christa/20230905_190025_768/mod,Done,65535,0,file:/share/data/cellprofiler/christa/20230905_190025_768/mod/PointP19_0007_ChannelSYTO_Spheroid_Bounds_Seq0023.ome0022.tif,1024
-2,0.0,0.0,0.2600000000000051,0.0,0.7299999999999898,PointP19_0007_ChannelSYTO_Spheroid_Bounds_Seq0023.ome0023.tif,0,24,16,1024,459,0.0,0.008386286733488433,0.0,-2.5001078193953337,b'eLuEO5CAG02JNE+JAYaWoLRoTjidGRnr5eemgumSzDRwEQbzEDDIQA7FLCFBDLCP7GwQRUxQahqVijiQG8A2g2hwlAAZ4OjEWbjRpKhVAEVHcUFiciq5pgEDCLmohppto48saAMpwHWNbPShRbk+qm+AAjh8DUrxdgCXuRY8',3aa2c1aaa33d216e4f0ab8b72f36bc79,file:/share/data/cellprofiler/christa/20230905_190025_768/mod/PointP19_0007_ChannelSYTO_Spheroid_Bounds_Seq0023.ome0023.tif,0,0023,0,P19,nan,0023,0,0,0,0,0,/share/data/cellprofiler/christa/20230905_190025_768/mod,Done,65535,0,file:/share/data/cellprofiler/christa/20230905_190025_768/mod/PointP19_0007_ChannelSYTO_Spheroid_Bounds_Seq0023.ome0023.tif,1024
-2,0.0,0.0,0.21000000000000796,0.0,0.589999999999975,PointP19_0007_ChannelSYTO_Spheroid_Bounds_Seq0023.ome0024.tif,0,25,16,1024,460,0.0,0.008013518644814612,0.0,-2.081508787687762,b'eLuEO5CAG02JNE+JAYaWoLRoTjidGRnr5eemAmkTvZLMNHARBvMQMMhADsUsIUEMsI/sbBBFTFBqGpWKOJAbwDaDaHCUABng6MRZuNGkqFUARUdxQWJyKrmmAQMIuaiGmm2jjyxoAynAdY1s9KFFuT6qb4ACOHwNSvF2AJlxFj0=',6a11470ddc6049451c64cb12ab56ddac,file:/share/data/cellprofiler/christa/20230905_190025_768/mod/PointP19_0007_ChannelSYTO_Spheroid_Bounds_Seq0023.ome0024.tif,0,0023,0,P19,nan,0024,0,0,0,0,0,/share/data/cellprofiler/christa/20230905_190025_768/mod,Done,65535,0,file:/share/data/cellprofiler/christa/20230905_190025_768/mod/PointP19_0007_ChannelSYTO_Spheroid_Bounds_Seq0023.ome0024.tif,1024
-2,0.0,0.0,0.20999999999997954,0.0,0.7699999999999818,PointP19_0007_ChannelSYTO_Spheroid_Bounds_Seq0023.ome0025.tif,0,26,16,1024,461,0.0,0.007429237229044799,0.0,-1.549648129104959,b'eLuEO5CAG02JNE+JAYaWoLRoTjidGRnr5eemgkzQK8lMAxdhMA8BgwzkUMwSEsQA+8jOBlHEBKWmUamIA7kBbDOIBkcJkAGOTpyFG02KWgVQdBQXJCankmsaMICQi2qo2Tb6yII2kAJc18hGH1qU66P6BiiAw9egFG8HAJspFj4=',0983f44dd069cbf295efd8cfaac309b2,file:/share/data/cellprofiler/christa/20230905_190025_768/mod/PointP19_0007_ChannelSYTO_Spheroid_Bounds_Seq0023.ome0025.tif,0,0023,0,P19,nan,0025,0,0,0,0,0,/share/data/cellprofiler/christa/20230905_190025_768/mod,Done,65535,0,file:/share/data/cellprofiler/christa/20230905_190025_768/mod/PointP19_0007_ChannelSYTO_Spheroid_Bounds_Seq0023.ome0025.tif,1024
-2,0.0,0.0,0.2300000000000182,0.0,0.7300000000000182,PointP19_0007_ChannelSYTO_Spheroid_Bounds_Seq0023.ome0026.tif,0,27,16,1024,462,0.0,0.00679432721827422,0.0,-1.1331679435233166,b'eLuEO5CAG02JNE+JAYaWoLRoTjidGRnr5eemAmkzvZLMNHARBvMQMMhADsUsIUEMsI/sbBBFTFBqGpWKOJAbwDaDaHCUABng6MRZuNGkqFUARUdxQWJyKrmmAQMIuaiGmm2jjyxoAynAdY1s9KFFuT6qb4ACOHwNSvF2AJzhFj8=',d57536896c524e58d69dee92ab98ba2b,file:/share/data/cellprofiler/christa/20230905_190025_768/mod/PointP19_0007_ChannelSYTO_Spheroid_Bounds_Seq0023.ome0026.tif,0,0023,0,P19,nan,0026,0,0,0,0,0,/share/data/cellprofiler/christa/20230905_190025_768/mod,Done,65535,0,file:/share/data/cellprofiler/christa/20230905_190025_768/mod/PointP19_0007_ChannelSYTO_Spheroid_Bounds_Seq0023.ome0026.tif,1024
-2,0.0,0.0,0.25,0.0,0.6299999999999955,PointP19_0007_ChannelSYTO_Spheroid_Bounds_Seq0023.ome0027.tif,0,28,16,1024,463,0.0,0.006160635073119006,0.0,-0.8814984762308197,b'eLuEO5CAG02JNE+JAYaWoLRoTjidGRnr5eemAmlzvZLMNHARBvMQMMhADsUsIUEMsI/sbBBFTFBqGpWKOJAbwDaDaHCUABng6MRZuNGkqFUARUdxQWJyKrmmAQMIuaiGmm2jjyxoAynAdY1s9KFFuT6qb4ACOHwNSvF2AJ6ZFkA=',76af5da53bdbdafdb75b95ea0d4aec7a,file:/share/data/cellprofiler/christa/20230905_190025_768/mod/PointP19_0007_ChannelSYTO_Spheroid_Bounds_Seq0023.ome0027.tif,0,0023,0,P19,nan,0027,0,0,0,0,0,/share/data/cellprofiler/christa/20230905_190025_768/mod,Done,65535,0,file:/share/data/cellprofiler/christa/20230905_190025_768/mod/PointP19_0007_ChannelSYTO_Spheroid_Bounds_Seq0023.ome0027.tif,1024
-2,0.0,0.0,0.18999999999999773,0.0,0.5900000000000034,PointP19_0007_ChannelSYTO_Spheroid_Bounds_Seq0023.ome0028.tif,0,29,16,1024,464,0.0,0.005466664173240747,0.0,-0.7931963446743022,b'eLuEO5CAG02JNE+JAYaWoLRoTjidGRnr5eemAmkLvZLMNHARBvMQMMhADsUsIUEMsI/sbBBFTFBqGpWKOJAbwDaDaHCUABng6MRZuNGkqFUARUdxQWJyKrmmAQMIuaiGmm2jjyxoAynAdY1s9KFFuT6qb4ACOHwNSvF2AKBRFkE=',7ea08133334ee2f62fcb3812c858b701,file:/share/data/cellprofiler/christa/20230905_190025_768/mod/PointP19_0007_ChannelSYTO_Spheroid_Bounds_Seq0023.ome0028.tif,0,0023,0,P19,nan,0028,0,0,0,0,0,/share/data/cellprofiler/christa/20230905_190025_768/mod,Done,65535,0,file:/share/data/cellprofiler/christa/20230905_190025_768/mod/PointP19_0007_ChannelSYTO_Spheroid_Bounds_Seq0023.ome0028.tif,1024
